
> dossiq@0.1.0 build
> NODE_ENV=production webpack --config webpack.config.js --progress

Building dossiq 0.1.0 

<s> [webpack.Progress] 0% 

<s> [webpack.Progress] 1% setup before run
<s> [webpack.Progress] 1% setup before run NodeEnvironmentPlugin
<s> [webpack.Progress] 1% setup before run
<s> [webpack.Progress] 2% setup run
<s> [webpack.Progress] 2% setup run webpack-cli
<s> [webpack.Progress] 2% setup run
<s> [webpack.Progress] 4% setup normal module factory
<s> [webpack.Progress] 4% setup normal module factory
<s> [webpack.Progress] 5% setup context module factory
<s> [webpack.Progress] 5% setup context module factory
<s> [webpack.Progress] 6% setup before compile
<s> [webpack.Progress] 6% setup before compile
<s> [webpack.Progress] 7% setup compile
<s> [webpack.Progress] 7% setup compile ExternalsPlugin
<s> [webpack.Progress] 7% setup compile
<s> [webpack.Progress] 8% setup compilation
<s> [webpack.Progress] 8% setup compilation ArrayPushCallbackChunkFormatPlugin
<s> [webpack.Progress] 8% setup compilation JsonpChunkLoadingPlugin
<s> [webpack.Progress] 8% setup compilation StartupChunkDependenciesPlugin
<s> [webpack.Progress] 8% setup compilation ImportScriptsChunkLoadingPlugin
<s> [webpack.Progress] 8% setup compilation WorkerAndWorkletPlugin
<s> [webpack.Progress] 8% setup compilation SplitChunksPlugin
<s> [webpack.Progress] 8% setup compilation ResolverCachePlugin
<s> [webpack.Progress] 8% setup compilation
<s> [webpack.Progress] 9% setup compilation
<s> [webpack.Progress] 9% setup compilation ProgressPlugin
<s> [webpack.Progress] 9% setup compilation vue-loader-plugin
<s> [webpack.Progress] 9% setup compilation DefinePlugin
<s> [webpack.Progress] 9% setup compilation DefinePlugin
<s> [webpack.Progress] 9% setup compilation ExternalsPlugin
<s> [webpack.Progress] 9% setup compilation ChunkPrefetchPreloadPlugin
<s> [webpack.Progress] 9% setup compilation ResourceHintPlugin
<s> [webpack.Progress] 9% setup compilation SourceMapDevToolPlugin
<s> [webpack.Progress] 9% setup compilation JavascriptModulesPlugin
<s> [webpack.Progress] 9% setup compilation JsonModulesPlugin
<s> [webpack.Progress] 9% setup compilation AssetModulesPlugin
<s> [webpack.Progress] 9% setup compilation EntryPlugin
<s> [webpack.Progress] 9% setup compilation EntryPlugin
<s> [webpack.Progress] 9% setup compilation EntryPlugin
<s> [webpack.Progress] 9% setup compilation EntryPlugin
<s> [webpack.Progress] 9% setup compilation EntryPlugin
<s> [webpack.Progress] 9% setup compilation EntryPlugin
<s> [webpack.Progress] 9% setup compilation EntryPlugin
<s> [webpack.Progress] 9% setup compilation EntryPlugin
<s> [webpack.Progress] 9% setup compilation EntryPlugin
<s> [webpack.Progress] 9% setup compilation EntryPlugin
<s> [webpack.Progress] 9% setup compilation EntryPlugin
<s> [webpack.Progress] 9% setup compilation RuntimePlugin
<s> [webpack.Progress] 9% setup compilation InferAsyncModulesPlugin
<s> [webpack.Progress] 9% setup compilation DataUriPlugin
<s> [webpack.Progress] 9% setup compilation FileUriPlugin
<s> [webpack.Progress] 9% setup compilation CompatibilityPlugin
<s> [webpack.Progress] 9% setup compilation HarmonyModulesPlugin
<s> [webpack.Progress] 9% setup compilation AMDPlugin
<s> [webpack.Progress] 9% setup compilation RequireJsStuffPlugin
<s> [webpack.Progress] 9% setup compilation CommonJsPlugin
<s> [webpack.Progress] 9% setup compilation LoaderPlugin
<s> [webpack.Progress] 9% setup compilation LoaderPlugin
<s> [webpack.Progress] 9% setup compilation NodeStuffPlugin
<s> [webpack.Progress] 9% setup compilation APIPlugin
<s> [webpack.Progress] 9% setup compilation ExportsInfoApiPlugin
<s> [webpack.Progress] 9% setup compilation WebpackIsIncludedPlugin
<s> [webpack.Progress] 9% setup compilation ConstPlugin
<s> [webpack.Progress] 9% setup compilation UseStrictPlugin
<s> [webpack.Progress] 9% setup compilation RequireIncludePlugin
<s> [webpack.Progress] 9% setup compilation RequireEnsurePlugin
<s> [webpack.Progress] 9% setup compilation RequireContextPlugin
<s> [webpack.Progress] 9% setup compilation ImportPlugin
<s> [webpack.Progress] 9% setup compilation ImportMetaContextPlugin
<s> [webpack.Progress] 9% setup compilation SystemPlugin
<s> [webpack.Progress] 9% setup compilation ImportMetaPlugin
<s> [webpack.Progress] 9% setup compilation URLPlugin
<s> [webpack.Progress] 9% setup compilation DefaultStatsFactoryPlugin
<s> [webpack.Progress] 9% setup compilation DefaultStatsPresetPlugin
<s> [webpack.Progress] 9% setup compilation DefaultStatsPrinterPlugin
<s> [webpack.Progress] 9% setup compilation JavascriptMetaInfoPlugin
<s> [webpack.Progress] 9% setup compilation EnsureChunkConditionsPlugin
<s> [webpack.Progress] 9% setup compilation RemoveEmptyChunksPlugin
<s> [webpack.Progress] 9% setup compilation MergeDuplicateChunksPlugin
<s> [webpack.Progress] 9% setup compilation FlagIncludedChunksPlugin
<s> [webpack.Progress] 9% setup compilation SideEffectsFlagPlugin
<s> [webpack.Progress] 9% setup compilation FlagDependencyExportsPlugin
<s> [webpack.Progress] 9% setup compilation FlagDependencyUsagePlugin
<s> [webpack.Progress] 9% setup compilation InnerGraphPlugin
<s> [webpack.Progress] 9% setup compilation CircularModulesPlugin
<s> [webpack.Progress] 9% setup compilation ConstExportsPlugin
<s> [webpack.Progress] 9% setup compilation MangleExportsPlugin
<s> [webpack.Progress] 9% setup compilation ModuleConcatenationPlugin
<s> [webpack.Progress] 9% setup compilation NoEmitOnErrorsPlugin
<s> [webpack.Progress] 9% setup compilation RealContentHashPlugin
<s> [webpack.Progress] 9% setup compilation WasmFinalizeExportsPlugin
<s> [webpack.Progress] 9% setup compilation DeterministicModuleIdsPlugin
<s> [webpack.Progress] 9% setup compilation NamedChunkIdsPlugin
<s> [webpack.Progress] 9% setup compilation DefinePlugin
<s> [webpack.Progress] 9% setup compilation TerserPlugin
<s> [webpack.Progress] 9% setup compilation TemplatedPathPlugin
<s> [webpack.Progress] 9% setup compilation RecordIdsPlugin
<s> [webpack.Progress] 9% setup compilation WarnCaseSensitiveModulesPlugin
<s> [webpack.Progress] 9% setup compilation
<s> [webpack.Progress] 10% building
<s> [webpack.Progress] 10% building 0/1 entries 0/0 dependencies 0/0 modules
<s> [webpack.Progress] 10% building import loader ./node_modules/vue-loader/dist/index.js
<s> [webpack.Progress] 10% building 0/11 entries 196/284 dependencies 3/165 modules
<s> [webpack.Progress] 10% building import loader ./node_modules/style-loader/dist/cjs.js
<s> [webpack.Progress] 10% building import loader ./node_modules/css-loader/dist/cjs.js
<s> [webpack.Progress] 10% building 0/11 entries 267/284 dependencies 3/233 modules
<s> [webpack.Progress] 10% building import loader ./node_modules/vue-loader/dist/pitcher.js
<s> [webpack.Progress] 10% building 0/11 entries 849/854 dependencies 6/639 modules
<s> [webpack.Progress] 10% building import loader ./node_modules/vue-loader/dist/templateLoader.js
<s> [webpack.Progress] 10% building 0/11 entries 849/854 dependencies 6/639 modules
<s> [webpack.Progress] 10% building import loader ./node_modules/sass-loader/dist/cjs.js
<s> [webpack.Progress] 10% building 0/11 entries 1367/1421 dependencies 20/1103 modules
<s> [webpack.Progress] 10% building import loader ./node_modules/vue-loader/dist/stylePostLoader.js
<s> [webpack.Progress] 10% building 0/11 entries 1367/1421 dependencies 20/1103 modules
<s> [webpack.Progress] 15% building 0/11 entries 1933/1970 dependencies 500/1254 modules
<s> [webpack.Progress] 18% building 0/11 entries 2300/2498 dependencies 761/1421 modules
<s> [webpack.Progress] 20% building 0/11 entries 2632/2700 dependencies 958/1621 modules
<s> [webpack.Progress] 21% building 0/11 entries 3445/3509 dependencies 1032/2100 modules
<s> [webpack.Progress] 22% building 0/11 entries 4684/4700 dependencies 1148/2697 modules
<s> [webpack.Progress] 24% building 0/11 entries 5713/5816 dependencies 1287/3100 modules
<s> [webpack.Progress] 27% building 0/11 entries 7007/7100 dependencies 1582/3745 modules
<s> [webpack.Progress] 33% building 0/11 entries 7767/7800 dependencies 2091/4061 modules
<s> [webpack.Progress] 34% building 1/11 entries 8090/8326 dependencies 2215/4139 modules
<s> [webpack.Progress] 34% building 2/11 entries 8090/8326 dependencies 2216/4139 modules
<s> [webpack.Progress] 34% building 3/11 entries 8090/8326 dependencies 2217/4139 modules
<s> [webpack.Progress] 34% building 4/11 entries 8090/8326 dependencies 2218/4139 modules
<s> [webpack.Progress] 37% building 4/11 entries 9000/9162 dependencies 2513/4299 modules
<s> [webpack.Progress] 41% building 4/11 entries 9687/9687 dependencies 2900/4358 modules
<s> [webpack.Progress] 44% building 4/11 entries 10760/10800 dependencies 3196/5056 modules
<s> [webpack.Progress] 53% building 4/11 entries 12100/12109 dependencies 4134/5279 modules
<s> [webpack.Progress] 53% building 5/11 entries 12197/12349 dependencies 4221/5342 modules
<s> [webpack.Progress] 59% building 6/11 entries 12649/12709 dependencies 4940/5499 modules
<s> [webpack.Progress] 62% building 6/11 entries 13435/13483 dependencies 5500/5785 modules
<s> [webpack.Progress] 63% building 7/11 entries 13676/13708 dependencies 5751/5882 modules
<s> [webpack.Progress] 64% building 8/11 entries 13789/13789 dependencies 5897/5922 modules
<s> [webpack.Progress] 64% building 9/11 entries 13789/13789 dependencies 5898/5922 modules
<s> [webpack.Progress] 64% building 10/11 entries 13789/13789 dependencies 5916/5922 modules
<s> [webpack.Progress] 65% building 11/11 entries 13789/13789 dependencies 5922/5922 modules
<s> [webpack.Progress] 65% building
<s> [webpack.Progress] 69% building finish
<s> [webpack.Progress] 69% building finish
<s> [webpack.Progress] 70% sealing finish module graph
<s> [webpack.Progress] 70% sealing finish module graph ResolverCachePlugin
<s> [webpack.Progress] 70% sealing finish module graph InferAsyncModulesPlugin
<s> [webpack.Progress] 70% sealing finish module graph FlagDependencyExportsPlugin
<s> [webpack.Progress] 70% sealing finish module graph InnerGraphPlugin
<s> [webpack.Progress] 70% sealing finish module graph WasmFinalizeExportsPlugin
<s> [webpack.Progress] 70% sealing finish module graph
<s> [webpack.Progress] 70% sealing plugins
<s> [webpack.Progress] 70% sealing plugins WarnCaseSensitiveModulesPlugin
<s> [webpack.Progress] 70% sealing plugins
<s> [webpack.Progress] 71% sealing dependencies optimization
<s> [webpack.Progress] 71% sealing dependencies optimization SideEffectsFlagPlugin
<s> [webpack.Progress] 71% sealing dependencies optimization FlagDependencyUsagePlugin
<s> [webpack.Progress] 71% sealing dependencies optimization ConstExportsPlugin
<s> [webpack.Progress] 71% sealing dependencies optimization
<s> [webpack.Progress] 71% sealing after dependencies optimization
<s> [webpack.Progress] 71% sealing after dependencies optimization
<s> [webpack.Progress] 72% sealing chunk graph
<s> [webpack.Progress] 72% sealing chunk graph
<s> [webpack.Progress] 73% sealing after chunk graph
<s> [webpack.Progress] 73% sealing after chunk graph
<s> [webpack.Progress] 73% sealing optimizing
<s> [webpack.Progress] 73% sealing optimizing
<s> [webpack.Progress] 74% sealing module optimization
<s> [webpack.Progress] 74% sealing module optimization CircularModulesPlugin
<s> [webpack.Progress] 74% sealing module optimization
<s> [webpack.Progress] 75% sealing after module optimization
<s> [webpack.Progress] 75% sealing after module optimization
<s> [webpack.Progress] 75% sealing chunk optimization
<s> [webpack.Progress] 75% sealing chunk optimization EnsureChunkConditionsPlugin
<s> [webpack.Progress] 75% sealing chunk optimization RemoveEmptyChunksPlugin
<s> [webpack.Progress] 75% sealing chunk optimization MergeDuplicateChunksPlugin
<s> [webpack.Progress] 75% sealing chunk optimization SplitChunksPlugin
<s> [webpack.Progress] 75% sealing chunk optimization RemoveEmptyChunksPlugin
<s> [webpack.Progress] 75% sealing chunk optimization
<s> [webpack.Progress] 76% sealing after chunk optimization
<s> [webpack.Progress] 76% sealing after chunk optimization
<s> [webpack.Progress] 77% sealing module and chunk tree optimization
<s> [webpack.Progress] 77% sealing module and chunk tree optimization
<s> [webpack.Progress] 77% sealing after module and chunk tree optimization
<s> [webpack.Progress] 77% sealing after module and chunk tree optimization
<s> [webpack.Progress] 78% sealing chunk modules optimization
<s> [webpack.Progress] 78% sealing chunk modules optimization ModuleConcatenationPlugin
<s> [webpack.Progress] 78% sealing chunk modules optimization
<s> [webpack.Progress] 78% sealing after chunk modules optimization
<s> [webpack.Progress] 78% sealing after chunk modules optimization
<s> [webpack.Progress] 79% sealing module reviving
<s> [webpack.Progress] 79% sealing module reviving RecordIdsPlugin
<s> [webpack.Progress] 79% sealing module reviving
<s> [webpack.Progress] 80% sealing before module ids
<s> [webpack.Progress] 80% sealing before module ids
<s> [webpack.Progress] 80% sealing module ids
<s> [webpack.Progress] 80% sealing module ids DeterministicModuleIdsPlugin
<s> [webpack.Progress] 80% sealing module ids
<s> [webpack.Progress] 81% sealing module id optimization
<s> [webpack.Progress] 81% sealing module id optimization
<s> [webpack.Progress] 82% sealing module id optimization
<s> [webpack.Progress] 82% sealing module id optimization
<s> [webpack.Progress] 82% sealing chunk reviving
<s> [webpack.Progress] 82% sealing chunk reviving RecordIdsPlugin
<s> [webpack.Progress] 82% sealing chunk reviving
<s> [webpack.Progress] 83% sealing before chunk ids
<s> [webpack.Progress] 83% sealing before chunk ids
<s> [webpack.Progress] 84% sealing chunk ids
<s> [webpack.Progress] 84% sealing chunk ids NamedChunkIdsPlugin
<s> [webpack.Progress] 84% sealing chunk ids
<s> [webpack.Progress] 84% sealing chunk id optimization
<s> [webpack.Progress] 84% sealing chunk id optimization FlagIncludedChunksPlugin
<s> [webpack.Progress] 84% sealing chunk id optimization
<s> [webpack.Progress] 85% sealing after chunk id optimization
<s> [webpack.Progress] 85% sealing after chunk id optimization
<s> [webpack.Progress] 86% sealing record modules
<s> [webpack.Progress] 86% sealing record modules RecordIdsPlugin
<s> [webpack.Progress] 86% sealing record modules
<s> [webpack.Progress] 86% sealing record chunks
<s> [webpack.Progress] 86% sealing record chunks RecordIdsPlugin
<s> [webpack.Progress] 86% sealing record chunks
<s> [webpack.Progress] 87% sealing module hashing
<s> [webpack.Progress] 87% sealing module hashing
<s> [webpack.Progress] 87% sealing code generation
<s> [webpack.Progress] 87% sealing code generation
<s> [webpack.Progress] 88% sealing runtime requirements
<s> [webpack.Progress] 88% sealing runtime requirements
<s> [webpack.Progress] 89% sealing hashing
<s> [webpack.Progress] 89% sealing hashing
<s> [webpack.Progress] 89% sealing after hashing
<s> [webpack.Progress] 89% sealing after hashing
<s> [webpack.Progress] 90% sealing record hash
<s> [webpack.Progress] 90% sealing record hash
<s> [webpack.Progress] 91% sealing module assets processing
<s> [webpack.Progress] 91% sealing module assets processing
<s> [webpack.Progress] 91% sealing chunk assets processing
<s> [webpack.Progress] 91% sealing chunk assets processing
<s> [webpack.Progress] 92% sealing asset processing
<s> [webpack.Progress] 92% sealing asset processing TerserPlugin
<s> [webpack.Progress] 92% sealing asset processing SourceMapDevToolPlugin
<s> [webpack.Progress] 92% sealing asset processing SourceMapDevToolPlugin
<s> [webpack.Progress] 92% sealing asset processing SourceMapDevToolPlugin dossiq-main.js generate SourceMap
<s> [webpack.Progress] 92% sealing asset processing SourceMapDevToolPlugin dossiq-main.js generated SourceMap
<s> [webpack.Progress] 92% sealing asset processing SourceMapDevToolPlugin dossiq-settings.js generate SourceMap
<s> [webpack.Progress] 92% sealing asset processing SourceMapDevToolPlugin dossiq-settings.js generated SourceMap
<s> [webpack.Progress] 92% sealing asset processing SourceMapDevToolPlugin dossiq-email-settings.js generate SourceMap
<s> [webpack.Progress] 92% sealing asset processing SourceMapDevToolPlugin dossiq-email-settings.js generated SourceMap
<s> [webpack.Progress] 92% sealing asset processing SourceMapDevToolPlugin dossiq-personal-settings.js generate SourceMap
<s> [webpack.Progress] 92% sealing asset processing SourceMapDevToolPlugin dossiq-personal-settings.js generated SourceMap
<s> [webpack.Progress] 92% sealing asset processing SourceMapDevToolPlugin dossiq-casesOverviewWidget.js generate SourceMap
<s> [webpack.Progress] 92% sealing asset processing SourceMapDevToolPlugin dossiq-casesOverviewWidget.js generated SourceMap
<s> [webpack.Progress] 92% sealing asset processing SourceMapDevToolPlugin dossiq-overdueCasesWidget.js generate SourceMap
<s> [webpack.Progress] 92% sealing asset processing SourceMapDevToolPlugin dossiq-overdueCasesWidget.js generated SourceMap
<s> [webpack.Progress] 92% sealing asset processing SourceMapDevToolPlugin dossiq-myTasksWidget.js generate SourceMap
<s> [webpack.Progress] 92% sealing asset processing SourceMapDevToolPlugin dossiq-myTasksWidget.js generated SourceMap
<s> [webpack.Progress] 92% sealing asset processing SourceMapDevToolPlugin dossiq-deadlineAlertsWidget.js generate SourceMap
<s> [webpack.Progress] 92% sealing asset processing SourceMapDevToolPlugin dossiq-deadlineAlertsWidget.js generated SourceMap
<s> [webpack.Progress] 92% sealing asset processing SourceMapDevToolPlugin dossiq-taskRemindersWidget.js generate SourceMap
<s> [webpack.Progress] 92% sealing asset processing SourceMapDevToolPlugin dossiq-taskRemindersWidget.js generated SourceMap
<s> [webpack.Progress] 92% sealing asset processing SourceMapDevToolPlugin dossiq-stalledCasesWidget.js generate SourceMap
<s> [webpack.Progress] 92% sealing asset processing SourceMapDevToolPlugin dossiq-stalledCasesWidget.js generated SourceMap
<s> [webpack.Progress] 92% sealing asset processing SourceMapDevToolPlugin dossiq-startCaseWidget.js generate SourceMap
<s> [webpack.Progress] 92% sealing asset processing SourceMapDevToolPlugin dossiq-startCaseWidget.js generated SourceMap
<s> [webpack.Progress] 92% sealing asset processing SourceMapDevToolPlugin dossiq-node_modules_date-fns_locale_af_js.js?v=7738a0a3648ac1179150 generate SourceMap
<s> [webpack.Progress] 92% sealing asset processing SourceMapDevToolPlugin dossiq-node_modules_date-fns_locale_af_js.js?v=7738a0a3648ac1179150 generated SourceMap
<s> [webpack.Progress] 92% sealing asset processing SourceMapDevToolPlugin dossiq-node_modules_date-fns_locale_ar-DZ_js.js?v=cd7735b195c5f364250b generate SourceMap
<s> [webpack.Progress] 92% sealing asset processing SourceMapDevToolPlugin dossiq-node_modules_date-fns_locale_ar-DZ_js.js?v=cd7735b195c5f364250b generated SourceMap
<s> [webpack.Progress] 92% sealing asset processing SourceMapDevToolPlugin dossiq-node_modules_date-fns_locale_ar-EG_js.js?v=ca713dc3a0176a636fe5 generate SourceMap
<s> [webpack.Progress] 92% sealing asset processing SourceMapDevToolPlugin dossiq-node_modules_date-fns_locale_ar-EG_js.js?v=ca713dc3a0176a636fe5 generated SourceMap
<s> [webpack.Progress] 92% sealing asset processing SourceMapDevToolPlugin dossiq-node_modules_date-fns_locale_ar-MA_js.js?v=c5bac4d3b25dbc4bf87b generate SourceMap
<s> [webpack.Progress] 92% sealing asset processing SourceMapDevToolPlugin dossiq-node_modules_date-fns_locale_ar-MA_js.js?v=c5bac4d3b25dbc4bf87b generated SourceMap
<s> [webpack.Progress] 92% sealing asset processing SourceMapDevToolPlugin dossiq-node_modules_date-fns_locale_ar-SA_js.js?v=f6a5ac736517e28d140b generate SourceMap
<s> [webpack.Progress] 92% sealing asset processing SourceMapDevToolPlugin dossiq-node_modules_date-fns_locale_ar-SA_js.js?v=f6a5ac736517e28d140b generated SourceMap
<s> [webpack.Progress] 92% sealing asset processing SourceMapDevToolPlugin dossiq-node_modules_date-fns_locale_ar-TN_js.js?v=a007173795d7c6a0a108 generate SourceMap
<s> [webpack.Progress] 92% sealing asset processing SourceMapDevToolPlugin dossiq-node_modules_date-fns_locale_ar-TN_js.js?v=a007173795d7c6a0a108 generated SourceMap
<s> [webpack.Progress] 92% sealing asset processing SourceMapDevToolPlugin dossiq-node_modules_date-fns_locale_ar_js.js?v=0e5b6ced21db6de93aaf generate SourceMap
<s> [webpack.Progress] 92% sealing asset processing SourceMapDevToolPlugin dossiq-node_modules_date-fns_locale_ar_js.js?v=0e5b6ced21db6de93aaf generated SourceMap
<s> [webpack.Progress] 92% sealing asset processing SourceMapDevToolPlugin dossiq-node_modules_date-fns_locale_az_js.js?v=df1b8a32c08281c98080 generate SourceMap
<s> [webpack.Progress] 92% sealing asset processing SourceMapDevToolPlugin dossiq-node_modules_date-fns_locale_az_js.js?v=df1b8a32c08281c98080 generated SourceMap
<s> [webpack.Progress] 92% sealing asset processing SourceMapDevToolPlugin dossiq-node_modules_date-fns_locale_be-tarask_js.js?v=9df4c0aadcdd88ce63d6 generate SourceMap
<s> [webpack.Progress] 92% sealing asset processing SourceMapDevToolPlugin dossiq-node_modules_date-fns_locale_be-tarask_js.js?v=9df4c0aadcdd88ce63d6 generated SourceMap
<s> [webpack.Progress] 92% sealing asset processing SourceMapDevToolPlugin dossiq-node_modules_date-fns_locale_be_js.js?v=16b53a29b2bf6505f2a7 generate SourceMap
<s> [webpack.Progress] 92% sealing asset processing SourceMapDevToolPlugin dossiq-node_modules_date-fns_locale_be_js.js?v=16b53a29b2bf6505f2a7 generated SourceMap
<s> [webpack.Progress] 92% sealing asset processing SourceMapDevToolPlugin dossiq-node_modules_date-fns_locale_bg_js.js?v=89e34e1a1b1341268e27 generate SourceMap
<s> [webpack.Progress] 92% sealing asset processing SourceMapDevToolPlugin dossiq-node_modules_date-fns_locale_bg_js.js?v=89e34e1a1b1341268e27 generated SourceMap
<s> [webpack.Progress] 92% sealing asset processing SourceMapDevToolPlugin dossiq-node_modules_date-fns_locale_bn_js.js?v=8ba7362bdcc5fa562d2e generate SourceMap
<s> [webpack.Progress] 92% sealing asset processing SourceMapDevToolPlugin dossiq-node_modules_date-fns_locale_bn_js.js?v=8ba7362bdcc5fa562d2e generated SourceMap
<s> [webpack.Progress] 92% sealing asset processing SourceMapDevToolPlugin dossiq-node_modules_date-fns_locale_bs_js.js?v=01f1a58bd96acb06d2ac generate SourceMap
<s> [webpack.Progress] 92% sealing asset processing SourceMapDevToolPlugin dossiq-node_modules_date-fns_locale_bs_js.js?v=01f1a58bd96acb06d2ac generated SourceMap
<s> [webpack.Progress] 92% sealing asset processing SourceMapDevToolPlugin dossiq-node_modules_date-fns_locale_ca_js.js?v=6fe139e7941c1f37e10b generate SourceMap
<s> [webpack.Progress] 92% sealing asset processing SourceMapDevToolPlugin dossiq-node_modules_date-fns_locale_ca_js.js?v=6fe139e7941c1f37e10b generated SourceMap
<s> [webpack.Progress] 92% sealing asset processing SourceMapDevToolPlugin dossiq-node_modules_date-fns_locale_ckb_js.js?v=4bc5df898c8d6e7c72e2 generate SourceMap
<s> [webpack.Progress] 92% sealing asset processing SourceMapDevToolPlugin dossiq-node_modules_date-fns_locale_ckb_js.js?v=4bc5df898c8d6e7c72e2 generated SourceMap
<s> [webpack.Progress] 92% sealing asset processing SourceMapDevToolPlugin dossiq-node_modules_date-fns_locale_cs_js.js?v=6d92ea3e691d90a8feec generate SourceMap
<s> [webpack.Progress] 92% sealing asset processing SourceMapDevToolPlugin dossiq-node_modules_date-fns_locale_cs_js.js?v=6d92ea3e691d90a8feec generated SourceMap
<s> [webpack.Progress] 92% sealing asset processing SourceMapDevToolPlugin dossiq-node_modules_date-fns_locale_cy_js.js?v=6b5c35aa5f836579f5f5 generate SourceMap
<s> [webpack.Progress] 92% sealing asset processing SourceMapDevToolPlugin dossiq-node_modules_date-fns_locale_cy_js.js?v=6b5c35aa5f836579f5f5 generated SourceMap
<s> [webpack.Progress] 92% sealing asset processing SourceMapDevToolPlugin dossiq-node_modules_date-fns_locale_da_js.js?v=5b840f04d8a399331352 generate SourceMap
<s> [webpack.Progress] 92% sealing asset processing SourceMapDevToolPlugin dossiq-node_modules_date-fns_locale_da_js.js?v=5b840f04d8a399331352 generated SourceMap
<s> [webpack.Progress] 92% sealing asset processing SourceMapDevToolPlugin dossiq-node_modules_date-fns_locale_de-AT_js.js?v=a389fba9fd4747b3e3ce generate SourceMap
<s> [webpack.Progress] 92% sealing asset processing SourceMapDevToolPlugin dossiq-node_modules_date-fns_locale_de-AT_js.js?v=a389fba9fd4747b3e3ce generated SourceMap
<s> [webpack.Progress] 92% sealing asset processing SourceMapDevToolPlugin dossiq-node_modules_date-fns_locale_de_js.js?v=6411b344d58b8fa54d4b generate SourceMap
<s> [webpack.Progress] 92% sealing asset processing SourceMapDevToolPlugin dossiq-node_modules_date-fns_locale_de_js.js?v=6411b344d58b8fa54d4b generated SourceMap
<s> [webpack.Progress] 92% sealing asset processing SourceMapDevToolPlugin dossiq-node_modules_date-fns_locale_el_js.js?v=289193f6edd1b003b7d0 generate SourceMap
<s> [webpack.Progress] 92% sealing asset processing SourceMapDevToolPlugin dossiq-node_modules_date-fns_locale_el_js.js?v=289193f6edd1b003b7d0 generated SourceMap
<s> [webpack.Progress] 92% sealing asset processing SourceMapDevToolPlugin dossiq-node_modules_date-fns_locale_en-AU_js.js?v=61661c52f45c432ffad2 generate SourceMap
<s> [webpack.Progress] 92% sealing asset processing SourceMapDevToolPlugin dossiq-node_modules_date-fns_locale_en-AU_js.js?v=61661c52f45c432ffad2 generated SourceMap
<s> [webpack.Progress] 92% sealing asset processing SourceMapDevToolPlugin dossiq-node_modules_date-fns_locale_en-CA_js.js?v=92a65b5a023bb762820a generate SourceMap
<s> [webpack.Progress] 92% sealing asset processing SourceMapDevToolPlugin dossiq-node_modules_date-fns_locale_en-CA_js.js?v=92a65b5a023bb762820a generated SourceMap
<s> [webpack.Progress] 92% sealing asset processing SourceMapDevToolPlugin dossiq-node_modules_date-fns_locale_en-GB_js.js?v=19102217254ad7c5567a generate SourceMap
<s> [webpack.Progress] 92% sealing asset processing SourceMapDevToolPlugin dossiq-node_modules_date-fns_locale_en-GB_js.js?v=19102217254ad7c5567a generated SourceMap
<s> [webpack.Progress] 92% sealing asset processing SourceMapDevToolPlugin dossiq-node_modules_date-fns_locale_en-IE_js.js?v=547664d9de6fd5891980 generate SourceMap
<s> [webpack.Progress] 92% sealing asset processing SourceMapDevToolPlugin dossiq-node_modules_date-fns_locale_en-IE_js.js?v=547664d9de6fd5891980 generated SourceMap
<s> [webpack.Progress] 92% sealing asset processing SourceMapDevToolPlugin dossiq-node_modules_date-fns_locale_en-IN_js.js?v=1d89fa46a603d949a781 generate SourceMap
<s> [webpack.Progress] 92% sealing asset processing SourceMapDevToolPlugin dossiq-node_modules_date-fns_locale_en-IN_js.js?v=1d89fa46a603d949a781 generated SourceMap
<s> [webpack.Progress] 92% sealing asset processing SourceMapDevToolPlugin dossiq-node_modules_date-fns_locale_en-NZ_js.js?v=464100b3b90e7befb30e generate SourceMap
<s> [webpack.Progress] 92% sealing asset processing SourceMapDevToolPlugin dossiq-node_modules_date-fns_locale_en-NZ_js.js?v=464100b3b90e7befb30e generated SourceMap
<s> [webpack.Progress] 92% sealing asset processing SourceMapDevToolPlugin dossiq-node_modules_date-fns_locale_en-ZA_js.js?v=e2b54dc599884a842636 generate SourceMap
<s> [webpack.Progress] 92% sealing asset processing SourceMapDevToolPlugin dossiq-node_modules_date-fns_locale_en-ZA_js.js?v=e2b54dc599884a842636 generated SourceMap
<s> [webpack.Progress] 92% sealing asset processing SourceMapDevToolPlugin dossiq-node_modules_date-fns_locale_eo_js.js?v=201b3a581a7dfd257036 generate SourceMap
<s> [webpack.Progress] 92% sealing asset processing SourceMapDevToolPlugin dossiq-node_modules_date-fns_locale_eo_js.js?v=201b3a581a7dfd257036 generated SourceMap
<s> [webpack.Progress] 92% sealing asset processing SourceMapDevToolPlugin dossiq-node_modules_date-fns_locale_es_js.js?v=0349cdfcb29ce0530c99 generate SourceMap
<s> [webpack.Progress] 92% sealing asset processing SourceMapDevToolPlugin dossiq-node_modules_date-fns_locale_es_js.js?v=0349cdfcb29ce0530c99 generated SourceMap
<s> [webpack.Progress] 92% sealing asset processing SourceMapDevToolPlugin dossiq-node_modules_date-fns_locale_et_js.js?v=dc0a81e6c66276e070cb generate SourceMap
<s> [webpack.Progress] 92% sealing asset processing SourceMapDevToolPlugin dossiq-node_modules_date-fns_locale_et_js.js?v=dc0a81e6c66276e070cb generated SourceMap
<s> [webpack.Progress] 92% sealing asset processing SourceMapDevToolPlugin dossiq-node_modules_date-fns_locale_eu_js.js?v=ce84ea72b5a82b59206a generate SourceMap
<s> [webpack.Progress] 92% sealing asset processing SourceMapDevToolPlugin dossiq-node_modules_date-fns_locale_eu_js.js?v=ce84ea72b5a82b59206a generated SourceMap
<s> [webpack.Progress] 92% sealing asset processing SourceMapDevToolPlugin dossiq-node_modules_date-fns_locale_fa-IR_js.js?v=f4f27e6fba289ff2c1d4 generate SourceMap
<s> [webpack.Progress] 92% sealing asset processing SourceMapDevToolPlugin dossiq-node_modules_date-fns_locale_fa-IR_js.js?v=f4f27e6fba289ff2c1d4 generated SourceMap
<s> [webpack.Progress] 92% sealing asset processing SourceMapDevToolPlugin dossiq-node_modules_date-fns_locale_fi_js.js?v=17d14326df4210a730b9 generate SourceMap
<s> [webpack.Progress] 92% sealing asset processing SourceMapDevToolPlugin dossiq-node_modules_date-fns_locale_fi_js.js?v=17d14326df4210a730b9 generated SourceMap
<s> [webpack.Progress] 92% sealing asset processing SourceMapDevToolPlugin dossiq-node_modules_date-fns_locale_fr-CA_js.js?v=32200eef1588683faef6 generate SourceMap
<s> [webpack.Progress] 92% sealing asset processing SourceMapDevToolPlugin dossiq-node_modules_date-fns_locale_fr-CA_js.js?v=32200eef1588683faef6 generated SourceMap
<s> [webpack.Progress] 92% sealing asset processing SourceMapDevToolPlugin dossiq-node_modules_date-fns_locale_fr-CH_js.js?v=1c0b5b6c5b980866d4d9 generate SourceMap
<s> [webpack.Progress] 92% sealing asset processing SourceMapDevToolPlugin dossiq-node_modules_date-fns_locale_fr-CH_js.js?v=1c0b5b6c5b980866d4d9 generated SourceMap
<s> [webpack.Progress] 92% sealing asset processing SourceMapDevToolPlugin dossiq-node_modules_date-fns_locale_fr_js.js?v=c7f943a854e98638e257 generate SourceMap
<s> [webpack.Progress] 92% sealing asset processing SourceMapDevToolPlugin dossiq-node_modules_date-fns_locale_fr_js.js?v=c7f943a854e98638e257 generated SourceMap
<s> [webpack.Progress] 92% sealing asset processing SourceMapDevToolPlugin dossiq-node_modules_date-fns_locale_fy_js.js?v=a66f57d04e954821491b generate SourceMap
<s> [webpack.Progress] 92% sealing asset processing SourceMapDevToolPlugin dossiq-node_modules_date-fns_locale_fy_js.js?v=a66f57d04e954821491b generated SourceMap
<s> [webpack.Progress] 92% sealing asset processing SourceMapDevToolPlugin dossiq-node_modules_date-fns_locale_gd_js.js?v=3b1b0515a310d5de5947 generate SourceMap
<s> [webpack.Progress] 92% sealing asset processing SourceMapDevToolPlugin dossiq-node_modules_date-fns_locale_gd_js.js?v=3b1b0515a310d5de5947 generated SourceMap
<s> [webpack.Progress] 92% sealing asset processing SourceMapDevToolPlugin dossiq-node_modules_date-fns_locale_gl_js.js?v=05c659acd88038310dc9 generate SourceMap
<s> [webpack.Progress] 92% sealing asset processing SourceMapDevToolPlugin dossiq-node_modules_date-fns_locale_gl_js.js?v=05c659acd88038310dc9 generated SourceMap
<s> [webpack.Progress] 92% sealing asset processing SourceMapDevToolPlugin dossiq-node_modules_date-fns_locale_gu_js.js?v=01d083d4f89a41b518d3 generate SourceMap
<s> [webpack.Progress] 92% sealing asset processing SourceMapDevToolPlugin dossiq-node_modules_date-fns_locale_gu_js.js?v=01d083d4f89a41b518d3 generated SourceMap
<s> [webpack.Progress] 92% sealing asset processing SourceMapDevToolPlugin dossiq-node_modules_date-fns_locale_he_js.js?v=e523d070ad332eb77773 generate SourceMap
<s> [webpack.Progress] 92% sealing asset processing SourceMapDevToolPlugin dossiq-node_modules_date-fns_locale_he_js.js?v=e523d070ad332eb77773 generated SourceMap
<s> [webpack.Progress] 92% sealing asset processing SourceMapDevToolPlugin dossiq-node_modules_date-fns_locale_hi_js.js?v=8d1c7b8ef0aeff6df1db generate SourceMap
<s> [webpack.Progress] 92% sealing asset processing SourceMapDevToolPlugin dossiq-node_modules_date-fns_locale_hi_js.js?v=8d1c7b8ef0aeff6df1db generated SourceMap
<s> [webpack.Progress] 92% sealing asset processing SourceMapDevToolPlugin dossiq-node_modules_date-fns_locale_hr_js.js?v=f0e1a9ea9be5ee509bed generate SourceMap
<s> [webpack.Progress] 92% sealing asset processing SourceMapDevToolPlugin dossiq-node_modules_date-fns_locale_hr_js.js?v=f0e1a9ea9be5ee509bed generated SourceMap
<s> [webpack.Progress] 92% sealing asset processing SourceMapDevToolPlugin dossiq-node_modules_date-fns_locale_ht_js.js?v=c513646672f588d757d5 generate SourceMap
<s> [webpack.Progress] 92% sealing asset processing SourceMapDevToolPlugin dossiq-node_modules_date-fns_locale_ht_js.js?v=c513646672f588d757d5 generated SourceMap
<s> [webpack.Progress] 92% sealing asset processing SourceMapDevToolPlugin dossiq-node_modules_date-fns_locale_hu_js.js?v=32ed70de043c7894fde6 generate SourceMap
<s> [webpack.Progress] 92% sealing asset processing SourceMapDevToolPlugin dossiq-node_modules_date-fns_locale_hu_js.js?v=32ed70de043c7894fde6 generated SourceMap
<s> [webpack.Progress] 92% sealing asset processing SourceMapDevToolPlugin dossiq-node_modules_date-fns_locale_hy_js.js?v=3df927cbf629535541bd generate SourceMap
<s> [webpack.Progress] 92% sealing asset processing SourceMapDevToolPlugin dossiq-node_modules_date-fns_locale_hy_js.js?v=3df927cbf629535541bd generated SourceMap
<s> [webpack.Progress] 92% sealing asset processing SourceMapDevToolPlugin dossiq-node_modules_date-fns_locale_id_js.js?v=b7dd30aef59744b34466 generate SourceMap
<s> [webpack.Progress] 92% sealing asset processing SourceMapDevToolPlugin dossiq-node_modules_date-fns_locale_id_js.js?v=b7dd30aef59744b34466 generated SourceMap
<s> [webpack.Progress] 92% sealing asset processing SourceMapDevToolPlugin dossiq-node_modules_date-fns_locale_is_js.js?v=aa88294ed787c072edac generate SourceMap
<s> [webpack.Progress] 92% sealing asset processing SourceMapDevToolPlugin dossiq-node_modules_date-fns_locale_is_js.js?v=aa88294ed787c072edac generated SourceMap
<s> [webpack.Progress] 92% sealing asset processing SourceMapDevToolPlugin dossiq-node_modules_date-fns_locale_it-CH_js.js?v=e7cfd4d3867f05e658e5 generate SourceMap
<s> [webpack.Progress] 92% sealing asset processing SourceMapDevToolPlugin dossiq-node_modules_date-fns_locale_it-CH_js.js?v=e7cfd4d3867f05e658e5 generated SourceMap
<s> [webpack.Progress] 92% sealing asset processing SourceMapDevToolPlugin dossiq-node_modules_date-fns_locale_it_js.js?v=48e058f5b4fb8aa307a7 generate SourceMap
<s> [webpack.Progress] 92% sealing asset processing SourceMapDevToolPlugin dossiq-node_modules_date-fns_locale_it_js.js?v=48e058f5b4fb8aa307a7 generated SourceMap
<s> [webpack.Progress] 92% sealing asset processing SourceMapDevToolPlugin dossiq-node_modules_date-fns_locale_ja-Hira_js.js?v=76309c6ece7fa32f0ad7 generate SourceMap
<s> [webpack.Progress] 92% sealing asset processing SourceMapDevToolPlugin dossiq-node_modules_date-fns_locale_ja-Hira_js.js?v=76309c6ece7fa32f0ad7 generated SourceMap
<s> [webpack.Progress] 92% sealing asset processing SourceMapDevToolPlugin dossiq-node_modules_date-fns_locale_ja_js.js?v=24fe57a80dc673bb5903 generate SourceMap
<s> [webpack.Progress] 92% sealing asset processing SourceMapDevToolPlugin dossiq-node_modules_date-fns_locale_ja_js.js?v=24fe57a80dc673bb5903 generated SourceMap
<s> [webpack.Progress] 92% sealing asset processing SourceMapDevToolPlugin dossiq-node_modules_date-fns_locale_ka_js.js?v=f0aeed8daf6770f8f7f2 generate SourceMap
<s> [webpack.Progress] 92% sealing asset processing SourceMapDevToolPlugin dossiq-node_modules_date-fns_locale_ka_js.js?v=f0aeed8daf6770f8f7f2 generated SourceMap
<s> [webpack.Progress] 92% sealing asset processing SourceMapDevToolPlugin dossiq-node_modules_date-fns_locale_kk_js.js?v=823091c18635972cc208 generate SourceMap
<s> [webpack.Progress] 92% sealing asset processing SourceMapDevToolPlugin dossiq-node_modules_date-fns_locale_kk_js.js?v=823091c18635972cc208 generated SourceMap
<s> [webpack.Progress] 92% sealing asset processing SourceMapDevToolPlugin dossiq-node_modules_date-fns_locale_km_js.js?v=f1a329edd5701d71aecb generate SourceMap
<s> [webpack.Progress] 92% sealing asset processing SourceMapDevToolPlugin dossiq-node_modules_date-fns_locale_km_js.js?v=f1a329edd5701d71aecb generated SourceMap
<s> [webpack.Progress] 92% sealing asset processing SourceMapDevToolPlugin dossiq-node_modules_date-fns_locale_kn_js.js?v=844189e0e5b948499ca9 generate SourceMap
<s> [webpack.Progress] 92% sealing asset processing SourceMapDevToolPlugin dossiq-node_modules_date-fns_locale_kn_js.js?v=844189e0e5b948499ca9 generated SourceMap
<s> [webpack.Progress] 92% sealing asset processing SourceMapDevToolPlugin dossiq-node_modules_date-fns_locale_ko_js.js?v=7c3c735697c7c4fbd7c7 generate SourceMap
<s> [webpack.Progress] 92% sealing asset processing SourceMapDevToolPlugin dossiq-node_modules_date-fns_locale_ko_js.js?v=7c3c735697c7c4fbd7c7 generated SourceMap
<s> [webpack.Progress] 92% sealing asset processing SourceMapDevToolPlugin dossiq-node_modules_date-fns_locale_lb_js.js?v=de9a82e6a29fac73fa3e generate SourceMap
<s> [webpack.Progress] 92% sealing asset processing SourceMapDevToolPlugin dossiq-node_modules_date-fns_locale_lb_js.js?v=de9a82e6a29fac73fa3e generated SourceMap
<s> [webpack.Progress] 92% sealing asset processing SourceMapDevToolPlugin dossiq-node_modules_date-fns_locale_lt_js.js?v=4551980153f079751914 generate SourceMap
<s> [webpack.Progress] 92% sealing asset processing SourceMapDevToolPlugin dossiq-node_modules_date-fns_locale_lt_js.js?v=4551980153f079751914 generated SourceMap
<s> [webpack.Progress] 92% sealing asset processing SourceMapDevToolPlugin dossiq-node_modules_date-fns_locale_lv_js.js?v=a215d86dd81b2861cf75 generate SourceMap
<s> [webpack.Progress] 92% sealing asset processing SourceMapDevToolPlugin dossiq-node_modules_date-fns_locale_lv_js.js?v=a215d86dd81b2861cf75 generated SourceMap
<s> [webpack.Progress] 92% sealing asset processing SourceMapDevToolPlugin dossiq-node_modules_date-fns_locale_mk_js.js?v=1a9c21ad62e2e3eedd3d generate SourceMap
<s> [webpack.Progress] 92% sealing asset processing SourceMapDevToolPlugin dossiq-node_modules_date-fns_locale_mk_js.js?v=1a9c21ad62e2e3eedd3d generated SourceMap
<s> [webpack.Progress] 92% sealing asset processing SourceMapDevToolPlugin dossiq-node_modules_date-fns_locale_mn_js.js?v=2875e3413d657c8eaa37 generate SourceMap
<s> [webpack.Progress] 92% sealing asset processing SourceMapDevToolPlugin dossiq-node_modules_date-fns_locale_mn_js.js?v=2875e3413d657c8eaa37 generated SourceMap
<s> [webpack.Progress] 92% sealing asset processing SourceMapDevToolPlugin dossiq-node_modules_date-fns_locale_ms_js.js?v=f99955a21c0f3e4bd3ea generate SourceMap
<s> [webpack.Progress] 92% sealing asset processing SourceMapDevToolPlugin dossiq-node_modules_date-fns_locale_ms_js.js?v=f99955a21c0f3e4bd3ea generated SourceMap
<s> [webpack.Progress] 92% sealing asset processing SourceMapDevToolPlugin dossiq-node_modules_date-fns_locale_mt_js.js?v=078492b2dce4d89a6499 generate SourceMap
<s> [webpack.Progress] 92% sealing asset processing SourceMapDevToolPlugin dossiq-node_modules_date-fns_locale_mt_js.js?v=078492b2dce4d89a6499 generated SourceMap
<s> [webpack.Progress] 92% sealing asset processing SourceMapDevToolPlugin dossiq-node_modules_date-fns_locale_nb_js.js?v=bcdfdeb0fe347653c388 generate SourceMap
<s> [webpack.Progress] 92% sealing asset processing SourceMapDevToolPlugin dossiq-node_modules_date-fns_locale_nb_js.js?v=bcdfdeb0fe347653c388 generated SourceMap
<s> [webpack.Progress] 92% sealing asset processing SourceMapDevToolPlugin dossiq-node_modules_date-fns_locale_nl-BE_js.js?v=a3af2394f2fc9ed63df3 generate SourceMap
<s> [webpack.Progress] 92% sealing asset processing SourceMapDevToolPlugin dossiq-node_modules_date-fns_locale_nl-BE_js.js?v=a3af2394f2fc9ed63df3 generated SourceMap
<s> [webpack.Progress] 92% sealing asset processing SourceMapDevToolPlugin dossiq-node_modules_date-fns_locale_nl_js.js?v=d1bbcdb6a60723a7479d generate SourceMap
<s> [webpack.Progress] 92% sealing asset processing SourceMapDevToolPlugin dossiq-node_modules_date-fns_locale_nl_js.js?v=d1bbcdb6a60723a7479d generated SourceMap
<s> [webpack.Progress] 92% sealing asset processing SourceMapDevToolPlugin dossiq-node_modules_date-fns_locale_nn_js.js?v=cd59c298f92c62f9f448 generate SourceMap
<s> [webpack.Progress] 92% sealing asset processing SourceMapDevToolPlugin dossiq-node_modules_date-fns_locale_nn_js.js?v=cd59c298f92c62f9f448 generated SourceMap
<s> [webpack.Progress] 92% sealing asset processing SourceMapDevToolPlugin dossiq-node_modules_date-fns_locale_oc_js.js?v=4520ee18f426e1ea9019 generate SourceMap
<s> [webpack.Progress] 92% sealing asset processing SourceMapDevToolPlugin dossiq-node_modules_date-fns_locale_oc_js.js?v=4520ee18f426e1ea9019 generated SourceMap
<s> [webpack.Progress] 92% sealing asset processing SourceMapDevToolPlugin dossiq-node_modules_date-fns_locale_pl_js.js?v=09b9cad5204628a55d02 generate SourceMap
<s> [webpack.Progress] 92% sealing asset processing SourceMapDevToolPlugin dossiq-node_modules_date-fns_locale_pl_js.js?v=09b9cad5204628a55d02 generated SourceMap
<s> [webpack.Progress] 92% sealing asset processing SourceMapDevToolPlugin dossiq-node_modules_date-fns_locale_pt-BR_js.js?v=c700f4a1b90b167dcc93 generate SourceMap
<s> [webpack.Progress] 92% sealing asset processing SourceMapDevToolPlugin dossiq-node_modules_date-fns_locale_pt-BR_js.js?v=c700f4a1b90b167dcc93 generated SourceMap
<s> [webpack.Progress] 92% sealing asset processing SourceMapDevToolPlugin dossiq-node_modules_date-fns_locale_pt_js.js?v=af867116012e4d93e87f generate SourceMap
<s> [webpack.Progress] 92% sealing asset processing SourceMapDevToolPlugin dossiq-node_modules_date-fns_locale_pt_js.js?v=af867116012e4d93e87f generated SourceMap
<s> [webpack.Progress] 92% sealing asset processing SourceMapDevToolPlugin dossiq-node_modules_date-fns_locale_ro_js.js?v=4456f6cd229690baf8b8 generate SourceMap
<s> [webpack.Progress] 92% sealing asset processing SourceMapDevToolPlugin dossiq-node_modules_date-fns_locale_ro_js.js?v=4456f6cd229690baf8b8 generated SourceMap
<s> [webpack.Progress] 92% sealing asset processing SourceMapDevToolPlugin dossiq-node_modules_date-fns_locale_ru_js.js?v=fe866904ec74582662fa generate SourceMap
<s> [webpack.Progress] 92% sealing asset processing SourceMapDevToolPlugin dossiq-node_modules_date-fns_locale_ru_js.js?v=fe866904ec74582662fa generated SourceMap
<s> [webpack.Progress] 92% sealing asset processing SourceMapDevToolPlugin dossiq-node_modules_date-fns_locale_se_js.js?v=5a8aae4fdcb624360000 generate SourceMap
<s> [webpack.Progress] 92% sealing asset processing SourceMapDevToolPlugin dossiq-node_modules_date-fns_locale_se_js.js?v=5a8aae4fdcb624360000 generated SourceMap
<s> [webpack.Progress] 92% sealing asset processing SourceMapDevToolPlugin dossiq-node_modules_date-fns_locale_sk_js.js?v=3ce8c30f8460d53d5998 generate SourceMap
<s> [webpack.Progress] 92% sealing asset processing SourceMapDevToolPlugin dossiq-node_modules_date-fns_locale_sk_js.js?v=3ce8c30f8460d53d5998 generated SourceMap
<s> [webpack.Progress] 92% sealing asset processing SourceMapDevToolPlugin dossiq-node_modules_date-fns_locale_sl_js.js?v=0f20db32574348e7d19a generate SourceMap
<s> [webpack.Progress] 92% sealing asset processing SourceMapDevToolPlugin dossiq-node_modules_date-fns_locale_sl_js.js?v=0f20db32574348e7d19a generated SourceMap
<s> [webpack.Progress] 92% sealing asset processing SourceMapDevToolPlugin dossiq-node_modules_date-fns_locale_sq_js.js?v=1101c4a1ba067f47913e generate SourceMap
<s> [webpack.Progress] 92% sealing asset processing SourceMapDevToolPlugin dossiq-node_modules_date-fns_locale_sq_js.js?v=1101c4a1ba067f47913e generated SourceMap
<s> [webpack.Progress] 92% sealing asset processing SourceMapDevToolPlugin dossiq-node_modules_date-fns_locale_sr-Latn_js.js?v=5b249bc6b8a72f1b37e1 generate SourceMap
<s> [webpack.Progress] 92% sealing asset processing SourceMapDevToolPlugin dossiq-node_modules_date-fns_locale_sr-Latn_js.js?v=5b249bc6b8a72f1b37e1 generated SourceMap
<s> [webpack.Progress] 92% sealing asset processing SourceMapDevToolPlugin dossiq-node_modules_date-fns_locale_sr_js.js?v=0b9dce07f22931ff6b8d generate SourceMap
<s> [webpack.Progress] 92% sealing asset processing SourceMapDevToolPlugin dossiq-node_modules_date-fns_locale_sr_js.js?v=0b9dce07f22931ff6b8d generated SourceMap
<s> [webpack.Progress] 92% sealing asset processing SourceMapDevToolPlugin dossiq-node_modules_date-fns_locale_sv_js.js?v=d7af36c9e1bd16f2c920 generate SourceMap
<s> [webpack.Progress] 92% sealing asset processing SourceMapDevToolPlugin dossiq-node_modules_date-fns_locale_sv_js.js?v=d7af36c9e1bd16f2c920 generated SourceMap
<s> [webpack.Progress] 92% sealing asset processing SourceMapDevToolPlugin dossiq-node_modules_date-fns_locale_ta_js.js?v=64beaa53f22a8547aaed generate SourceMap
<s> [webpack.Progress] 92% sealing asset processing SourceMapDevToolPlugin dossiq-node_modules_date-fns_locale_ta_js.js?v=64beaa53f22a8547aaed generated SourceMap
<s> [webpack.Progress] 92% sealing asset processing SourceMapDevToolPlugin dossiq-node_modules_date-fns_locale_te_js.js?v=71eece5a0414398e9ba9 generate SourceMap
<s> [webpack.Progress] 92% sealing asset processing SourceMapDevToolPlugin dossiq-node_modules_date-fns_locale_te_js.js?v=71eece5a0414398e9ba9 generated SourceMap
<s> [webpack.Progress] 92% sealing asset processing SourceMapDevToolPlugin dossiq-node_modules_date-fns_locale_th_js.js?v=37e9a4693eb5c8144954 generate SourceMap
<s> [webpack.Progress] 92% sealing asset processing SourceMapDevToolPlugin dossiq-node_modules_date-fns_locale_th_js.js?v=37e9a4693eb5c8144954 generated SourceMap
<s> [webpack.Progress] 92% sealing asset processing SourceMapDevToolPlugin dossiq-node_modules_date-fns_locale_tr_js.js?v=bd5c25d5fc39c6d5f0ae generate SourceMap
<s> [webpack.Progress] 92% sealing asset processing SourceMapDevToolPlugin dossiq-node_modules_date-fns_locale_tr_js.js?v=bd5c25d5fc39c6d5f0ae generated SourceMap
<s> [webpack.Progress] 92% sealing asset processing SourceMapDevToolPlugin dossiq-node_modules_date-fns_locale_ug_js.js?v=5e6a90da30a7ac2a0b38 generate SourceMap
<s> [webpack.Progress] 92% sealing asset processing SourceMapDevToolPlugin dossiq-node_modules_date-fns_locale_ug_js.js?v=5e6a90da30a7ac2a0b38 generated SourceMap
<s> [webpack.Progress] 92% sealing asset processing SourceMapDevToolPlugin dossiq-node_modules_date-fns_locale_uk_js.js?v=080d1787d2063a7a0373 generate SourceMap
<s> [webpack.Progress] 92% sealing asset processing SourceMapDevToolPlugin dossiq-node_modules_date-fns_locale_uk_js.js?v=080d1787d2063a7a0373 generated SourceMap
<s> [webpack.Progress] 92% sealing asset processing SourceMapDevToolPlugin dossiq-node_modules_date-fns_locale_uz-Cyrl_js.js?v=17312634ecb46ea98bfa generate SourceMap
<s> [webpack.Progress] 92% sealing asset processing SourceMapDevToolPlugin dossiq-node_modules_date-fns_locale_uz-Cyrl_js.js?v=17312634ecb46ea98bfa generated SourceMap
<s> [webpack.Progress] 92% sealing asset processing SourceMapDevToolPlugin dossiq-node_modules_date-fns_locale_uz_js.js?v=e30b1a6dd115bd768447 generate SourceMap
<s> [webpack.Progress] 92% sealing asset processing SourceMapDevToolPlugin dossiq-node_modules_date-fns_locale_uz_js.js?v=e30b1a6dd115bd768447 generated SourceMap
<s> [webpack.Progress] 92% sealing asset processing SourceMapDevToolPlugin dossiq-node_modules_date-fns_locale_vi_js.js?v=57eb38a1905bd76c58ec generate SourceMap
<s> [webpack.Progress] 92% sealing asset processing SourceMapDevToolPlugin dossiq-node_modules_date-fns_locale_vi_js.js?v=57eb38a1905bd76c58ec generated SourceMap
<s> [webpack.Progress] 92% sealing asset processing SourceMapDevToolPlugin dossiq-node_modules_date-fns_locale_zh-CN_js.js?v=a1c9e8dbc5f40b061728 generate SourceMap
<s> [webpack.Progress] 92% sealing asset processing SourceMapDevToolPlugin dossiq-node_modules_date-fns_locale_zh-CN_js.js?v=a1c9e8dbc5f40b061728 generated SourceMap
<s> [webpack.Progress] 92% sealing asset processing SourceMapDevToolPlugin dossiq-node_modules_date-fns_locale_zh-HK_js.js?v=2777bdd4d625dc1497fe generate SourceMap
<s> [webpack.Progress] 92% sealing asset processing SourceMapDevToolPlugin dossiq-node_modules_date-fns_locale_zh-HK_js.js?v=2777bdd4d625dc1497fe generated SourceMap
<s> [webpack.Progress] 92% sealing asset processing SourceMapDevToolPlugin dossiq-node_modules_date-fns_locale_zh-TW_js.js?v=9959fe4b05ee75782565 generate SourceMap
<s> [webpack.Progress] 92% sealing asset processing SourceMapDevToolPlugin dossiq-node_modules_date-fns_locale_zh-TW_js.js?v=9959fe4b05ee75782565 generated SourceMap
<s> [webpack.Progress] 92% sealing asset processing SourceMapDevToolPlugin dossiq-node_modules_rehype-highlight_index_js.js?v=12b96fff239471f6bdb1 generate SourceMap
<s> [webpack.Progress] 92% sealing asset processing SourceMapDevToolPlugin dossiq-node_modules_rehype-highlight_index_js.js?v=12b96fff239471f6bdb1 generated SourceMap
<s> [webpack.Progress] 92% sealing asset processing SourceMapDevToolPlugin dossiq-node_modules_nextcloud_paths_dist_index_mjs.js?v=7ae910a6c381eb0c0d50 generate SourceMap
<s> [webpack.Progress] 92% sealing asset processing SourceMapDevToolPlugin dossiq-node_modules_nextcloud_paths_dist_index_mjs.js?v=7ae910a6c381eb0c0d50 generated SourceMap
<s> [webpack.Progress] 92% sealing asset processing SourceMapDevToolPlugin dossiq-node_modules_nextcloud_dialogs_dist_chunks_ConflictPicker_mjs.js?v=4f0d272076d2ced13851 generate SourceMap
<s> [webpack.Progress] 92% sealing asset processing SourceMapDevToolPlugin dossiq-node_modules_nextcloud_dialogs_dist_chunks_ConflictPicker_mjs.js?v=4f0d272076d2ced13851 generated SourceMap
<s> [webpack.Progress] 92% sealing asset processing SourceMapDevToolPlugin dossiq-node_modules_nextcloud_dialogs_dist_chunks_FilePicker_mjs.js?v=c84b85909acd64506d53 generate SourceMap
<s> [webpack.Progress] 92% sealing asset processing SourceMapDevToolPlugin dossiq-node_modules_nextcloud_dialogs_dist_chunks_FilePicker_mjs.js?v=c84b85909acd64506d53 generated SourceMap
<s> [webpack.Progress] 92% sealing asset processing SourceMapDevToolPlugin dossiq-node_modules_nextcloud_dialogs_dist_chunks_PublicAuthPrompt_mjs.js?v=82fee40fb61586aa0cee generate SourceMap
<s> [webpack.Progress] 92% sealing asset processing SourceMapDevToolPlugin dossiq-node_modules_nextcloud_dialogs_dist_chunks_PublicAuthPrompt_mjs.js?v=82fee40fb61586aa0cee generated SourceMap
<s> [webpack.Progress] 92% sealing asset processing SourceMapDevToolPlugin dossiq-node_modules_toast-ui_editor_dist_esm_index_js.js?v=ee24b7407e116657c775 generate SourceMap
<s> [webpack.Progress] 92% sealing asset processing SourceMapDevToolPlugin dossiq-node_modules_toast-ui_editor_dist_esm_index_js.js?v=ee24b7407e116657c775 generated SourceMap
<s> [webpack.Progress] 92% sealing asset processing SourceMapDevToolPlugin dossiq-node_modules_toast-ui_editor_dist_toastui-editor_css.js?v=9e1ac56c9104a7babbe0 generate SourceMap
<s> [webpack.Progress] 92% sealing asset processing SourceMapDevToolPlugin dossiq-node_modules_toast-ui_editor_dist_toastui-editor_css.js?v=9e1ac56c9104a7babbe0 generated SourceMap
<s> [webpack.Progress] 92% sealing asset processing SourceMapDevToolPlugin dossiq-node_modules_mdi_js_mdi_js-node_modules_nextcloud_files_dist_index_mjs.js?v=39c71e6830d122c33bd5 generate SourceMap
<s> [webpack.Progress] 92% sealing asset processing SourceMapDevToolPlugin dossiq-node_modules_mdi_js_mdi_js-node_modules_nextcloud_files_dist_index_mjs.js?v=39c71e6830d122c33bd5 generated SourceMap
<s> [webpack.Progress] 92% sealing asset processing SourceMapDevToolPlugin dossiq-node_modules_mdi_js_mdi_js-node_modules_nextcloud_files_dist_dav_mjs-node_modules_nextcloud_f-318b95.js?v=8e8f905a0334610714fc generate SourceMap
<s> [webpack.Progress] 92% sealing asset processing SourceMapDevToolPlugin dossiq-node_modules_mdi_js_mdi_js-node_modules_nextcloud_files_dist_dav_mjs-node_modules_nextcloud_f-318b95.js?v=8e8f905a0334610714fc generated SourceMap
<s> [webpack.Progress] 92% sealing asset processing SourceMapDevToolPlugin dossiq-node_modules_nextcloud_files_dist_index_mjs.js?v=a2285ceb11566953a01f generate SourceMap
<s> [webpack.Progress] 92% sealing asset processing SourceMapDevToolPlugin dossiq-node_modules_nextcloud_files_dist_index_mjs.js?v=a2285ceb11566953a01f generated SourceMap
<s> [webpack.Progress] 92% sealing asset processing SourceMapDevToolPlugin dossiq-shared-nc-vue.js generate SourceMap
<s> [webpack.Progress] 92% sealing asset processing SourceMapDevToolPlugin dossiq-shared-nc-vue.js generated SourceMap
<s> [webpack.Progress] 92% sealing asset processing SourceMapDevToolPlugin dossiq-shared-vendor.js generate SourceMap
<s> [webpack.Progress] 92% sealing asset processing SourceMapDevToolPlugin dossiq-shared-vendor.js generated SourceMap
<s> [webpack.Progress] 92% sealing asset processing SourceMapDevToolPlugin resolve sources
<s> [webpack.Progress] 92% sealing asset processing SourceMapDevToolPlugin dossiq-main.js attach SourceMap
<s> [webpack.Progress] 92% sealing asset processing SourceMapDevToolPlugin dossiq-main.js attached SourceMap
<s> [webpack.Progress] 92% sealing asset processing SourceMapDevToolPlugin dossiq-settings.js attach SourceMap
<s> [webpack.Progress] 92% sealing asset processing SourceMapDevToolPlugin dossiq-settings.js attached SourceMap
<s> [webpack.Progress] 92% sealing asset processing SourceMapDevToolPlugin dossiq-email-settings.js attach SourceMap
<s> [webpack.Progress] 92% sealing asset processing SourceMapDevToolPlugin dossiq-email-settings.js attached SourceMap
<s> [webpack.Progress] 92% sealing asset processing SourceMapDevToolPlugin dossiq-personal-settings.js attach SourceMap
<s> [webpack.Progress] 92% sealing asset processing SourceMapDevToolPlugin dossiq-personal-settings.js attached SourceMap
<s> [webpack.Progress] 92% sealing asset processing SourceMapDevToolPlugin dossiq-casesOverviewWidget.js attach SourceMap
<s> [webpack.Progress] 92% sealing asset processing SourceMapDevToolPlugin dossiq-casesOverviewWidget.js attached SourceMap
<s> [webpack.Progress] 92% sealing asset processing SourceMapDevToolPlugin dossiq-overdueCasesWidget.js attach SourceMap
<s> [webpack.Progress] 92% sealing asset processing SourceMapDevToolPlugin dossiq-overdueCasesWidget.js attached SourceMap
<s> [webpack.Progress] 92% sealing asset processing SourceMapDevToolPlugin dossiq-myTasksWidget.js attach SourceMap
<s> [webpack.Progress] 92% sealing asset processing SourceMapDevToolPlugin dossiq-myTasksWidget.js attached SourceMap
<s> [webpack.Progress] 92% sealing asset processing SourceMapDevToolPlugin dossiq-deadlineAlertsWidget.js attach SourceMap
<s> [webpack.Progress] 92% sealing asset processing SourceMapDevToolPlugin dossiq-deadlineAlertsWidget.js attached SourceMap
<s> [webpack.Progress] 92% sealing asset processing SourceMapDevToolPlugin dossiq-taskRemindersWidget.js attach SourceMap
<s> [webpack.Progress] 92% sealing asset processing SourceMapDevToolPlugin dossiq-taskRemindersWidget.js attached SourceMap
<s> [webpack.Progress] 92% sealing asset processing SourceMapDevToolPlugin dossiq-stalledCasesWidget.js attach SourceMap
<s> [webpack.Progress] 92% sealing asset processing SourceMapDevToolPlugin dossiq-stalledCasesWidget.js attached SourceMap
<s> [webpack.Progress] 92% sealing asset processing SourceMapDevToolPlugin dossiq-startCaseWidget.js attach SourceMap
<s> [webpack.Progress] 92% sealing asset processing SourceMapDevToolPlugin dossiq-startCaseWidget.js attached SourceMap
<s> [webpack.Progress] 92% sealing asset processing SourceMapDevToolPlugin dossiq-node_modules_date-fns_locale_af_js.js?v=7738a0a3648ac1179150 attach SourceMap
<s> [webpack.Progress] 92% sealing asset processing SourceMapDevToolPlugin dossiq-node_modules_date-fns_locale_af_js.js?v=7738a0a3648ac1179150 attached SourceMap
<s> [webpack.Progress] 92% sealing asset processing SourceMapDevToolPlugin dossiq-node_modules_date-fns_locale_ar-DZ_js.js?v=cd7735b195c5f364250b attach SourceMap
<s> [webpack.Progress] 92% sealing asset processing SourceMapDevToolPlugin dossiq-node_modules_date-fns_locale_ar-DZ_js.js?v=cd7735b195c5f364250b attached SourceMap
<s> [webpack.Progress] 92% sealing asset processing SourceMapDevToolPlugin dossiq-node_modules_date-fns_locale_ar-EG_js.js?v=ca713dc3a0176a636fe5 attach SourceMap
<s> [webpack.Progress] 92% sealing asset processing SourceMapDevToolPlugin dossiq-node_modules_date-fns_locale_ar-EG_js.js?v=ca713dc3a0176a636fe5 attached SourceMap
<s> [webpack.Progress] 92% sealing asset processing SourceMapDevToolPlugin dossiq-node_modules_date-fns_locale_ar-MA_js.js?v=c5bac4d3b25dbc4bf87b attach SourceMap
<s> [webpack.Progress] 92% sealing asset processing SourceMapDevToolPlugin dossiq-node_modules_date-fns_locale_ar-MA_js.js?v=c5bac4d3b25dbc4bf87b attached SourceMap
<s> [webpack.Progress] 92% sealing asset processing SourceMapDevToolPlugin dossiq-node_modules_date-fns_locale_ar-SA_js.js?v=f6a5ac736517e28d140b attach SourceMap
<s> [webpack.Progress] 92% sealing asset processing SourceMapDevToolPlugin dossiq-node_modules_date-fns_locale_ar-SA_js.js?v=f6a5ac736517e28d140b attached SourceMap
<s> [webpack.Progress] 92% sealing asset processing SourceMapDevToolPlugin dossiq-node_modules_date-fns_locale_ar-TN_js.js?v=a007173795d7c6a0a108 attach SourceMap
<s> [webpack.Progress] 92% sealing asset processing SourceMapDevToolPlugin dossiq-node_modules_date-fns_locale_ar-TN_js.js?v=a007173795d7c6a0a108 attached SourceMap
<s> [webpack.Progress] 92% sealing asset processing SourceMapDevToolPlugin dossiq-node_modules_date-fns_locale_ar_js.js?v=0e5b6ced21db6de93aaf attach SourceMap
<s> [webpack.Progress] 92% sealing asset processing SourceMapDevToolPlugin dossiq-node_modules_date-fns_locale_ar_js.js?v=0e5b6ced21db6de93aaf attached SourceMap
<s> [webpack.Progress] 92% sealing asset processing SourceMapDevToolPlugin dossiq-node_modules_date-fns_locale_az_js.js?v=df1b8a32c08281c98080 attach SourceMap
<s> [webpack.Progress] 92% sealing asset processing SourceMapDevToolPlugin dossiq-node_modules_date-fns_locale_az_js.js?v=df1b8a32c08281c98080 attached SourceMap
<s> [webpack.Progress] 92% sealing asset processing SourceMapDevToolPlugin dossiq-node_modules_date-fns_locale_be-tarask_js.js?v=9df4c0aadcdd88ce63d6 attach SourceMap
<s> [webpack.Progress] 92% sealing asset processing SourceMapDevToolPlugin dossiq-node_modules_date-fns_locale_be-tarask_js.js?v=9df4c0aadcdd88ce63d6 attached SourceMap
<s> [webpack.Progress] 92% sealing asset processing SourceMapDevToolPlugin dossiq-node_modules_date-fns_locale_be_js.js?v=16b53a29b2bf6505f2a7 attach SourceMap
<s> [webpack.Progress] 92% sealing asset processing SourceMapDevToolPlugin dossiq-node_modules_date-fns_locale_be_js.js?v=16b53a29b2bf6505f2a7 attached SourceMap
<s> [webpack.Progress] 92% sealing asset processing SourceMapDevToolPlugin dossiq-node_modules_date-fns_locale_bg_js.js?v=89e34e1a1b1341268e27 attach SourceMap
<s> [webpack.Progress] 92% sealing asset processing SourceMapDevToolPlugin dossiq-node_modules_date-fns_locale_bg_js.js?v=89e34e1a1b1341268e27 attached SourceMap
<s> [webpack.Progress] 92% sealing asset processing SourceMapDevToolPlugin dossiq-node_modules_date-fns_locale_bn_js.js?v=8ba7362bdcc5fa562d2e attach SourceMap
<s> [webpack.Progress] 92% sealing asset processing SourceMapDevToolPlugin dossiq-node_modules_date-fns_locale_bn_js.js?v=8ba7362bdcc5fa562d2e attached SourceMap
<s> [webpack.Progress] 92% sealing asset processing SourceMapDevToolPlugin dossiq-node_modules_date-fns_locale_bs_js.js?v=01f1a58bd96acb06d2ac attach SourceMap
<s> [webpack.Progress] 92% sealing asset processing SourceMapDevToolPlugin dossiq-node_modules_date-fns_locale_bs_js.js?v=01f1a58bd96acb06d2ac attached SourceMap
<s> [webpack.Progress] 92% sealing asset processing SourceMapDevToolPlugin dossiq-node_modules_date-fns_locale_ca_js.js?v=6fe139e7941c1f37e10b attach SourceMap
<s> [webpack.Progress] 92% sealing asset processing SourceMapDevToolPlugin dossiq-node_modules_date-fns_locale_ca_js.js?v=6fe139e7941c1f37e10b attached SourceMap
<s> [webpack.Progress] 92% sealing asset processing SourceMapDevToolPlugin dossiq-node_modules_date-fns_locale_ckb_js.js?v=4bc5df898c8d6e7c72e2 attach SourceMap
<s> [webpack.Progress] 92% sealing asset processing SourceMapDevToolPlugin dossiq-node_modules_date-fns_locale_ckb_js.js?v=4bc5df898c8d6e7c72e2 attached SourceMap
<s> [webpack.Progress] 92% sealing asset processing SourceMapDevToolPlugin dossiq-node_modules_date-fns_locale_cs_js.js?v=6d92ea3e691d90a8feec attach SourceMap
<s> [webpack.Progress] 92% sealing asset processing SourceMapDevToolPlugin dossiq-node_modules_date-fns_locale_cs_js.js?v=6d92ea3e691d90a8feec attached SourceMap
<s> [webpack.Progress] 92% sealing asset processing SourceMapDevToolPlugin dossiq-node_modules_date-fns_locale_cy_js.js?v=6b5c35aa5f836579f5f5 attach SourceMap
<s> [webpack.Progress] 92% sealing asset processing SourceMapDevToolPlugin dossiq-node_modules_date-fns_locale_cy_js.js?v=6b5c35aa5f836579f5f5 attached SourceMap
<s> [webpack.Progress] 92% sealing asset processing SourceMapDevToolPlugin dossiq-node_modules_date-fns_locale_da_js.js?v=5b840f04d8a399331352 attach SourceMap
<s> [webpack.Progress] 92% sealing asset processing SourceMapDevToolPlugin dossiq-node_modules_date-fns_locale_da_js.js?v=5b840f04d8a399331352 attached SourceMap
<s> [webpack.Progress] 92% sealing asset processing SourceMapDevToolPlugin dossiq-node_modules_date-fns_locale_de-AT_js.js?v=a389fba9fd4747b3e3ce attach SourceMap
<s> [webpack.Progress] 92% sealing asset processing SourceMapDevToolPlugin dossiq-node_modules_date-fns_locale_de-AT_js.js?v=a389fba9fd4747b3e3ce attached SourceMap
<s> [webpack.Progress] 92% sealing asset processing SourceMapDevToolPlugin dossiq-node_modules_date-fns_locale_de_js.js?v=6411b344d58b8fa54d4b attach SourceMap
<s> [webpack.Progress] 92% sealing asset processing SourceMapDevToolPlugin dossiq-node_modules_date-fns_locale_de_js.js?v=6411b344d58b8fa54d4b attached SourceMap
<s> [webpack.Progress] 92% sealing asset processing SourceMapDevToolPlugin dossiq-node_modules_date-fns_locale_el_js.js?v=289193f6edd1b003b7d0 attach SourceMap
<s> [webpack.Progress] 92% sealing asset processing SourceMapDevToolPlugin dossiq-node_modules_date-fns_locale_el_js.js?v=289193f6edd1b003b7d0 attached SourceMap
<s> [webpack.Progress] 92% sealing asset processing SourceMapDevToolPlugin dossiq-node_modules_date-fns_locale_en-AU_js.js?v=61661c52f45c432ffad2 attach SourceMap
<s> [webpack.Progress] 92% sealing asset processing SourceMapDevToolPlugin dossiq-node_modules_date-fns_locale_en-AU_js.js?v=61661c52f45c432ffad2 attached SourceMap
<s> [webpack.Progress] 92% sealing asset processing SourceMapDevToolPlugin dossiq-node_modules_date-fns_locale_en-CA_js.js?v=92a65b5a023bb762820a attach SourceMap
<s> [webpack.Progress] 92% sealing asset processing SourceMapDevToolPlugin dossiq-node_modules_date-fns_locale_en-CA_js.js?v=92a65b5a023bb762820a attached SourceMap
<s> [webpack.Progress] 92% sealing asset processing SourceMapDevToolPlugin dossiq-node_modules_date-fns_locale_en-GB_js.js?v=19102217254ad7c5567a attach SourceMap
<s> [webpack.Progress] 92% sealing asset processing SourceMapDevToolPlugin dossiq-node_modules_date-fns_locale_en-GB_js.js?v=19102217254ad7c5567a attached SourceMap
<s> [webpack.Progress] 92% sealing asset processing SourceMapDevToolPlugin dossiq-node_modules_date-fns_locale_en-IE_js.js?v=547664d9de6fd5891980 attach SourceMap
<s> [webpack.Progress] 92% sealing asset processing SourceMapDevToolPlugin dossiq-node_modules_date-fns_locale_en-IE_js.js?v=547664d9de6fd5891980 attached SourceMap
<s> [webpack.Progress] 92% sealing asset processing SourceMapDevToolPlugin dossiq-node_modules_date-fns_locale_en-IN_js.js?v=1d89fa46a603d949a781 attach SourceMap
<s> [webpack.Progress] 92% sealing asset processing SourceMapDevToolPlugin dossiq-node_modules_date-fns_locale_en-IN_js.js?v=1d89fa46a603d949a781 attached SourceMap
<s> [webpack.Progress] 92% sealing asset processing SourceMapDevToolPlugin dossiq-node_modules_date-fns_locale_en-NZ_js.js?v=464100b3b90e7befb30e attach SourceMap
<s> [webpack.Progress] 92% sealing asset processing SourceMapDevToolPlugin dossiq-node_modules_date-fns_locale_en-NZ_js.js?v=464100b3b90e7befb30e attached SourceMap
<s> [webpack.Progress] 92% sealing asset processing SourceMapDevToolPlugin dossiq-node_modules_date-fns_locale_en-ZA_js.js?v=e2b54dc599884a842636 attach SourceMap
<s> [webpack.Progress] 92% sealing asset processing SourceMapDevToolPlugin dossiq-node_modules_date-fns_locale_en-ZA_js.js?v=e2b54dc599884a842636 attached SourceMap
<s> [webpack.Progress] 92% sealing asset processing SourceMapDevToolPlugin dossiq-node_modules_date-fns_locale_eo_js.js?v=201b3a581a7dfd257036 attach SourceMap
<s> [webpack.Progress] 92% sealing asset processing SourceMapDevToolPlugin dossiq-node_modules_date-fns_locale_eo_js.js?v=201b3a581a7dfd257036 attached SourceMap
<s> [webpack.Progress] 92% sealing asset processing SourceMapDevToolPlugin dossiq-node_modules_date-fns_locale_es_js.js?v=0349cdfcb29ce0530c99 attach SourceMap
<s> [webpack.Progress] 92% sealing asset processing SourceMapDevToolPlugin dossiq-node_modules_date-fns_locale_es_js.js?v=0349cdfcb29ce0530c99 attached SourceMap
<s> [webpack.Progress] 92% sealing asset processing SourceMapDevToolPlugin dossiq-node_modules_date-fns_locale_et_js.js?v=dc0a81e6c66276e070cb attach SourceMap
<s> [webpack.Progress] 92% sealing asset processing SourceMapDevToolPlugin dossiq-node_modules_date-fns_locale_et_js.js?v=dc0a81e6c66276e070cb attached SourceMap
<s> [webpack.Progress] 92% sealing asset processing SourceMapDevToolPlugin dossiq-node_modules_date-fns_locale_eu_js.js?v=ce84ea72b5a82b59206a attach SourceMap
<s> [webpack.Progress] 92% sealing asset processing SourceMapDevToolPlugin dossiq-node_modules_date-fns_locale_eu_js.js?v=ce84ea72b5a82b59206a attached SourceMap
<s> [webpack.Progress] 92% sealing asset processing SourceMapDevToolPlugin dossiq-node_modules_date-fns_locale_fa-IR_js.js?v=f4f27e6fba289ff2c1d4 attach SourceMap
<s> [webpack.Progress] 92% sealing asset processing SourceMapDevToolPlugin dossiq-node_modules_date-fns_locale_fa-IR_js.js?v=f4f27e6fba289ff2c1d4 attached SourceMap
<s> [webpack.Progress] 92% sealing asset processing SourceMapDevToolPlugin dossiq-node_modules_date-fns_locale_fi_js.js?v=17d14326df4210a730b9 attach SourceMap
<s> [webpack.Progress] 92% sealing asset processing SourceMapDevToolPlugin dossiq-node_modules_date-fns_locale_fi_js.js?v=17d14326df4210a730b9 attached SourceMap
<s> [webpack.Progress] 92% sealing asset processing SourceMapDevToolPlugin dossiq-node_modules_date-fns_locale_fr-CA_js.js?v=32200eef1588683faef6 attach SourceMap
<s> [webpack.Progress] 92% sealing asset processing SourceMapDevToolPlugin dossiq-node_modules_date-fns_locale_fr-CA_js.js?v=32200eef1588683faef6 attached SourceMap
<s> [webpack.Progress] 92% sealing asset processing SourceMapDevToolPlugin dossiq-node_modules_date-fns_locale_fr-CH_js.js?v=1c0b5b6c5b980866d4d9 attach SourceMap
<s> [webpack.Progress] 92% sealing asset processing SourceMapDevToolPlugin dossiq-node_modules_date-fns_locale_fr-CH_js.js?v=1c0b5b6c5b980866d4d9 attached SourceMap
<s> [webpack.Progress] 92% sealing asset processing SourceMapDevToolPlugin dossiq-node_modules_date-fns_locale_fr_js.js?v=c7f943a854e98638e257 attach SourceMap
<s> [webpack.Progress] 92% sealing asset processing SourceMapDevToolPlugin dossiq-node_modules_date-fns_locale_fr_js.js?v=c7f943a854e98638e257 attached SourceMap
<s> [webpack.Progress] 92% sealing asset processing SourceMapDevToolPlugin dossiq-node_modules_date-fns_locale_fy_js.js?v=a66f57d04e954821491b attach SourceMap
<s> [webpack.Progress] 92% sealing asset processing SourceMapDevToolPlugin dossiq-node_modules_date-fns_locale_fy_js.js?v=a66f57d04e954821491b attached SourceMap
<s> [webpack.Progress] 92% sealing asset processing SourceMapDevToolPlugin dossiq-node_modules_date-fns_locale_gd_js.js?v=3b1b0515a310d5de5947 attach SourceMap
<s> [webpack.Progress] 92% sealing asset processing SourceMapDevToolPlugin dossiq-node_modules_date-fns_locale_gd_js.js?v=3b1b0515a310d5de5947 attached SourceMap
<s> [webpack.Progress] 92% sealing asset processing SourceMapDevToolPlugin dossiq-node_modules_date-fns_locale_gl_js.js?v=05c659acd88038310dc9 attach SourceMap
<s> [webpack.Progress] 92% sealing asset processing SourceMapDevToolPlugin dossiq-node_modules_date-fns_locale_gl_js.js?v=05c659acd88038310dc9 attached SourceMap
<s> [webpack.Progress] 92% sealing asset processing SourceMapDevToolPlugin dossiq-node_modules_date-fns_locale_gu_js.js?v=01d083d4f89a41b518d3 attach SourceMap
<s> [webpack.Progress] 92% sealing asset processing SourceMapDevToolPlugin dossiq-node_modules_date-fns_locale_gu_js.js?v=01d083d4f89a41b518d3 attached SourceMap
<s> [webpack.Progress] 92% sealing asset processing SourceMapDevToolPlugin dossiq-node_modules_date-fns_locale_he_js.js?v=e523d070ad332eb77773 attach SourceMap
<s> [webpack.Progress] 92% sealing asset processing SourceMapDevToolPlugin dossiq-node_modules_date-fns_locale_he_js.js?v=e523d070ad332eb77773 attached SourceMap
<s> [webpack.Progress] 92% sealing asset processing SourceMapDevToolPlugin dossiq-node_modules_date-fns_locale_hi_js.js?v=8d1c7b8ef0aeff6df1db attach SourceMap
<s> [webpack.Progress] 92% sealing asset processing SourceMapDevToolPlugin dossiq-node_modules_date-fns_locale_hi_js.js?v=8d1c7b8ef0aeff6df1db attached SourceMap
<s> [webpack.Progress] 92% sealing asset processing SourceMapDevToolPlugin dossiq-node_modules_date-fns_locale_hr_js.js?v=f0e1a9ea9be5ee509bed attach SourceMap
<s> [webpack.Progress] 92% sealing asset processing SourceMapDevToolPlugin dossiq-node_modules_date-fns_locale_hr_js.js?v=f0e1a9ea9be5ee509bed attached SourceMap
<s> [webpack.Progress] 92% sealing asset processing SourceMapDevToolPlugin dossiq-node_modules_date-fns_locale_ht_js.js?v=c513646672f588d757d5 attach SourceMap
<s> [webpack.Progress] 92% sealing asset processing SourceMapDevToolPlugin dossiq-node_modules_date-fns_locale_ht_js.js?v=c513646672f588d757d5 attached SourceMap
<s> [webpack.Progress] 92% sealing asset processing SourceMapDevToolPlugin dossiq-node_modules_date-fns_locale_hu_js.js?v=32ed70de043c7894fde6 attach SourceMap
<s> [webpack.Progress] 92% sealing asset processing SourceMapDevToolPlugin dossiq-node_modules_date-fns_locale_hu_js.js?v=32ed70de043c7894fde6 attached SourceMap
<s> [webpack.Progress] 92% sealing asset processing SourceMapDevToolPlugin dossiq-node_modules_date-fns_locale_hy_js.js?v=3df927cbf629535541bd attach SourceMap
<s> [webpack.Progress] 92% sealing asset processing SourceMapDevToolPlugin dossiq-node_modules_date-fns_locale_hy_js.js?v=3df927cbf629535541bd attached SourceMap
<s> [webpack.Progress] 92% sealing asset processing SourceMapDevToolPlugin dossiq-node_modules_date-fns_locale_id_js.js?v=b7dd30aef59744b34466 attach SourceMap
<s> [webpack.Progress] 92% sealing asset processing SourceMapDevToolPlugin dossiq-node_modules_date-fns_locale_id_js.js?v=b7dd30aef59744b34466 attached SourceMap
<s> [webpack.Progress] 92% sealing asset processing SourceMapDevToolPlugin dossiq-node_modules_date-fns_locale_is_js.js?v=aa88294ed787c072edac attach SourceMap
<s> [webpack.Progress] 92% sealing asset processing SourceMapDevToolPlugin dossiq-node_modules_date-fns_locale_is_js.js?v=aa88294ed787c072edac attached SourceMap
<s> [webpack.Progress] 92% sealing asset processing SourceMapDevToolPlugin dossiq-node_modules_date-fns_locale_it-CH_js.js?v=e7cfd4d3867f05e658e5 attach SourceMap
<s> [webpack.Progress] 92% sealing asset processing SourceMapDevToolPlugin dossiq-node_modules_date-fns_locale_it-CH_js.js?v=e7cfd4d3867f05e658e5 attached SourceMap
<s> [webpack.Progress] 92% sealing asset processing SourceMapDevToolPlugin dossiq-node_modules_date-fns_locale_it_js.js?v=48e058f5b4fb8aa307a7 attach SourceMap
<s> [webpack.Progress] 92% sealing asset processing SourceMapDevToolPlugin dossiq-node_modules_date-fns_locale_it_js.js?v=48e058f5b4fb8aa307a7 attached SourceMap
<s> [webpack.Progress] 92% sealing asset processing SourceMapDevToolPlugin dossiq-node_modules_date-fns_locale_ja-Hira_js.js?v=76309c6ece7fa32f0ad7 attach SourceMap
<s> [webpack.Progress] 92% sealing asset processing SourceMapDevToolPlugin dossiq-node_modules_date-fns_locale_ja-Hira_js.js?v=76309c6ece7fa32f0ad7 attached SourceMap
<s> [webpack.Progress] 92% sealing asset processing SourceMapDevToolPlugin dossiq-node_modules_date-fns_locale_ja_js.js?v=24fe57a80dc673bb5903 attach SourceMap
<s> [webpack.Progress] 92% sealing asset processing SourceMapDevToolPlugin dossiq-node_modules_date-fns_locale_ja_js.js?v=24fe57a80dc673bb5903 attached SourceMap
<s> [webpack.Progress] 92% sealing asset processing SourceMapDevToolPlugin dossiq-node_modules_date-fns_locale_ka_js.js?v=f0aeed8daf6770f8f7f2 attach SourceMap
<s> [webpack.Progress] 92% sealing asset processing SourceMapDevToolPlugin dossiq-node_modules_date-fns_locale_ka_js.js?v=f0aeed8daf6770f8f7f2 attached SourceMap
<s> [webpack.Progress] 92% sealing asset processing SourceMapDevToolPlugin dossiq-node_modules_date-fns_locale_kk_js.js?v=823091c18635972cc208 attach SourceMap
<s> [webpack.Progress] 92% sealing asset processing SourceMapDevToolPlugin dossiq-node_modules_date-fns_locale_kk_js.js?v=823091c18635972cc208 attached SourceMap
<s> [webpack.Progress] 92% sealing asset processing SourceMapDevToolPlugin dossiq-node_modules_date-fns_locale_km_js.js?v=f1a329edd5701d71aecb attach SourceMap
<s> [webpack.Progress] 92% sealing asset processing SourceMapDevToolPlugin dossiq-node_modules_date-fns_locale_km_js.js?v=f1a329edd5701d71aecb attached SourceMap
<s> [webpack.Progress] 92% sealing asset processing SourceMapDevToolPlugin dossiq-node_modules_date-fns_locale_kn_js.js?v=844189e0e5b948499ca9 attach SourceMap
<s> [webpack.Progress] 92% sealing asset processing SourceMapDevToolPlugin dossiq-node_modules_date-fns_locale_kn_js.js?v=844189e0e5b948499ca9 attached SourceMap
<s> [webpack.Progress] 92% sealing asset processing SourceMapDevToolPlugin dossiq-node_modules_date-fns_locale_ko_js.js?v=7c3c735697c7c4fbd7c7 attach SourceMap
<s> [webpack.Progress] 92% sealing asset processing SourceMapDevToolPlugin dossiq-node_modules_date-fns_locale_ko_js.js?v=7c3c735697c7c4fbd7c7 attached SourceMap
<s> [webpack.Progress] 92% sealing asset processing SourceMapDevToolPlugin dossiq-node_modules_date-fns_locale_lb_js.js?v=de9a82e6a29fac73fa3e attach SourceMap
<s> [webpack.Progress] 92% sealing asset processing SourceMapDevToolPlugin dossiq-node_modules_date-fns_locale_lb_js.js?v=de9a82e6a29fac73fa3e attached SourceMap
<s> [webpack.Progress] 92% sealing asset processing SourceMapDevToolPlugin dossiq-node_modules_date-fns_locale_lt_js.js?v=4551980153f079751914 attach SourceMap
<s> [webpack.Progress] 92% sealing asset processing SourceMapDevToolPlugin dossiq-node_modules_date-fns_locale_lt_js.js?v=4551980153f079751914 attached SourceMap
<s> [webpack.Progress] 92% sealing asset processing SourceMapDevToolPlugin dossiq-node_modules_date-fns_locale_lv_js.js?v=a215d86dd81b2861cf75 attach SourceMap
<s> [webpack.Progress] 92% sealing asset processing SourceMapDevToolPlugin dossiq-node_modules_date-fns_locale_lv_js.js?v=a215d86dd81b2861cf75 attached SourceMap
<s> [webpack.Progress] 92% sealing asset processing SourceMapDevToolPlugin dossiq-node_modules_date-fns_locale_mk_js.js?v=1a9c21ad62e2e3eedd3d attach SourceMap
<s> [webpack.Progress] 92% sealing asset processing SourceMapDevToolPlugin dossiq-node_modules_date-fns_locale_mk_js.js?v=1a9c21ad62e2e3eedd3d attached SourceMap
<s> [webpack.Progress] 92% sealing asset processing SourceMapDevToolPlugin dossiq-node_modules_date-fns_locale_mn_js.js?v=2875e3413d657c8eaa37 attach SourceMap
<s> [webpack.Progress] 92% sealing asset processing SourceMapDevToolPlugin dossiq-node_modules_date-fns_locale_mn_js.js?v=2875e3413d657c8eaa37 attached SourceMap
<s> [webpack.Progress] 92% sealing asset processing SourceMapDevToolPlugin dossiq-node_modules_date-fns_locale_ms_js.js?v=f99955a21c0f3e4bd3ea attach SourceMap
<s> [webpack.Progress] 92% sealing asset processing SourceMapDevToolPlugin dossiq-node_modules_date-fns_locale_ms_js.js?v=f99955a21c0f3e4bd3ea attached SourceMap
<s> [webpack.Progress] 92% sealing asset processing SourceMapDevToolPlugin dossiq-node_modules_date-fns_locale_mt_js.js?v=078492b2dce4d89a6499 attach SourceMap
<s> [webpack.Progress] 92% sealing asset processing SourceMapDevToolPlugin dossiq-node_modules_date-fns_locale_mt_js.js?v=078492b2dce4d89a6499 attached SourceMap
<s> [webpack.Progress] 92% sealing asset processing SourceMapDevToolPlugin dossiq-node_modules_date-fns_locale_nb_js.js?v=bcdfdeb0fe347653c388 attach SourceMap
<s> [webpack.Progress] 92% sealing asset processing SourceMapDevToolPlugin dossiq-node_modules_date-fns_locale_nb_js.js?v=bcdfdeb0fe347653c388 attached SourceMap
<s> [webpack.Progress] 92% sealing asset processing SourceMapDevToolPlugin dossiq-node_modules_date-fns_locale_nl-BE_js.js?v=a3af2394f2fc9ed63df3 attach SourceMap
<s> [webpack.Progress] 92% sealing asset processing SourceMapDevToolPlugin dossiq-node_modules_date-fns_locale_nl-BE_js.js?v=a3af2394f2fc9ed63df3 attached SourceMap
<s> [webpack.Progress] 92% sealing asset processing SourceMapDevToolPlugin dossiq-node_modules_date-fns_locale_nl_js.js?v=d1bbcdb6a60723a7479d attach SourceMap
<s> [webpack.Progress] 92% sealing asset processing SourceMapDevToolPlugin dossiq-node_modules_date-fns_locale_nl_js.js?v=d1bbcdb6a60723a7479d attached SourceMap
<s> [webpack.Progress] 92% sealing asset processing SourceMapDevToolPlugin dossiq-node_modules_date-fns_locale_nn_js.js?v=cd59c298f92c62f9f448 attach SourceMap
<s> [webpack.Progress] 92% sealing asset processing SourceMapDevToolPlugin dossiq-node_modules_date-fns_locale_nn_js.js?v=cd59c298f92c62f9f448 attached SourceMap
<s> [webpack.Progress] 92% sealing asset processing SourceMapDevToolPlugin dossiq-node_modules_date-fns_locale_oc_js.js?v=4520ee18f426e1ea9019 attach SourceMap
<s> [webpack.Progress] 92% sealing asset processing SourceMapDevToolPlugin dossiq-node_modules_date-fns_locale_oc_js.js?v=4520ee18f426e1ea9019 attached SourceMap
<s> [webpack.Progress] 92% sealing asset processing SourceMapDevToolPlugin dossiq-node_modules_date-fns_locale_pl_js.js?v=09b9cad5204628a55d02 attach SourceMap
<s> [webpack.Progress] 92% sealing asset processing SourceMapDevToolPlugin dossiq-node_modules_date-fns_locale_pl_js.js?v=09b9cad5204628a55d02 attached SourceMap
<s> [webpack.Progress] 92% sealing asset processing SourceMapDevToolPlugin dossiq-node_modules_date-fns_locale_pt-BR_js.js?v=c700f4a1b90b167dcc93 attach SourceMap
<s> [webpack.Progress] 92% sealing asset processing SourceMapDevToolPlugin dossiq-node_modules_date-fns_locale_pt-BR_js.js?v=c700f4a1b90b167dcc93 attached SourceMap
<s> [webpack.Progress] 92% sealing asset processing SourceMapDevToolPlugin dossiq-node_modules_date-fns_locale_pt_js.js?v=af867116012e4d93e87f attach SourceMap
<s> [webpack.Progress] 92% sealing asset processing SourceMapDevToolPlugin dossiq-node_modules_date-fns_locale_pt_js.js?v=af867116012e4d93e87f attached SourceMap
<s> [webpack.Progress] 92% sealing asset processing SourceMapDevToolPlugin dossiq-node_modules_date-fns_locale_ro_js.js?v=4456f6cd229690baf8b8 attach SourceMap
<s> [webpack.Progress] 92% sealing asset processing SourceMapDevToolPlugin dossiq-node_modules_date-fns_locale_ro_js.js?v=4456f6cd229690baf8b8 attached SourceMap
<s> [webpack.Progress] 92% sealing asset processing SourceMapDevToolPlugin dossiq-node_modules_date-fns_locale_ru_js.js?v=fe866904ec74582662fa attach SourceMap
<s> [webpack.Progress] 92% sealing asset processing SourceMapDevToolPlugin dossiq-node_modules_date-fns_locale_ru_js.js?v=fe866904ec74582662fa attached SourceMap
<s> [webpack.Progress] 92% sealing asset processing SourceMapDevToolPlugin dossiq-node_modules_date-fns_locale_se_js.js?v=5a8aae4fdcb624360000 attach SourceMap
<s> [webpack.Progress] 92% sealing asset processing SourceMapDevToolPlugin dossiq-node_modules_date-fns_locale_se_js.js?v=5a8aae4fdcb624360000 attached SourceMap
<s> [webpack.Progress] 92% sealing asset processing SourceMapDevToolPlugin dossiq-node_modules_date-fns_locale_sk_js.js?v=3ce8c30f8460d53d5998 attach SourceMap
<s> [webpack.Progress] 92% sealing asset processing SourceMapDevToolPlugin dossiq-node_modules_date-fns_locale_sk_js.js?v=3ce8c30f8460d53d5998 attached SourceMap
<s> [webpack.Progress] 92% sealing asset processing SourceMapDevToolPlugin dossiq-node_modules_date-fns_locale_sl_js.js?v=0f20db32574348e7d19a attach SourceMap
<s> [webpack.Progress] 92% sealing asset processing SourceMapDevToolPlugin dossiq-node_modules_date-fns_locale_sl_js.js?v=0f20db32574348e7d19a attached SourceMap
<s> [webpack.Progress] 92% sealing asset processing SourceMapDevToolPlugin dossiq-node_modules_date-fns_locale_sq_js.js?v=1101c4a1ba067f47913e attach SourceMap
<s> [webpack.Progress] 92% sealing asset processing SourceMapDevToolPlugin dossiq-node_modules_date-fns_locale_sq_js.js?v=1101c4a1ba067f47913e attached SourceMap
<s> [webpack.Progress] 92% sealing asset processing SourceMapDevToolPlugin dossiq-node_modules_date-fns_locale_sr-Latn_js.js?v=5b249bc6b8a72f1b37e1 attach SourceMap
<s> [webpack.Progress] 92% sealing asset processing SourceMapDevToolPlugin dossiq-node_modules_date-fns_locale_sr-Latn_js.js?v=5b249bc6b8a72f1b37e1 attached SourceMap
<s> [webpack.Progress] 92% sealing asset processing SourceMapDevToolPlugin dossiq-node_modules_date-fns_locale_sr_js.js?v=0b9dce07f22931ff6b8d attach SourceMap
<s> [webpack.Progress] 92% sealing asset processing SourceMapDevToolPlugin dossiq-node_modules_date-fns_locale_sr_js.js?v=0b9dce07f22931ff6b8d attached SourceMap
<s> [webpack.Progress] 92% sealing asset processing SourceMapDevToolPlugin dossiq-node_modules_date-fns_locale_sv_js.js?v=d7af36c9e1bd16f2c920 attach SourceMap
<s> [webpack.Progress] 92% sealing asset processing SourceMapDevToolPlugin dossiq-node_modules_date-fns_locale_sv_js.js?v=d7af36c9e1bd16f2c920 attached SourceMap
<s> [webpack.Progress] 92% sealing asset processing SourceMapDevToolPlugin dossiq-node_modules_date-fns_locale_ta_js.js?v=64beaa53f22a8547aaed attach SourceMap
<s> [webpack.Progress] 92% sealing asset processing SourceMapDevToolPlugin dossiq-node_modules_date-fns_locale_ta_js.js?v=64beaa53f22a8547aaed attached SourceMap
<s> [webpack.Progress] 92% sealing asset processing SourceMapDevToolPlugin dossiq-node_modules_date-fns_locale_te_js.js?v=71eece5a0414398e9ba9 attach SourceMap
<s> [webpack.Progress] 92% sealing asset processing SourceMapDevToolPlugin dossiq-node_modules_date-fns_locale_te_js.js?v=71eece5a0414398e9ba9 attached SourceMap
<s> [webpack.Progress] 92% sealing asset processing SourceMapDevToolPlugin dossiq-node_modules_date-fns_locale_th_js.js?v=37e9a4693eb5c8144954 attach SourceMap
<s> [webpack.Progress] 92% sealing asset processing SourceMapDevToolPlugin dossiq-node_modules_date-fns_locale_th_js.js?v=37e9a4693eb5c8144954 attached SourceMap
<s> [webpack.Progress] 92% sealing asset processing SourceMapDevToolPlugin dossiq-node_modules_date-fns_locale_tr_js.js?v=bd5c25d5fc39c6d5f0ae attach SourceMap
<s> [webpack.Progress] 92% sealing asset processing SourceMapDevToolPlugin dossiq-node_modules_date-fns_locale_tr_js.js?v=bd5c25d5fc39c6d5f0ae attached SourceMap
<s> [webpack.Progress] 92% sealing asset processing SourceMapDevToolPlugin dossiq-node_modules_date-fns_locale_ug_js.js?v=5e6a90da30a7ac2a0b38 attach SourceMap
<s> [webpack.Progress] 92% sealing asset processing SourceMapDevToolPlugin dossiq-node_modules_date-fns_locale_ug_js.js?v=5e6a90da30a7ac2a0b38 attached SourceMap
<s> [webpack.Progress] 92% sealing asset processing SourceMapDevToolPlugin dossiq-node_modules_date-fns_locale_uk_js.js?v=080d1787d2063a7a0373 attach SourceMap
<s> [webpack.Progress] 92% sealing asset processing SourceMapDevToolPlugin dossiq-node_modules_date-fns_locale_uk_js.js?v=080d1787d2063a7a0373 attached SourceMap
<s> [webpack.Progress] 92% sealing asset processing SourceMapDevToolPlugin dossiq-node_modules_date-fns_locale_uz-Cyrl_js.js?v=17312634ecb46ea98bfa attach SourceMap
<s> [webpack.Progress] 92% sealing asset processing SourceMapDevToolPlugin dossiq-node_modules_date-fns_locale_uz-Cyrl_js.js?v=17312634ecb46ea98bfa attached SourceMap
<s> [webpack.Progress] 92% sealing asset processing SourceMapDevToolPlugin dossiq-node_modules_date-fns_locale_uz_js.js?v=e30b1a6dd115bd768447 attach SourceMap
<s> [webpack.Progress] 92% sealing asset processing SourceMapDevToolPlugin dossiq-node_modules_date-fns_locale_uz_js.js?v=e30b1a6dd115bd768447 attached SourceMap
<s> [webpack.Progress] 92% sealing asset processing SourceMapDevToolPlugin dossiq-node_modules_date-fns_locale_vi_js.js?v=57eb38a1905bd76c58ec attach SourceMap
<s> [webpack.Progress] 92% sealing asset processing SourceMapDevToolPlugin dossiq-node_modules_date-fns_locale_vi_js.js?v=57eb38a1905bd76c58ec attached SourceMap
<s> [webpack.Progress] 92% sealing asset processing SourceMapDevToolPlugin dossiq-node_modules_date-fns_locale_zh-CN_js.js?v=a1c9e8dbc5f40b061728 attach SourceMap
<s> [webpack.Progress] 92% sealing asset processing SourceMapDevToolPlugin dossiq-node_modules_date-fns_locale_zh-CN_js.js?v=a1c9e8dbc5f40b061728 attached SourceMap
<s> [webpack.Progress] 92% sealing asset processing SourceMapDevToolPlugin dossiq-node_modules_date-fns_locale_zh-HK_js.js?v=2777bdd4d625dc1497fe attach SourceMap
<s> [webpack.Progress] 92% sealing asset processing SourceMapDevToolPlugin dossiq-node_modules_date-fns_locale_zh-HK_js.js?v=2777bdd4d625dc1497fe attached SourceMap
<s> [webpack.Progress] 92% sealing asset processing SourceMapDevToolPlugin dossiq-node_modules_date-fns_locale_zh-TW_js.js?v=9959fe4b05ee75782565 attach SourceMap
<s> [webpack.Progress] 92% sealing asset processing SourceMapDevToolPlugin dossiq-node_modules_date-fns_locale_zh-TW_js.js?v=9959fe4b05ee75782565 attached SourceMap
<s> [webpack.Progress] 92% sealing asset processing SourceMapDevToolPlugin dossiq-node_modules_rehype-highlight_index_js.js?v=12b96fff239471f6bdb1 attach SourceMap
<s> [webpack.Progress] 92% sealing asset processing SourceMapDevToolPlugin dossiq-node_modules_rehype-highlight_index_js.js?v=12b96fff239471f6bdb1 attached SourceMap
<s> [webpack.Progress] 92% sealing asset processing SourceMapDevToolPlugin dossiq-node_modules_nextcloud_paths_dist_index_mjs.js?v=7ae910a6c381eb0c0d50 attach SourceMap
<s> [webpack.Progress] 92% sealing asset processing SourceMapDevToolPlugin dossiq-node_modules_nextcloud_paths_dist_index_mjs.js?v=7ae910a6c381eb0c0d50 attached SourceMap
<s> [webpack.Progress] 92% sealing asset processing SourceMapDevToolPlugin dossiq-node_modules_nextcloud_dialogs_dist_chunks_ConflictPicker_mjs.js?v=4f0d272076d2ced13851 attach SourceMap
<s> [webpack.Progress] 92% sealing asset processing SourceMapDevToolPlugin dossiq-node_modules_nextcloud_dialogs_dist_chunks_ConflictPicker_mjs.js?v=4f0d272076d2ced13851 attached SourceMap
<s> [webpack.Progress] 92% sealing asset processing SourceMapDevToolPlugin dossiq-node_modules_nextcloud_dialogs_dist_chunks_FilePicker_mjs.js?v=c84b85909acd64506d53 attach SourceMap
<s> [webpack.Progress] 92% sealing asset processing SourceMapDevToolPlugin dossiq-node_modules_nextcloud_dialogs_dist_chunks_FilePicker_mjs.js?v=c84b85909acd64506d53 attached SourceMap
<s> [webpack.Progress] 92% sealing asset processing SourceMapDevToolPlugin dossiq-node_modules_nextcloud_dialogs_dist_chunks_PublicAuthPrompt_mjs.js?v=82fee40fb61586aa0cee attach SourceMap
<s> [webpack.Progress] 92% sealing asset processing SourceMapDevToolPlugin dossiq-node_modules_nextcloud_dialogs_dist_chunks_PublicAuthPrompt_mjs.js?v=82fee40fb61586aa0cee attached SourceMap
<s> [webpack.Progress] 92% sealing asset processing SourceMapDevToolPlugin dossiq-node_modules_toast-ui_editor_dist_esm_index_js.js?v=ee24b7407e116657c775 attach SourceMap
<s> [webpack.Progress] 92% sealing asset processing SourceMapDevToolPlugin dossiq-node_modules_toast-ui_editor_dist_esm_index_js.js?v=ee24b7407e116657c775 attached SourceMap
<s> [webpack.Progress] 92% sealing asset processing SourceMapDevToolPlugin dossiq-node_modules_toast-ui_editor_dist_toastui-editor_css.js?v=9e1ac56c9104a7babbe0 attach SourceMap
<s> [webpack.Progress] 92% sealing asset processing SourceMapDevToolPlugin dossiq-node_modules_toast-ui_editor_dist_toastui-editor_css.js?v=9e1ac56c9104a7babbe0 attached SourceMap
<s> [webpack.Progress] 92% sealing asset processing SourceMapDevToolPlugin dossiq-node_modules_mdi_js_mdi_js-node_modules_nextcloud_files_dist_index_mjs.js?v=39c71e6830d122c33bd5 attach SourceMap
<s> [webpack.Progress] 92% sealing asset processing SourceMapDevToolPlugin dossiq-node_modules_mdi_js_mdi_js-node_modules_nextcloud_files_dist_index_mjs.js?v=39c71e6830d122c33bd5 attached SourceMap
<s> [webpack.Progress] 92% sealing asset processing SourceMapDevToolPlugin dossiq-node_modules_mdi_js_mdi_js-node_modules_nextcloud_files_dist_dav_mjs-node_modules_nextcloud_f-318b95.js?v=8e8f905a0334610714fc attach SourceMap
<s> [webpack.Progress] 92% sealing asset processing SourceMapDevToolPlugin dossiq-node_modules_mdi_js_mdi_js-node_modules_nextcloud_files_dist_dav_mjs-node_modules_nextcloud_f-318b95.js?v=8e8f905a0334610714fc attached SourceMap
<s> [webpack.Progress] 92% sealing asset processing SourceMapDevToolPlugin dossiq-node_modules_nextcloud_files_dist_index_mjs.js?v=a2285ceb11566953a01f attach SourceMap
<s> [webpack.Progress] 92% sealing asset processing SourceMapDevToolPlugin dossiq-node_modules_nextcloud_files_dist_index_mjs.js?v=a2285ceb11566953a01f attached SourceMap
<s> [webpack.Progress] 92% sealing asset processing SourceMapDevToolPlugin dossiq-shared-nc-vue.js attach SourceMap
<s> [webpack.Progress] 92% sealing asset processing SourceMapDevToolPlugin dossiq-shared-nc-vue.js attached SourceMap
<s> [webpack.Progress] 92% sealing asset processing SourceMapDevToolPlugin dossiq-shared-vendor.js attach SourceMap
<s> [webpack.Progress] 92% sealing asset processing SourceMapDevToolPlugin dossiq-shared-vendor.js attached SourceMap
<s> [webpack.Progress] 92% sealing asset processing SourceMapDevToolPlugin
<s> [webpack.Progress] 92% sealing asset processing SourceMapDevToolPlugin
<s> [webpack.Progress] 92% sealing asset processing SourceMapDevToolPlugin resolve sources
<s> [webpack.Progress] 92% sealing asset processing SourceMapDevToolPlugin
<s> [webpack.Progress] 92% sealing asset processing RealContentHashPlugin
<s> [webpack.Progress] 92% sealing asset processing RealContentHashPlugin
<s> [webpack.Progress] 92% sealing asset processing RealContentHashPlugin dossiq-node_modules_date-fns_locale_af_js.js?v=468a9ae983f35ecd41ac generate SourceMap
<s> [webpack.Progress] 92% sealing asset processing RealContentHashPlugin dossiq-node_modules_date-fns_locale_af_js.js?v=468a9ae983f35ecd41ac generated SourceMap
<s> [webpack.Progress] 92% sealing asset processing RealContentHashPlugin dossiq-node_modules_date-fns_locale_ar-DZ_js.js?v=e9e3389abf79f94b8073 generate SourceMap
<s> [webpack.Progress] 92% sealing asset processing RealContentHashPlugin dossiq-node_modules_date-fns_locale_ar-DZ_js.js?v=e9e3389abf79f94b8073 generated SourceMap
<s> [webpack.Progress] 92% sealing asset processing RealContentHashPlugin dossiq-node_modules_date-fns_locale_ar-EG_js.js?v=dc5424730ca99eaae92a generate SourceMap
<s> [webpack.Progress] 92% sealing asset processing RealContentHashPlugin dossiq-node_modules_date-fns_locale_ar-EG_js.js?v=dc5424730ca99eaae92a generated SourceMap
<s> [webpack.Progress] 92% sealing asset processing RealContentHashPlugin dossiq-node_modules_date-fns_locale_ar-MA_js.js?v=2d64d391dd8a699f719b generate SourceMap
<s> [webpack.Progress] 92% sealing asset processing RealContentHashPlugin dossiq-node_modules_date-fns_locale_ar-MA_js.js?v=2d64d391dd8a699f719b generated SourceMap
<s> [webpack.Progress] 92% sealing asset processing RealContentHashPlugin dossiq-node_modules_date-fns_locale_ar-SA_js.js?v=a913ea0a4e839e4014aa generate SourceMap
<s> [webpack.Progress] 92% sealing asset processing RealContentHashPlugin dossiq-node_modules_date-fns_locale_ar-SA_js.js?v=a913ea0a4e839e4014aa generated SourceMap
<s> [webpack.Progress] 92% sealing asset processing RealContentHashPlugin dossiq-node_modules_date-fns_locale_ar-TN_js.js?v=36a18379e1b90c93fc4f generate SourceMap
<s> [webpack.Progress] 92% sealing asset processing RealContentHashPlugin dossiq-node_modules_date-fns_locale_ar-TN_js.js?v=36a18379e1b90c93fc4f generated SourceMap
<s> [webpack.Progress] 92% sealing asset processing RealContentHashPlugin dossiq-node_modules_date-fns_locale_ar_js.js?v=397237f4b24f937e0849 generate SourceMap
<s> [webpack.Progress] 92% sealing asset processing RealContentHashPlugin dossiq-node_modules_date-fns_locale_ar_js.js?v=397237f4b24f937e0849 generated SourceMap
<s> [webpack.Progress] 92% sealing asset processing RealContentHashPlugin dossiq-node_modules_date-fns_locale_az_js.js?v=d9defabfb48e392e3859 generate SourceMap
<s> [webpack.Progress] 92% sealing asset processing RealContentHashPlugin dossiq-node_modules_date-fns_locale_az_js.js?v=d9defabfb48e392e3859 generated SourceMap
<s> [webpack.Progress] 92% sealing asset processing RealContentHashPlugin dossiq-node_modules_date-fns_locale_be-tarask_js.js?v=43fdca146af809bb895c generate SourceMap
<s> [webpack.Progress] 92% sealing asset processing RealContentHashPlugin dossiq-node_modules_date-fns_locale_be-tarask_js.js?v=43fdca146af809bb895c generated SourceMap
<s> [webpack.Progress] 92% sealing asset processing RealContentHashPlugin dossiq-node_modules_date-fns_locale_be_js.js?v=b22f27708ab280c56160 generate SourceMap
<s> [webpack.Progress] 92% sealing asset processing RealContentHashPlugin dossiq-node_modules_date-fns_locale_be_js.js?v=b22f27708ab280c56160 generated SourceMap
<s> [webpack.Progress] 92% sealing asset processing RealContentHashPlugin dossiq-node_modules_date-fns_locale_bg_js.js?v=a5b2c184c91c9e20ae96 generate SourceMap
<s> [webpack.Progress] 92% sealing asset processing RealContentHashPlugin dossiq-node_modules_date-fns_locale_bg_js.js?v=a5b2c184c91c9e20ae96 generated SourceMap
<s> [webpack.Progress] 92% sealing asset processing RealContentHashPlugin dossiq-node_modules_date-fns_locale_bn_js.js?v=11b82d427de3ea697083 generate SourceMap
<s> [webpack.Progress] 92% sealing asset processing RealContentHashPlugin dossiq-node_modules_date-fns_locale_bn_js.js?v=11b82d427de3ea697083 generated SourceMap
<s> [webpack.Progress] 92% sealing asset processing RealContentHashPlugin dossiq-node_modules_date-fns_locale_bs_js.js?v=78e6ddd3188849fa1434 generate SourceMap
<s> [webpack.Progress] 92% sealing asset processing RealContentHashPlugin dossiq-node_modules_date-fns_locale_bs_js.js?v=78e6ddd3188849fa1434 generated SourceMap
<s> [webpack.Progress] 92% sealing asset processing RealContentHashPlugin dossiq-node_modules_date-fns_locale_ca_js.js?v=d0c1db2e6abe8a9efcf2 generate SourceMap
<s> [webpack.Progress] 92% sealing asset processing RealContentHashPlugin dossiq-node_modules_date-fns_locale_ca_js.js?v=d0c1db2e6abe8a9efcf2 generated SourceMap
<s> [webpack.Progress] 92% sealing asset processing RealContentHashPlugin dossiq-node_modules_date-fns_locale_ckb_js.js?v=0d6ac8362d4ef1774418 generate SourceMap
<s> [webpack.Progress] 92% sealing asset processing RealContentHashPlugin dossiq-node_modules_date-fns_locale_ckb_js.js?v=0d6ac8362d4ef1774418 generated SourceMap
<s> [webpack.Progress] 92% sealing asset processing RealContentHashPlugin dossiq-node_modules_date-fns_locale_cs_js.js?v=a4198ff9fcd5744cfaab generate SourceMap
<s> [webpack.Progress] 92% sealing asset processing RealContentHashPlugin dossiq-node_modules_date-fns_locale_cs_js.js?v=a4198ff9fcd5744cfaab generated SourceMap
<s> [webpack.Progress] 92% sealing asset processing RealContentHashPlugin dossiq-node_modules_date-fns_locale_cy_js.js?v=04224c163dc5d75befbf generate SourceMap
<s> [webpack.Progress] 92% sealing asset processing RealContentHashPlugin dossiq-node_modules_date-fns_locale_cy_js.js?v=04224c163dc5d75befbf generated SourceMap
<s> [webpack.Progress] 92% sealing asset processing RealContentHashPlugin dossiq-node_modules_date-fns_locale_da_js.js?v=489cf9ba4f9b49fbf80e generate SourceMap
<s> [webpack.Progress] 92% sealing asset processing RealContentHashPlugin dossiq-node_modules_date-fns_locale_da_js.js?v=489cf9ba4f9b49fbf80e generated SourceMap
<s> [webpack.Progress] 92% sealing asset processing RealContentHashPlugin dossiq-node_modules_date-fns_locale_de-AT_js.js?v=c6d2551cc751823f367f generate SourceMap
<s> [webpack.Progress] 92% sealing asset processing RealContentHashPlugin dossiq-node_modules_date-fns_locale_de-AT_js.js?v=c6d2551cc751823f367f generated SourceMap
<s> [webpack.Progress] 92% sealing asset processing RealContentHashPlugin dossiq-node_modules_date-fns_locale_de_js.js?v=2185923b83c4a227ec74 generate SourceMap
<s> [webpack.Progress] 92% sealing asset processing RealContentHashPlugin dossiq-node_modules_date-fns_locale_de_js.js?v=2185923b83c4a227ec74 generated SourceMap
<s> [webpack.Progress] 92% sealing asset processing RealContentHashPlugin dossiq-node_modules_date-fns_locale_el_js.js?v=a0ef158115308bbf60d6 generate SourceMap
<s> [webpack.Progress] 92% sealing asset processing RealContentHashPlugin dossiq-node_modules_date-fns_locale_el_js.js?v=a0ef158115308bbf60d6 generated SourceMap
<s> [webpack.Progress] 92% sealing asset processing RealContentHashPlugin dossiq-node_modules_date-fns_locale_en-AU_js.js?v=a3910f3854db800776a1 generate SourceMap
<s> [webpack.Progress] 92% sealing asset processing RealContentHashPlugin dossiq-node_modules_date-fns_locale_en-AU_js.js?v=a3910f3854db800776a1 generated SourceMap
<s> [webpack.Progress] 92% sealing asset processing RealContentHashPlugin dossiq-node_modules_date-fns_locale_en-CA_js.js?v=cb9eec906830dfeea616 generate SourceMap
<s> [webpack.Progress] 92% sealing asset processing RealContentHashPlugin dossiq-node_modules_date-fns_locale_en-CA_js.js?v=cb9eec906830dfeea616 generated SourceMap
<s> [webpack.Progress] 92% sealing asset processing RealContentHashPlugin dossiq-node_modules_date-fns_locale_en-GB_js.js?v=5087d969d1dad0208890 generate SourceMap
<s> [webpack.Progress] 92% sealing asset processing RealContentHashPlugin dossiq-node_modules_date-fns_locale_en-GB_js.js?v=5087d969d1dad0208890 generated SourceMap
<s> [webpack.Progress] 92% sealing asset processing RealContentHashPlugin dossiq-node_modules_date-fns_locale_en-IE_js.js?v=2de82c2b0e30bf48a1c0 generate SourceMap
<s> [webpack.Progress] 92% sealing asset processing RealContentHashPlugin dossiq-node_modules_date-fns_locale_en-IE_js.js?v=2de82c2b0e30bf48a1c0 generated SourceMap
<s> [webpack.Progress] 92% sealing asset processing RealContentHashPlugin dossiq-node_modules_date-fns_locale_en-IN_js.js?v=2d8ed5fe637a3da2fce7 generate SourceMap
<s> [webpack.Progress] 92% sealing asset processing RealContentHashPlugin dossiq-node_modules_date-fns_locale_en-IN_js.js?v=2d8ed5fe637a3da2fce7 generated SourceMap
<s> [webpack.Progress] 92% sealing asset processing RealContentHashPlugin dossiq-node_modules_date-fns_locale_en-NZ_js.js?v=ee84ac70e76aa346f54b generate SourceMap
<s> [webpack.Progress] 92% sealing asset processing RealContentHashPlugin dossiq-node_modules_date-fns_locale_en-NZ_js.js?v=ee84ac70e76aa346f54b generated SourceMap
<s> [webpack.Progress] 92% sealing asset processing RealContentHashPlugin dossiq-node_modules_date-fns_locale_en-ZA_js.js?v=0da65cfd46d016047d0e generate SourceMap
<s> [webpack.Progress] 92% sealing asset processing RealContentHashPlugin dossiq-node_modules_date-fns_locale_en-ZA_js.js?v=0da65cfd46d016047d0e generated SourceMap
<s> [webpack.Progress] 92% sealing asset processing RealContentHashPlugin dossiq-node_modules_date-fns_locale_eo_js.js?v=830adeea772a2192957d generate SourceMap
<s> [webpack.Progress] 92% sealing asset processing RealContentHashPlugin dossiq-node_modules_date-fns_locale_eo_js.js?v=830adeea772a2192957d generated SourceMap
<s> [webpack.Progress] 92% sealing asset processing RealContentHashPlugin dossiq-node_modules_date-fns_locale_es_js.js?v=25bf1a24bc9f302d9b9e generate SourceMap
<s> [webpack.Progress] 92% sealing asset processing RealContentHashPlugin dossiq-node_modules_date-fns_locale_es_js.js?v=25bf1a24bc9f302d9b9e generated SourceMap
<s> [webpack.Progress] 92% sealing asset processing RealContentHashPlugin dossiq-node_modules_date-fns_locale_et_js.js?v=2063ad4ef8db8d770b51 generate SourceMap
<s> [webpack.Progress] 92% sealing asset processing RealContentHashPlugin dossiq-node_modules_date-fns_locale_et_js.js?v=2063ad4ef8db8d770b51 generated SourceMap
<s> [webpack.Progress] 92% sealing asset processing RealContentHashPlugin dossiq-node_modules_date-fns_locale_eu_js.js?v=d86f7635aec8f28b9b95 generate SourceMap
<s> [webpack.Progress] 92% sealing asset processing RealContentHashPlugin dossiq-node_modules_date-fns_locale_eu_js.js?v=d86f7635aec8f28b9b95 generated SourceMap
<s> [webpack.Progress] 92% sealing asset processing RealContentHashPlugin dossiq-node_modules_date-fns_locale_fa-IR_js.js?v=0d5b6095b8074cae6130 generate SourceMap
<s> [webpack.Progress] 92% sealing asset processing RealContentHashPlugin dossiq-node_modules_date-fns_locale_fa-IR_js.js?v=0d5b6095b8074cae6130 generated SourceMap
<s> [webpack.Progress] 92% sealing asset processing RealContentHashPlugin dossiq-node_modules_date-fns_locale_fi_js.js?v=1f05df25af835e283b1e generate SourceMap
<s> [webpack.Progress] 92% sealing asset processing RealContentHashPlugin dossiq-node_modules_date-fns_locale_fi_js.js?v=1f05df25af835e283b1e generated SourceMap
<s> [webpack.Progress] 92% sealing asset processing RealContentHashPlugin dossiq-node_modules_date-fns_locale_fr-CA_js.js?v=7a5656359e9f1abbff11 generate SourceMap
<s> [webpack.Progress] 92% sealing asset processing RealContentHashPlugin dossiq-node_modules_date-fns_locale_fr-CA_js.js?v=7a5656359e9f1abbff11 generated SourceMap
<s> [webpack.Progress] 92% sealing asset processing RealContentHashPlugin dossiq-node_modules_date-fns_locale_fr-CH_js.js?v=9d06af9bab736f1fa959 generate SourceMap
<s> [webpack.Progress] 92% sealing asset processing RealContentHashPlugin dossiq-node_modules_date-fns_locale_fr-CH_js.js?v=9d06af9bab736f1fa959 generated SourceMap
<s> [webpack.Progress] 92% sealing asset processing RealContentHashPlugin dossiq-node_modules_date-fns_locale_fr_js.js?v=c154dc8abfa08f3e0c21 generate SourceMap
<s> [webpack.Progress] 92% sealing asset processing RealContentHashPlugin dossiq-node_modules_date-fns_locale_fr_js.js?v=c154dc8abfa08f3e0c21 generated SourceMap
<s> [webpack.Progress] 92% sealing asset processing RealContentHashPlugin dossiq-node_modules_date-fns_locale_fy_js.js?v=dd0b040a1e3d5f46a523 generate SourceMap
<s> [webpack.Progress] 92% sealing asset processing RealContentHashPlugin dossiq-node_modules_date-fns_locale_fy_js.js?v=dd0b040a1e3d5f46a523 generated SourceMap
<s> [webpack.Progress] 92% sealing asset processing RealContentHashPlugin dossiq-node_modules_date-fns_locale_gd_js.js?v=f2b5290b8bd242794ef0 generate SourceMap
<s> [webpack.Progress] 92% sealing asset processing RealContentHashPlugin dossiq-node_modules_date-fns_locale_gd_js.js?v=f2b5290b8bd242794ef0 generated SourceMap
<s> [webpack.Progress] 92% sealing asset processing RealContentHashPlugin dossiq-node_modules_date-fns_locale_gl_js.js?v=8115eab7cfcab49b88be generate SourceMap
<s> [webpack.Progress] 92% sealing asset processing RealContentHashPlugin dossiq-node_modules_date-fns_locale_gl_js.js?v=8115eab7cfcab49b88be generated SourceMap
<s> [webpack.Progress] 92% sealing asset processing RealContentHashPlugin dossiq-node_modules_date-fns_locale_gu_js.js?v=2a4b36c82e2d319f13b0 generate SourceMap
<s> [webpack.Progress] 92% sealing asset processing RealContentHashPlugin dossiq-node_modules_date-fns_locale_gu_js.js?v=2a4b36c82e2d319f13b0 generated SourceMap
<s> [webpack.Progress] 92% sealing asset processing RealContentHashPlugin dossiq-node_modules_date-fns_locale_he_js.js?v=e9fb33105e982aa7df41 generate SourceMap
<s> [webpack.Progress] 92% sealing asset processing RealContentHashPlugin dossiq-node_modules_date-fns_locale_he_js.js?v=e9fb33105e982aa7df41 generated SourceMap
<s> [webpack.Progress] 92% sealing asset processing RealContentHashPlugin dossiq-node_modules_date-fns_locale_hi_js.js?v=3e19c8a8a98ef13f028f generate SourceMap
<s> [webpack.Progress] 92% sealing asset processing RealContentHashPlugin dossiq-node_modules_date-fns_locale_hi_js.js?v=3e19c8a8a98ef13f028f generated SourceMap
<s> [webpack.Progress] 92% sealing asset processing RealContentHashPlugin dossiq-node_modules_date-fns_locale_hr_js.js?v=d9c9558a6f32a8e616a4 generate SourceMap
<s> [webpack.Progress] 92% sealing asset processing RealContentHashPlugin dossiq-node_modules_date-fns_locale_hr_js.js?v=d9c9558a6f32a8e616a4 generated SourceMap
<s> [webpack.Progress] 92% sealing asset processing RealContentHashPlugin dossiq-node_modules_date-fns_locale_ht_js.js?v=3f5c5b2809810043e0b3 generate SourceMap
<s> [webpack.Progress] 92% sealing asset processing RealContentHashPlugin dossiq-node_modules_date-fns_locale_ht_js.js?v=3f5c5b2809810043e0b3 generated SourceMap
<s> [webpack.Progress] 92% sealing asset processing RealContentHashPlugin dossiq-node_modules_date-fns_locale_hu_js.js?v=504d23af950954cb6df8 generate SourceMap
<s> [webpack.Progress] 92% sealing asset processing RealContentHashPlugin dossiq-node_modules_date-fns_locale_hu_js.js?v=504d23af950954cb6df8 generated SourceMap
<s> [webpack.Progress] 92% sealing asset processing RealContentHashPlugin dossiq-node_modules_date-fns_locale_hy_js.js?v=ee5202d54d8f7e32a44a generate SourceMap
<s> [webpack.Progress] 92% sealing asset processing RealContentHashPlugin dossiq-node_modules_date-fns_locale_hy_js.js?v=ee5202d54d8f7e32a44a generated SourceMap
<s> [webpack.Progress] 92% sealing asset processing RealContentHashPlugin dossiq-node_modules_date-fns_locale_id_js.js?v=c1f274222af9a9ce11a1 generate SourceMap
<s> [webpack.Progress] 92% sealing asset processing RealContentHashPlugin dossiq-node_modules_date-fns_locale_id_js.js?v=c1f274222af9a9ce11a1 generated SourceMap
<s> [webpack.Progress] 92% sealing asset processing RealContentHashPlugin dossiq-node_modules_date-fns_locale_is_js.js?v=c9cf30c72526468b0fce generate SourceMap
<s> [webpack.Progress] 92% sealing asset processing RealContentHashPlugin dossiq-node_modules_date-fns_locale_is_js.js?v=c9cf30c72526468b0fce generated SourceMap
<s> [webpack.Progress] 92% sealing asset processing RealContentHashPlugin dossiq-node_modules_date-fns_locale_it-CH_js.js?v=2c917ba6b015413d1cbb generate SourceMap
<s> [webpack.Progress] 92% sealing asset processing RealContentHashPlugin dossiq-node_modules_date-fns_locale_it-CH_js.js?v=2c917ba6b015413d1cbb generated SourceMap
<s> [webpack.Progress] 92% sealing asset processing RealContentHashPlugin dossiq-node_modules_date-fns_locale_it_js.js?v=2fd91164b566c3ec3eeb generate SourceMap
<s> [webpack.Progress] 92% sealing asset processing RealContentHashPlugin dossiq-node_modules_date-fns_locale_it_js.js?v=2fd91164b566c3ec3eeb generated SourceMap
<s> [webpack.Progress] 92% sealing asset processing RealContentHashPlugin dossiq-node_modules_date-fns_locale_ja-Hira_js.js?v=2c2993e04f54f20bbc7d generate SourceMap
<s> [webpack.Progress] 92% sealing asset processing RealContentHashPlugin dossiq-node_modules_date-fns_locale_ja-Hira_js.js?v=2c2993e04f54f20bbc7d generated SourceMap
<s> [webpack.Progress] 92% sealing asset processing RealContentHashPlugin dossiq-node_modules_date-fns_locale_ja_js.js?v=71204c67f007541a66c3 generate SourceMap
<s> [webpack.Progress] 92% sealing asset processing RealContentHashPlugin dossiq-node_modules_date-fns_locale_ja_js.js?v=71204c67f007541a66c3 generated SourceMap
<s> [webpack.Progress] 92% sealing asset processing RealContentHashPlugin dossiq-node_modules_date-fns_locale_ka_js.js?v=6fe69c429a0e4e8ca217 generate SourceMap
<s> [webpack.Progress] 92% sealing asset processing RealContentHashPlugin dossiq-node_modules_date-fns_locale_ka_js.js?v=6fe69c429a0e4e8ca217 generated SourceMap
<s> [webpack.Progress] 92% sealing asset processing RealContentHashPlugin dossiq-node_modules_date-fns_locale_kk_js.js?v=8879750a67339a38f079 generate SourceMap
<s> [webpack.Progress] 92% sealing asset processing RealContentHashPlugin dossiq-node_modules_date-fns_locale_kk_js.js?v=8879750a67339a38f079 generated SourceMap
<s> [webpack.Progress] 92% sealing asset processing RealContentHashPlugin dossiq-node_modules_date-fns_locale_km_js.js?v=41d8e1497e1f0525e8d5 generate SourceMap
<s> [webpack.Progress] 92% sealing asset processing RealContentHashPlugin dossiq-node_modules_date-fns_locale_km_js.js?v=41d8e1497e1f0525e8d5 generated SourceMap
<s> [webpack.Progress] 92% sealing asset processing RealContentHashPlugin dossiq-node_modules_date-fns_locale_kn_js.js?v=eabbe784acc9578ba695 generate SourceMap
<s> [webpack.Progress] 92% sealing asset processing RealContentHashPlugin dossiq-node_modules_date-fns_locale_kn_js.js?v=eabbe784acc9578ba695 generated SourceMap
<s> [webpack.Progress] 92% sealing asset processing RealContentHashPlugin dossiq-node_modules_date-fns_locale_ko_js.js?v=46fda56792cd7907c6e3 generate SourceMap
<s> [webpack.Progress] 92% sealing asset processing RealContentHashPlugin dossiq-node_modules_date-fns_locale_ko_js.js?v=46fda56792cd7907c6e3 generated SourceMap
<s> [webpack.Progress] 92% sealing asset processing RealContentHashPlugin dossiq-node_modules_date-fns_locale_lb_js.js?v=4dbf79490d62e3cab6d5 generate SourceMap
<s> [webpack.Progress] 92% sealing asset processing RealContentHashPlugin dossiq-node_modules_date-fns_locale_lb_js.js?v=4dbf79490d62e3cab6d5 generated SourceMap
<s> [webpack.Progress] 92% sealing asset processing RealContentHashPlugin dossiq-node_modules_date-fns_locale_lt_js.js?v=b7e160314535543a60f7 generate SourceMap
<s> [webpack.Progress] 92% sealing asset processing RealContentHashPlugin dossiq-node_modules_date-fns_locale_lt_js.js?v=b7e160314535543a60f7 generated SourceMap
<s> [webpack.Progress] 92% sealing asset processing RealContentHashPlugin dossiq-node_modules_date-fns_locale_lv_js.js?v=9e53bfb34e47fbf52446 generate SourceMap
<s> [webpack.Progress] 92% sealing asset processing RealContentHashPlugin dossiq-node_modules_date-fns_locale_lv_js.js?v=9e53bfb34e47fbf52446 generated SourceMap
<s> [webpack.Progress] 92% sealing asset processing RealContentHashPlugin dossiq-node_modules_date-fns_locale_mk_js.js?v=81873a0104e64db390cd generate SourceMap
<s> [webpack.Progress] 92% sealing asset processing RealContentHashPlugin dossiq-node_modules_date-fns_locale_mk_js.js?v=81873a0104e64db390cd generated SourceMap
<s> [webpack.Progress] 92% sealing asset processing RealContentHashPlugin dossiq-node_modules_date-fns_locale_mn_js.js?v=817cf92d51e98dcc610b generate SourceMap
<s> [webpack.Progress] 92% sealing asset processing RealContentHashPlugin dossiq-node_modules_date-fns_locale_mn_js.js?v=817cf92d51e98dcc610b generated SourceMap
<s> [webpack.Progress] 92% sealing asset processing RealContentHashPlugin dossiq-node_modules_date-fns_locale_ms_js.js?v=1695409e5a28d41ae587 generate SourceMap
<s> [webpack.Progress] 92% sealing asset processing RealContentHashPlugin dossiq-node_modules_date-fns_locale_ms_js.js?v=1695409e5a28d41ae587 generated SourceMap
<s> [webpack.Progress] 92% sealing asset processing RealContentHashPlugin dossiq-node_modules_date-fns_locale_mt_js.js?v=16ff9817647ee8968ebd generate SourceMap
<s> [webpack.Progress] 92% sealing asset processing RealContentHashPlugin dossiq-node_modules_date-fns_locale_mt_js.js?v=16ff9817647ee8968ebd generated SourceMap
<s> [webpack.Progress] 92% sealing asset processing RealContentHashPlugin dossiq-node_modules_date-fns_locale_nb_js.js?v=6a93e4911f8877a85f33 generate SourceMap
<s> [webpack.Progress] 92% sealing asset processing RealContentHashPlugin dossiq-node_modules_date-fns_locale_nb_js.js?v=6a93e4911f8877a85f33 generated SourceMap
<s> [webpack.Progress] 92% sealing asset processing RealContentHashPlugin dossiq-node_modules_date-fns_locale_nl-BE_js.js?v=74f537a33645016e4cb2 generate SourceMap
<s> [webpack.Progress] 92% sealing asset processing RealContentHashPlugin dossiq-node_modules_date-fns_locale_nl-BE_js.js?v=74f537a33645016e4cb2 generated SourceMap
<s> [webpack.Progress] 92% sealing asset processing RealContentHashPlugin dossiq-node_modules_date-fns_locale_nl_js.js?v=7a21c69b2b706b9ad349 generate SourceMap
<s> [webpack.Progress] 92% sealing asset processing RealContentHashPlugin dossiq-node_modules_date-fns_locale_nl_js.js?v=7a21c69b2b706b9ad349 generated SourceMap
<s> [webpack.Progress] 92% sealing asset processing RealContentHashPlugin dossiq-node_modules_date-fns_locale_nn_js.js?v=3cead62916439825b0df generate SourceMap
<s> [webpack.Progress] 92% sealing asset processing RealContentHashPlugin dossiq-node_modules_date-fns_locale_nn_js.js?v=3cead62916439825b0df generated SourceMap
<s> [webpack.Progress] 92% sealing asset processing RealContentHashPlugin dossiq-node_modules_date-fns_locale_oc_js.js?v=4b7b8a733c8b0596ff2e generate SourceMap
<s> [webpack.Progress] 92% sealing asset processing RealContentHashPlugin dossiq-node_modules_date-fns_locale_oc_js.js?v=4b7b8a733c8b0596ff2e generated SourceMap
<s> [webpack.Progress] 92% sealing asset processing RealContentHashPlugin dossiq-node_modules_date-fns_locale_pl_js.js?v=466a1a52eb18f8b71646 generate SourceMap
<s> [webpack.Progress] 92% sealing asset processing RealContentHashPlugin dossiq-node_modules_date-fns_locale_pl_js.js?v=466a1a52eb18f8b71646 generated SourceMap
<s> [webpack.Progress] 92% sealing asset processing RealContentHashPlugin dossiq-node_modules_date-fns_locale_pt-BR_js.js?v=7562e2528f44f4613feb generate SourceMap
<s> [webpack.Progress] 92% sealing asset processing RealContentHashPlugin dossiq-node_modules_date-fns_locale_pt-BR_js.js?v=7562e2528f44f4613feb generated SourceMap
<s> [webpack.Progress] 92% sealing asset processing RealContentHashPlugin dossiq-node_modules_date-fns_locale_pt_js.js?v=cca3c499196d58dd49ec generate SourceMap
<s> [webpack.Progress] 92% sealing asset processing RealContentHashPlugin dossiq-node_modules_date-fns_locale_pt_js.js?v=cca3c499196d58dd49ec generated SourceMap
<s> [webpack.Progress] 92% sealing asset processing RealContentHashPlugin dossiq-node_modules_date-fns_locale_ro_js.js?v=9c81f7e31bcd9b32d885 generate SourceMap
<s> [webpack.Progress] 92% sealing asset processing RealContentHashPlugin dossiq-node_modules_date-fns_locale_ro_js.js?v=9c81f7e31bcd9b32d885 generated SourceMap
<s> [webpack.Progress] 92% sealing asset processing RealContentHashPlugin dossiq-node_modules_date-fns_locale_ru_js.js?v=92bae362abd89c807087 generate SourceMap
<s> [webpack.Progress] 92% sealing asset processing RealContentHashPlugin dossiq-node_modules_date-fns_locale_ru_js.js?v=92bae362abd89c807087 generated SourceMap
<s> [webpack.Progress] 92% sealing asset processing RealContentHashPlugin dossiq-node_modules_date-fns_locale_se_js.js?v=25e88619f690b5f2c32f generate SourceMap
<s> [webpack.Progress] 92% sealing asset processing RealContentHashPlugin dossiq-node_modules_date-fns_locale_se_js.js?v=25e88619f690b5f2c32f generated SourceMap
<s> [webpack.Progress] 92% sealing asset processing RealContentHashPlugin dossiq-node_modules_date-fns_locale_sk_js.js?v=dce5a7fa5e0e1c230c93 generate SourceMap
<s> [webpack.Progress] 92% sealing asset processing RealContentHashPlugin dossiq-node_modules_date-fns_locale_sk_js.js?v=dce5a7fa5e0e1c230c93 generated SourceMap
<s> [webpack.Progress] 92% sealing asset processing RealContentHashPlugin dossiq-node_modules_date-fns_locale_sl_js.js?v=e784905cc91fe3e01f55 generate SourceMap
<s> [webpack.Progress] 92% sealing asset processing RealContentHashPlugin dossiq-node_modules_date-fns_locale_sl_js.js?v=e784905cc91fe3e01f55 generated SourceMap
<s> [webpack.Progress] 92% sealing asset processing RealContentHashPlugin dossiq-node_modules_date-fns_locale_sq_js.js?v=ec22741dc832010ee01c generate SourceMap
<s> [webpack.Progress] 92% sealing asset processing RealContentHashPlugin dossiq-node_modules_date-fns_locale_sq_js.js?v=ec22741dc832010ee01c generated SourceMap
<s> [webpack.Progress] 92% sealing asset processing RealContentHashPlugin dossiq-node_modules_date-fns_locale_sr-Latn_js.js?v=866edad507de0acfb78f generate SourceMap
<s> [webpack.Progress] 92% sealing asset processing RealContentHashPlugin dossiq-node_modules_date-fns_locale_sr-Latn_js.js?v=866edad507de0acfb78f generated SourceMap
<s> [webpack.Progress] 92% sealing asset processing RealContentHashPlugin dossiq-node_modules_date-fns_locale_sr_js.js?v=db4e2edded5eca9636d9 generate SourceMap
<s> [webpack.Progress] 92% sealing asset processing RealContentHashPlugin dossiq-node_modules_date-fns_locale_sr_js.js?v=db4e2edded5eca9636d9 generated SourceMap
<s> [webpack.Progress] 92% sealing asset processing RealContentHashPlugin dossiq-node_modules_date-fns_locale_sv_js.js?v=d1550e04bee10fc4d1fe generate SourceMap
<s> [webpack.Progress] 92% sealing asset processing RealContentHashPlugin dossiq-node_modules_date-fns_locale_sv_js.js?v=d1550e04bee10fc4d1fe generated SourceMap
<s> [webpack.Progress] 92% sealing asset processing RealContentHashPlugin dossiq-node_modules_date-fns_locale_ta_js.js?v=0bee585f8bbcc444df6f generate SourceMap
<s> [webpack.Progress] 92% sealing asset processing RealContentHashPlugin dossiq-node_modules_date-fns_locale_ta_js.js?v=0bee585f8bbcc444df6f generated SourceMap
<s> [webpack.Progress] 92% sealing asset processing RealContentHashPlugin dossiq-node_modules_date-fns_locale_te_js.js?v=ab331ece683c6effc495 generate SourceMap
<s> [webpack.Progress] 92% sealing asset processing RealContentHashPlugin dossiq-node_modules_date-fns_locale_te_js.js?v=ab331ece683c6effc495 generated SourceMap
<s> [webpack.Progress] 92% sealing asset processing RealContentHashPlugin dossiq-node_modules_date-fns_locale_th_js.js?v=7bb29f453f109e350db5 generate SourceMap
<s> [webpack.Progress] 92% sealing asset processing RealContentHashPlugin dossiq-node_modules_date-fns_locale_th_js.js?v=7bb29f453f109e350db5 generated SourceMap
<s> [webpack.Progress] 92% sealing asset processing RealContentHashPlugin dossiq-node_modules_date-fns_locale_tr_js.js?v=a5061b440bf2f541a304 generate SourceMap
<s> [webpack.Progress] 92% sealing asset processing RealContentHashPlugin dossiq-node_modules_date-fns_locale_tr_js.js?v=a5061b440bf2f541a304 generated SourceMap
<s> [webpack.Progress] 92% sealing asset processing RealContentHashPlugin dossiq-node_modules_date-fns_locale_ug_js.js?v=cdc51fcc1d564409df64 generate SourceMap
<s> [webpack.Progress] 92% sealing asset processing RealContentHashPlugin dossiq-node_modules_date-fns_locale_ug_js.js?v=cdc51fcc1d564409df64 generated SourceMap
<s> [webpack.Progress] 92% sealing asset processing RealContentHashPlugin dossiq-node_modules_date-fns_locale_uk_js.js?v=6131808d6702c659468e generate SourceMap
<s> [webpack.Progress] 92% sealing asset processing RealContentHashPlugin dossiq-node_modules_date-fns_locale_uk_js.js?v=6131808d6702c659468e generated SourceMap
<s> [webpack.Progress] 92% sealing asset processing RealContentHashPlugin dossiq-node_modules_date-fns_locale_uz-Cyrl_js.js?v=5672e555ec8c8e0b202a generate SourceMap
<s> [webpack.Progress] 92% sealing asset processing RealContentHashPlugin dossiq-node_modules_date-fns_locale_uz-Cyrl_js.js?v=5672e555ec8c8e0b202a generated SourceMap
<s> [webpack.Progress] 92% sealing asset processing RealContentHashPlugin dossiq-node_modules_date-fns_locale_uz_js.js?v=ac7e16911d2619096c84 generate SourceMap
<s> [webpack.Progress] 92% sealing asset processing RealContentHashPlugin dossiq-node_modules_date-fns_locale_uz_js.js?v=ac7e16911d2619096c84 generated SourceMap
<s> [webpack.Progress] 92% sealing asset processing RealContentHashPlugin dossiq-node_modules_date-fns_locale_vi_js.js?v=46694a973b84cc20f05f generate SourceMap
<s> [webpack.Progress] 92% sealing asset processing RealContentHashPlugin dossiq-node_modules_date-fns_locale_vi_js.js?v=46694a973b84cc20f05f generated SourceMap
<s> [webpack.Progress] 92% sealing asset processing RealContentHashPlugin dossiq-node_modules_date-fns_locale_zh-CN_js.js?v=cecff7e434b507e27490 generate SourceMap
<s> [webpack.Progress] 92% sealing asset processing RealContentHashPlugin dossiq-node_modules_date-fns_locale_zh-CN_js.js?v=cecff7e434b507e27490 generated SourceMap
<s> [webpack.Progress] 92% sealing asset processing RealContentHashPlugin dossiq-node_modules_date-fns_locale_zh-HK_js.js?v=4a841f62477865efea2f generate SourceMap
<s> [webpack.Progress] 92% sealing asset processing RealContentHashPlugin dossiq-node_modules_date-fns_locale_zh-HK_js.js?v=4a841f62477865efea2f generated SourceMap
<s> [webpack.Progress] 92% sealing asset processing RealContentHashPlugin dossiq-node_modules_date-fns_locale_zh-TW_js.js?v=d82b060230643b0d17df generate SourceMap
<s> [webpack.Progress] 92% sealing asset processing RealContentHashPlugin dossiq-node_modules_date-fns_locale_zh-TW_js.js?v=d82b060230643b0d17df generated SourceMap
<s> [webpack.Progress] 92% sealing asset processing RealContentHashPlugin dossiq-node_modules_rehype-highlight_index_js.js?v=df041d44aa59403c563f generate SourceMap
<s> [webpack.Progress] 92% sealing asset processing RealContentHashPlugin dossiq-node_modules_rehype-highlight_index_js.js?v=df041d44aa59403c563f generated SourceMap
<s> [webpack.Progress] 92% sealing asset processing RealContentHashPlugin dossiq-node_modules_nextcloud_paths_dist_index_mjs.js?v=d87421d70d23176aa555 generate SourceMap
<s> [webpack.Progress] 92% sealing asset processing RealContentHashPlugin dossiq-node_modules_nextcloud_paths_dist_index_mjs.js?v=d87421d70d23176aa555 generated SourceMap
<s> [webpack.Progress] 92% sealing asset processing RealContentHashPlugin dossiq-node_modules_nextcloud_dialogs_dist_chunks_ConflictPicker_mjs.js?v=98a7ef72919ecca3404e generate SourceMap
<s> [webpack.Progress] 92% sealing asset processing RealContentHashPlugin dossiq-node_modules_nextcloud_dialogs_dist_chunks_ConflictPicker_mjs.js?v=98a7ef72919ecca3404e generated SourceMap
<s> [webpack.Progress] 92% sealing asset processing RealContentHashPlugin dossiq-node_modules_nextcloud_dialogs_dist_chunks_FilePicker_mjs.js?v=f27c9810078cd48a4b9e generate SourceMap
<s> [webpack.Progress] 92% sealing asset processing RealContentHashPlugin dossiq-node_modules_nextcloud_dialogs_dist_chunks_FilePicker_mjs.js?v=f27c9810078cd48a4b9e generated SourceMap
<s> [webpack.Progress] 92% sealing asset processing RealContentHashPlugin dossiq-node_modules_nextcloud_dialogs_dist_chunks_PublicAuthPrompt_mjs.js?v=fcdc3d2d95bd5ac68f91 generate SourceMap
<s> [webpack.Progress] 92% sealing asset processing RealContentHashPlugin dossiq-node_modules_nextcloud_dialogs_dist_chunks_PublicAuthPrompt_mjs.js?v=fcdc3d2d95bd5ac68f91 generated SourceMap
<s> [webpack.Progress] 92% sealing asset processing RealContentHashPlugin dossiq-node_modules_toast-ui_editor_dist_esm_index_js.js?v=30ce1e02cee952326651 generate SourceMap
<s> [webpack.Progress] 92% sealing asset processing RealContentHashPlugin dossiq-node_modules_toast-ui_editor_dist_esm_index_js.js?v=30ce1e02cee952326651 generated SourceMap
<s> [webpack.Progress] 92% sealing asset processing RealContentHashPlugin dossiq-node_modules_toast-ui_editor_dist_toastui-editor_css.js?v=49ba9198522cf4bed022 generate SourceMap
<s> [webpack.Progress] 92% sealing asset processing RealContentHashPlugin dossiq-node_modules_toast-ui_editor_dist_toastui-editor_css.js?v=49ba9198522cf4bed022 generated SourceMap
<s> [webpack.Progress] 92% sealing asset processing RealContentHashPlugin dossiq-node_modules_mdi_js_mdi_js-node_modules_nextcloud_files_dist_index_mjs.js?v=c07fd6a041251e8fc75a generate SourceMap
<s> [webpack.Progress] 92% sealing asset processing RealContentHashPlugin dossiq-node_modules_mdi_js_mdi_js-node_modules_nextcloud_files_dist_index_mjs.js?v=c07fd6a041251e8fc75a generated SourceMap
<s> [webpack.Progress] 92% sealing asset processing RealContentHashPlugin dossiq-node_modules_mdi_js_mdi_js-node_modules_nextcloud_files_dist_dav_mjs-node_modules_nextcloud_f-318b95.js?v=e63eb79605f26edc2744 generate SourceMap
<s> [webpack.Progress] 92% sealing asset processing RealContentHashPlugin dossiq-node_modules_mdi_js_mdi_js-node_modules_nextcloud_files_dist_dav_mjs-node_modules_nextcloud_f-318b95.js?v=e63eb79605f26edc2744 generated SourceMap
<s> [webpack.Progress] 92% sealing asset processing RealContentHashPlugin dossiq-node_modules_nextcloud_files_dist_index_mjs.js?v=0dd8c480ad8307d09812 generate SourceMap
<s> [webpack.Progress] 92% sealing asset processing RealContentHashPlugin dossiq-node_modules_nextcloud_files_dist_index_mjs.js?v=0dd8c480ad8307d09812 generated SourceMap
<s> [webpack.Progress] 92% sealing asset processing RealContentHashPlugin resolve sources
<s> [webpack.Progress] 92% sealing asset processing RealContentHashPlugin
<s> [webpack.Progress] 92% sealing asset processing
<s> [webpack.Progress] 93% sealing after asset optimization
<s> [webpack.Progress] 93% sealing after asset optimization
<s> [webpack.Progress] 93% sealing recording
<s> [webpack.Progress] 93% sealing recording
<s> [webpack.Progress] 94% sealing after seal
<s> [webpack.Progress] 94% sealing after seal
<s> [webpack.Progress] 95% emitting emit
<s> [webpack.Progress] 95% emitting emit CleanPlugin
<s> [webpack.Progress] 95% emitting emit
<s> [webpack.Progress] 98% emitting after emit
<s> [webpack.Progress] 98% emitting after emit SizeLimitsPlugin
<s> [webpack.Progress] 98% emitting after emit
<s> [webpack.Progress] 99% done plugins
<s> [webpack.Progress] 99% done plugins
<s> [webpack.Progress] 99% 

<s> [webpack.Progress] 99% cache store build dependencies
<s> [webpack.Progress] 99% cache store build dependencies
<s> [webpack.Progress] 99% cache begin idle
<s> [webpack.Progress] 99% cache begin idle
<s> [webpack.Progress] 100% 

<s> [webpack.Progress] 99% cache shutdown
<s> [webpack.Progress] 99% cache shutdown
<s> [webpack.Progress] 100% 

assets by info 7.75 MiB [1m[32m[immutable][39m[22m
  assets by status [1m[33m6.39 MiB[39m[22m [1m[33m[big][39m[22m
    asset [1m[33mdossiq-node_modules_mdi_js_mdi_js-node_modules_nextcloud_files_dist_dav_mjs-node_modules_nextcloud_f-318b95.js?v=e63eb79605f26edc2744[39m[22m [1m[33m2.88 MiB[39m[22m [1m[32m[emitted][39m[22m [1m[32m[immutable][39m[22m [1m[32m[minimized][39m[22m [1m[33m[big][39m[22m 2 related assets
    asset [1m[33mdossiq-node_modules_mdi_js_mdi_js-node_modules_nextcloud_files_dist_index_mjs.js?v=c07fd6a041251e8fc75a[39m[22m [1m[33m2.88 MiB[39m[22m [1m[32m[emitted][39m[22m [1m[32m[immutable][39m[22m [1m[32m[minimized][39m[22m [1m[33m[big][39m[22m 2 related assets
    asset [1m[33mdossiq-node_modules_toast-ui_editor_dist_esm_index_js.js?v=30ce1e02cee952326651[39m[22m [1m[33m640 KiB[39m[22m [1m[32m[emitted][39m[22m [1m[32m[immutable][39m[22m [1m[32m[minimized][39m[22m [1m[33m[big][39m[22m 2 related assets
  + 101 assets
assets by path [1m[32mimg/*.png[39m[22m 3.34 KiB
  asset [1m[32mimg/marker-icon.png[39m[22m 1.43 KiB [1m[32m[emitted][39m[22m [from: node_modules/@conduction/nextcloud-vue/dist/images/marker-icon.png] (auxiliary name: dossiq-shared-nc-vue) (auxiliary id hint: ncVue)
  asset [1m[32mimg/layers-2x.png[39m[22m 1.23 KiB [1m[32m[emitted][39m[22m [from: node_modules/@conduction/nextcloud-vue/dist/images/layers-2x.png] (auxiliary name: dossiq-shared-nc-vue) (auxiliary id hint: ncVue)
  asset [1m[32mimg/layers.png[39m[22m 696 bytes [1m[32m[emitted][39m[22m [from: node_modules/@conduction/nextcloud-vue/dist/images/layers.png] (auxiliary name: dossiq-shared-nc-vue) (auxiliary id hint: ncVue)
+ 13 assets

[1m[33mWARNING[39m[22m in [1m./node_modules/sax/lib/sax.js[39m[22m [1m[32m197:13-37[39m[22m
[1mModule [1m[31mnot found[39m[22m[1m: [1m[31mError[39m[22m[1m: Can't resolve 'stream' in '/home/rubenlinde/fleet-work/fx/dossiq/node_modules/sax/lib'

[1m[31mBREAKING CHANGE[39m[22m[1m: webpack < 5 used to include polyfills for node.js core modules by default.
This is no longer the case. Verify if you need this module and configure a polyfill for it.

If you want to include a polyfill, you need to:
	- add a fallback 'resolve.fallback: { "stream": require.resolve("stream-browserify") }'
	- install 'stream-browserify'
If you don't want to include a polyfill, you can use an empty module like this:
	resolve.fallback: { "stream": false }[39m[22m
 @ ./node_modules/@file-type/xml/lib/index.js 1:0-22 99:22-32
 @ ./node_modules/is-svg/index.js 1:0-47 14:29-44
 @ ./node_modules/@nextcloud/dialogs/node_modules/@nextcloud/files/dist/index.mjs 4:0-27 326:54-59 584:48-53
 @ ./node_modules/@nextcloud/dialogs/dist/chunks/PublicAuthPrompt.mjs 8:0-102 24:4-20 27:27-47 31:11-47 33:11-50 35:11-47
 @ ./node_modules/@nextcloud/dialogs/dist/chunks/index.mjs 357:31-63
 @ ./node_modules/@nextcloud/dialogs/dist/index.mjs 1:0-114 2:0-29:2 2:0-29:2 2:0-29:2 2:0-29:2 2:0-29:2 2:0-29:2 2:0-29:2 2:0-29:2 2:0-29:2 2:0-29:2 2:0-29:2 2:0-29:2 2:0-29:2 2:0-29:2 2:0-29:2 2:0-29:2 2:0-29:2 2:0-29:2 2:0-29:2 2:0-29:2 2:0-29:2 2:0-29:2 2:0-29:2 2:0-29:2 2:0-29:2 2:0-29:2
 @ ./node_modules/vue-loader/dist/index.js??ruleSet[1].rules[5].use[0]!./src/views/cases/components/DossierTab.vue?vue&type=script&lang=js 4:0-59 291:4-15 295:4-13 366:4-13 396:4-13 422:3-14 454:4-13
 @ ./src/views/cases/components/DossierTab.vue?vue&type=script&lang=js 1:0-147 1:0-147 1:148-284 1:148-284
 @ ./src/views/cases/components/DossierTab.vue 2:0-61 8:49-55 3:0-56 3:0-56
 @ ./src/customComponents.js 30:0-64 193:1-11
 @ ./src/main.js 25:0-52 197:34-50

[1m[33mWARNING[39m[22m in [1masset size limit: The following asset(s) exceed the recommended size limit (244 KiB).
This can impact web performance.
Assets: 
  dossiq-main.js (5.3 MiB)
  dossiq-settings.js (5.03 MiB)
  dossiq-email-settings.js (1.65 MiB)
  dossiq-personal-settings.js (1.66 MiB)
  dossiq-casesOverviewWidget.js (1.66 MiB)
  dossiq-overdueCasesWidget.js (1.66 MiB)
  dossiq-myTasksWidget.js (1.66 MiB)
  dossiq-deadlineAlertsWidget.js (1.66 MiB)
  dossiq-taskRemindersWidget.js (1.66 MiB)
  dossiq-stalledCasesWidget.js (1.66 MiB)
  dossiq-startCaseWidget.js (1.66 MiB)
  dossiq-shared-nc-vue.js (9.66 MiB)
  dossiq-shared-vendor.js (654 KiB)
  dossiq-node_modules_toast-ui_editor_dist_esm_index_js.js?v=30ce1e02cee952326651 (640 KiB)
  dossiq-node_modules_mdi_js_mdi_js-node_modules_nextcloud_files_dist_index_mjs.js?v=c07fd6a041251e8fc75a (2.88 MiB)
  dossiq-node_modules_mdi_js_mdi_js-node_modules_nextcloud_files_dist_dav_mjs-node_modules_nextcloud_f-318b95.js?v=e63eb79605f26edc2744 (2.88 MiB)[39m[22m

[1m[33mWARNING[39m[22m in [1mentrypoint size limit: The following entrypoint(s) combined asset size exceeds the recommended limit (244 KiB). This can impact web performance.
Entrypoints:
  main (15.6 MiB)
      dossiq-shared-nc-vue.js
      dossiq-shared-vendor.js
      dossiq-main.js
  adminSettings (15.3 MiB)
      dossiq-shared-nc-vue.js
      dossiq-shared-vendor.js
      dossiq-settings.js
  emailSettings (12 MiB)
      dossiq-shared-nc-vue.js
      dossiq-shared-vendor.js
      dossiq-email-settings.js
  personalSettings (12 MiB)
      dossiq-shared-nc-vue.js
      dossiq-shared-vendor.js
      dossiq-personal-settings.js
  casesOverviewWidget (12 MiB)
      dossiq-shared-nc-vue.js
      dossiq-shared-vendor.js
      dossiq-casesOverviewWidget.js
  overdueCasesWidget (12 MiB)
      dossiq-shared-nc-vue.js
      dossiq-shared-vendor.js
      dossiq-overdueCasesWidget.js
  myTasksWidget (12 MiB)
      dossiq-shared-nc-vue.js
      dossiq-shared-vendor.js
      dossiq-myTasksWidget.js
  deadlineAlertsWidget (12 MiB)
      dossiq-shared-nc-vue.js
      dossiq-shared-vendor.js
      dossiq-deadlineAlertsWidget.js
  taskRemindersWidget (12 MiB)
      dossiq-shared-nc-vue.js
      dossiq-shared-vendor.js
      dossiq-taskRemindersWidget.js
  stalledCasesWidget (12 MiB)
      dossiq-shared-nc-vue.js
      dossiq-shared-vendor.js
      dossiq-stalledCasesWidget.js
  startCaseWidget (12 MiB)
      dossiq-shared-nc-vue.js
      dossiq-shared-vendor.js
      dossiq-startCaseWidget.js
[39m[22m

1 warning has detailed information that is not shown.
Use 'stats.errorDetails: true' resp. '--stats-error-details' to show it.

webpack 5.109.2 compiled with [1m[33m3 warnings[39m[22m in 81760 ms
