citation_spec_path,anchor,test_file,test_name,verdict,justification,safety_relevant,gate19_credits_it,resolution,decisive_assertion,test_runs,scenario_marked_exclude,verdict_2026_09_11
openspec/specs/features-roadmap/spec.md,areas-summarise-before-they-expand,tests/e2e/app-chrome.spec.ts,FeaturesRoadmapView compares dossiq and states the comparison limits,verified,"Reads every area disclosure: asserts it carries no open attribute, that its first row is hidden, and that the summary digits equal the total plus dossiq's yes, partly and missing counts computed from the data file, so a wrong count or a self-opening area reddens it.",no,yes,resolves to a scenario,"expect((summary.match(/\d+/g) ?? []).map(Number), `area ${area.key} must state its capability count and how dossiq scored...`).toEqual(area.numbers)",yes,no,partial
openspec/specs/features-roadmap/spec.md,a-reader-can-date-the-claim,tests/e2e/app-chrome.spec.ts,FeaturesRoadmapView compares dossiq and states the comparison limits,partial,"The only date check is toContainText('2026') over the whole comparison, which the added-rows sentence ('the most recent of them on 10 September 2026') already satisfies, so dropping comparedOn entirely stays green and the 'in their own language' clause is asserted nowhere.",no,yes,resolves to a scenario,await expect(comparison).toContainText('2026'),yes,no,verified
openspec/specs/features-roadmap/spec.md,the-panel-advises-the-reader-to-test-for-themselves,tests/e2e/app-chrome.spec.ts,FeaturesRoadmapView compares dossiq and states the comparison limits,verified,"Asserts the panel's own advice sentence verbatim, so removing the recommendation reddens it; the second clause, that the table does not replace testing against your own requirements, rides in the same t() string and is not asserted separately.",no,yes,resolves to a scenario,await expect(comparison).toContainText('run your own evaluation'),yes,no,verified
openspec/specs/features-roadmap/spec.md,the-panel-accounts-for-rows-a-later-round-added,tests/e2e/app-chrome.spec.ts,FeaturesRoadmapView compares dossiq and states the comparison limits,verified,"All three THENs are asserted against the data file rather than against prose: the added-row count, the Intl-formatted most recent addition date, the rival column count, and every added row's chips read off the DOM and required to be unknown.",no,yes,resolves to a scenario,"expect(guessed, 'an added row must read Unknown for every competitor, never a guess').toEqual([])",yes,no,partial
openspec/specs/case-management/spec.md,a-handler-copies-a-case,tests/e2e/case-actions-menu.spec.ts,a handler copies a case and lands on the copy,verified,"asserts the written copy's caseType, confidentiality, priority and intakeChannel against the source, that its status is the type's initial status, that its identifier differs and that the source sits under relatedCases, so any clause of the copy rule breaking reddens it",no,yes,resolves to a scenario,expect(copy.status).toBe(statusReceived),yes,no,verified
openspec/specs/case-management/spec.md,documents-come-along-as-links,tests/e2e/case-actions-menu.spec.ts,"documents come along as links, and the file exists once",verified,"counts caseDocument rows per case and requires exactly one link on the source and one on the copy, which catches both a copy that drops the document and one that duplicates the file, though it never opens the Documents tab the scenario names",no,yes,resolves to a scenario,"expect((await linksOn(copyId)).length, 'the copy has the document, linked once').toBe(1)",yes,no,verified
openspec/specs/workflow-definition-engine/spec.md,the-start-list-follows-the-case-type,tests/e2e/case-actions-menu.spec.ts,"Start lists the flows the case type allows, and nothing else",verified,"asserts the Start dialog's list contains the startable flow's title and holds exactly one row, so a list leaking flows the type does not name reddens; note the whole test sits behind a conditional test.skip when the instance has no flow to mark startable",no,yes,resolves to a scenario,await expect(list.locator('li')).toHaveCount(1),yes,no,verified
openspec/specs/workflow-definition-engine/spec.md,a-type-without-startable-flows-hides-start,tests/e2e/case-actions-menu.spec.ts,a case type that allows none does not offer Start,verified,"opens the Actions menu first and asserts Start is absent while Copy case is visible, so a shut menu cannot pass it by making both entries missing",no,yes,resolves to a scenario,await expect(page.getByTestId('cn-action-start-flow')).toHaveCount(0),yes,no,verified
openspec/specs/workflow-definition-engine/spec.md,a-planned-case-shows-on-the-tab,tests/e2e/case-actions-menu.spec.ts,"a planned follow-up shows on the Related cases tab, and no case exists yet",verified,"asserts the related-cases section of the open Related panel carries the planned title and its due date, and that no case of that title exists yet, which is both halves of the scenario",no,yes,resolves to a scenario,"await expect(panel).toContainText(due, { timeout: 30_000 })",yes,no,verified
openspec/specs/kcc-werkplek-zaaksysteem-bridge/spec.md,the-tab-lists-the-cases-contacts,tests/e2e/case-communication.spec.ts,the tab lists this case contacts and not another case one,verified,"Asserts exactly two rows on the open case with their channel, direction, summary and year, and asserts the other case's contact is absent, so a broken case filter reddens it.",no,yes,resolves to a scenario,await expect(widget.getByText(OTHER_SUMMARY)).toHaveCount(0),yes,no,not measured
openspec/specs/kcc-werkplek-zaaksysteem-bridge/spec.md,newest-first,tests/e2e/case-communication.spec.ts,the newest contact is the first row,verified,"Reads the rendered row order and pins the later start time to index 0 and the earlier one to index 1, so a sort on write order instead of startTime reddens it.",no,yes,resolves to a scenario,"expect(later, `rows: ${texts.join(' | ')}`).toBe(0)",yes,no,not measured
openspec/specs/kcc-werkplek-zaaksysteem-bridge/spec.md,an-empty-case-still-shows-the-list,tests/e2e/case-communication.spec.ts,a case without contacts shows the tab and its empty state,verified,"Asserts the empty-state sentence in either locale and separately asserts every contactmoment query came back under 400, so a 404'd query can no longer pass as an empty case.",no,yes,resolves to a scenario,"await expect(widget).toContainText(/No contact logged on this case yet|Nog geen contact vastgelegd op deze zaak/, { timeout: 20_000 })",yes,no,not measured
openspec/specs/kcc-werkplek-zaaksysteem-bridge/spec.md,the-form-does-not-ask-for-the-kcc-fields,tests/e2e/case-communication.spec.ts,the Log contact form asks for five fields and none of the KCC ones,verified,"Asserts each of identificationMethod, nature and kccEmployeeId has zero field nodes in the open dialog; the scenario's second clause, that kccEmployeeId is still stored for the signed-in user, is asserted in the sibling logged-call test rather than here.",no,yes,resolves to a scenario,"await expect(dialog.locator(`[data-cn-field=""${key}""]`), `${key} is seeded, never asked`).toHaveCount(0)",yes,no,not measured
openspec/specs/kcc-werkplek-zaaksysteem-bridge/spec.md,the-form-never-asks-which-case,tests/e2e/case-communication.spec.ts,the Log contact form asks for five fields and none of the KCC ones,verified,"Asserts the dialog renders no case field at all, and the sibling assertion on the stored row proves the case still reaches the object, so a form that started asking which case reddens it.",no,yes,resolves to a scenario,"await expect(dialog.locator('[data-cn-field=""case""]')).toHaveCount(0)",yes,no,not measured
openspec/specs/kcc-werkplek-zaaksysteem-bridge/spec.md,a-contact-logged-on-the-case-carries-the-case,tests/e2e/case-communication.spec.ts,a logged call carries the case and shows up in the tab,verified,"Fills and saves the real Log contact form, then reads the STORED object back over the API and pins both case and relatedCases to the open case, so a form that dropped the seeded case reddens it.",no,yes,resolves to a scenario,expect(String(stored.case)).toBe(formCaseId),yes,no,not measured
openspec/specs/kcc-werkplek-zaaksysteem-bridge/spec.md,a-logged-call-shows-up-in-the-list,tests/e2e/case-communication.spec.ts,a logged call carries the case and shows up in the tab,verified,"After saving, reopens the Communication tab and requires exactly one row carrying the typed summary with channel phone and direction inbound, so a save that never reached the list reddens it.",no,yes,resolves to a scenario,"await expect(row).toHaveCount(1, { timeout: 20_000 })",yes,no,not measured
openspec/specs/friendly-case-create-form/spec.md,requirement-req-fcf-001-the-new-case-dialog-is-the-plain-form,tests/e2e/case-create-form.spec.ts,"opens the plain form, not the properties and JSON table",verified,"Judged against REQ-FCF-001, which the anchor lands on: asserts neither a Properties nor a Data tab is in the dialog and that Create is offered, so a revert to the advanced properties-and-JSON dialog reddens it; the anchor still names a requirement rather than a scenario, so gate-19 credits nothing, and the repair is to re-anchor at #the-dialog-carries-no-schema-inspection-tabs.",no,no,"the anchor names a heading in that spec, but not a scenario, so gate-19 credits nothing","await expect(dialog.getByRole('tab', { name: 'Properties' })).toHaveCount(0)",yes,no,verified
openspec/specs/friendly-case-create-form/spec.md,requirement-req-fcf-001-the-new-case-dialog-is-the-plain-form,tests/e2e/case-create-form.spec.ts,asks only for the fields a handler fills,verified,"Judged against REQ-FCF-001's includeFields half: loops every create field asserting exactly one renders and asserts the hidden and engine fields render none, so dropping a create field or letting result or workflowTemplate back in reddens it; note the test's list holds ten fields including requester where the spec text still says nine, and presence-plus-named-absence does not police the requirement's word EXACTLY, so an eleventh unexpected field would pass. Re-anchor at #the-dialog-asks-only-for-create-time-fields.",no,no,"the anchor names a heading in that spec, but not a scenario, so gate-19 credits nothing","await expect(dialog.locator(`[data-cn-field=""${key}""]`), `the create form should ask for ${key}`).toHaveCount(1)",yes,no,verified
openspec/specs/friendly-case-create-form/spec.md,requirement-req-fcf-003-a-case-type-brings-its-own-questions,tests/e2e/case-create-form.spec.ts,"adds the chosen case type own questions, and drops them again on a change",verified,"Judged against REQ-FCF-003: asserts the case type's question is absent before a type is chosen and that both of its questions render after, so a form that stopped extending on caseType reddens it; the test's NAME claims it drops them again on a change and the body never changes the case type nor asserts any drop, and it reads the labels rather than the seeded defaultValue. Re-anchor at #choosing-a-case-type-adds-its-questions.",no,no,"the anchor names a heading in that spec, but not a scenario, so gate-19 credits nothing",await expect(dialog.getByText(CEILING)).toBeVisible({ timeout: 15000 }),yes,no,verified
openspec/specs/friendly-case-create-form/spec.md,requirement-req-fcf-003-a-case-type-brings-its-own-questions,tests/e2e/case-create-form.spec.ts,files a case with its case type answers,partial,"Right surface, and it does catch an answer written nowhere, but it deliberately accepts EITHER store, reading created.properties before falling back to caseProperty rows, which is precisely the shape REQ-FCF-003 forbids when it says answers are never properties of the case itself; it never asserts the case was created without a dynamic key, so a build that stores every answer on the case passes. Either the test is anti-coverage for that clause or the requirement is stale since 7882afdc, and one of the two has to move. Re-anchor at #answers-are-stored-against-the-case-not-in-it.",no,no,"the anchor names a heading in that spec, but not a scenario, so gate-19 credits nothing","expect(answers.length, 'the case type answer should have been written, on the case or as a caseProperty row').toBeGreaterThan(0)",yes,no,partial
openspec/specs/friendly-case-create-form/spec.md,requirement-req-fcf-005-the-form-answers-what-the-case-type-already-knows,tests/e2e/case-create-form.spec.ts,fills the title the chosen case type already answers,verified,"Judged against REQ-FCF-005: asserts the title box is empty first, so nothing passes for the wrong reason, then that choosing the case type fills it with that type's title, which is the prefill mapping the requirement declares. Re-anchor at #the-case-type-fills-the-title.",no,no,"the anchor names a heading in that spec, but not a scenario, so gate-19 credits nothing","await expect(titleInput).toHaveValue(CASE_TYPE_TITLE, { timeout: 15000 })",yes,no,verified
openspec/specs/friendly-case-create-form/spec.md,requirement-req-fcf-005-the-form-answers-what-the-case-type-already-knows,tests/e2e/case-create-form.spec.ts,leaves a title the handler typed alone,verified,"Judged against REQ-FCF-005's only-an-empty-target-is-written clause: types a title, waits for the case type's questions to arrive so the prefill has demonstrably run, and asserts the typed value survived, so a prefill that overwrote a filled field reddens it.",no,no,"the anchor names a heading in that spec, but not a scenario, so gate-19 credits nothing",await expect(titleInput).toHaveValue(typed),yes,no,verified
openspec/specs/friendly-case-create-form/spec.md,requirement-req-fcf-005-the-form-answers-what-the-case-type-already-knows,tests/e2e/case-create-form.spec.ts,stores the case type starting status without asking for it,verified,"Judged against REQ-FCF-005's status clause, and it asserts both halves: no status field renders in the dialog, and the created case reads back from the API holding the case type's initial status, so this is a claim about what got stored and not only about the response. Re-anchor at #the-starting-status-is-stored-but-never-asked-for.",no,no,"the anchor names a heading in that spec, but not a scenario, so gate-19 credits nothing",expect(String(created.status)).toBe(startStatusId),yes,no,verified
openspec/specs/friendly-case-create-form/spec.md,requirement-req-fcf-003-a-case-type-brings-its-own-questions,tests/e2e/case-create-form.spec.ts,keeps Create disabled until a required case type question is answered,verified,"Asserts the case type's question renders before touching the button, so a break in REQ-FCF-003 itself reddens it; but its real subject, Create staying disabled until a required field is answered, is stated in REQ-FCF-001's scenario #the-dialog-carries-no-schema-inspection-tabs and not under the requirement this cites, so the re-anchor for this one crosses requirements rather than dropping one level.",no,no,"the anchor names a heading in that spec, but not a scenario, so gate-19 credits nothing",await expect(create).toBeDisabled(),yes,no,verified
openspec/specs/friendly-case-create-form/spec.md,requirement-req-fcf-006-the-dialog-reads-as-a-form-not-a-schema,tests/e2e/case-create-form.spec.ts,lays the fields out in two columns,verified,"Judged against REQ-FCF-006: measures rather than infers, asserting exactly two distinct left edges among the single-line fields and a description box more than half again the width of the title, so the class applying while the CSS does not still reddens it; the sub-700px collapse and the opt-in-per-action clause are untested. Re-anchor at #the-create-form-uses-two-columns.",no,no,"the anchor names a heading in that spec, but not a scenario, so gate-19 credits nothing",expect(new Set(lefts).size).toBe(2),yes,no,verified
openspec/specs/friendly-case-create-form/spec.md,requirement-req-fcf-006-the-dialog-reads-as-a-form-not-a-schema,tests/e2e/case-create-form.spec.ts,"labels a case type question in words, not as an identifier",partial,"Right surface, wrong requirement: every assertion here is about a definition name rendering in sentence case, and REQ-FCF-006, which the anchor lands on, is about two columns and a full-width multi-line widget, so breaking the layout leaves this test green. The claim it does prove is stated in REQ-FCF-003's prose, whose nearest scenario is #choosing-a-case-type-adds-its-questions, and no scenario anywhere states the sentence-case rule outright, so one has to be written before this citation can credit anything.",no,no,"the anchor names a heading in that spec, but not a scenario, so gate-19 credits nothing","await expect(dialog.getByText(IDENTIFIER_LABEL, { exact: true })).toBeVisible()",yes,no,partial
openspec/specs/friendly-case-create-form/spec.md,requirement-req-fcf-007-a-field-kept-off-the-create-form-stays-reachable-on-the-case,tests/e2e/case-create-form.spec.ts,keeps parent case off the create form and on the case itself,verified,"Judged against REQ-FCF-007, and it asserts both halves the requirement turns on: no parentCase field in the create dialog, and the field present in the case's own Data panel afterwards, scoped to that widget and matched in either locale; the clause that decisions appear on neither surface is not checked. Re-anchor at #parent-case-is-an-edit-time-field.",no,no,"the anchor names a heading in that spec, but not a scenario, so gate-19 credits nothing","await expect(coreWidget, 'parent case should be editable on the case, though not on the create form').toContainText(/Parent case|Hoofdzaak/)",yes,no,verified
openspec/specs/case-dashboard-view/spec.md,the-progress-tile-is-gone,tests/e2e/case-detail-kpis-and-tabs.spec.ts,"the identity row headlines the case, and the KPI tiles are gone",verified,"Asserts both halves the scenario names: no KPI card reading Completed, and an empty recorded list of milestones/progress requests, so removing the tile while leaving the fetch still reddens it.",no,yes,resolves to a scenario,"expect(milestoneCalls, 'the case page no longer asks for milestone progress').toEqual([])",yes,no,verified
openspec/specs/case-dashboard-view/spec.md,,tests/e2e/case-detail-kpis-and-tabs.spec.ts,"the Data panel holds its content directly, with no card inside the card",verified,"The citation names no requirement, only the spec file, so this is judged against the file as a whole: it opens the Data tab and proves it renders the case-core content REQ-CDV-16 says that tab holds, while the card-chrome assertions it spends most of its body on back nothing the spec states.",no,no,no anchor: cites a whole spec file,"await expect(panel).toContainText(/Case type|Zaaktype/, { timeout: 20_000 })",yes,no,partial
openspec/specs/case-dashboard-view/spec.md,the-strip-holds-six-tabs-and-no-more,tests/e2e/case-detail-kpis-and-tabs.spec.ts,"the strip holds exactly six tabs, in order, and no more",verified,"Asserts an exact tab count and an exact ordered label list, not a presence check, so a seventh tab or a reorder reddens it, and separately asserts each retired label has zero tabs.",no,yes,resolves to a scenario,expect(labels).toEqual(TAB_LABELS),yes,no,verified
openspec/specs/ncvue-w2-leaves-adoption/spec.md,,tests/e2e/case-detail-kpis-and-tabs.spec.ts,"the sidebar Notes tab renders the notes leaf, not an unknown element",partial,"The citation names no requirement, only the spec file, and none of that file's five requirements (saved views, multi-column sort, mention notification, version-history tab, notifier subjects) is asserted; the test proves only that the Notes tab mounts CnNotesTab with its composer, and a conditional test.skip on a missing tab button means the tab vanishing reports as a skip rather than a failure.",no,no,no anchor: cites a whole spec file,await expect(panel.locator('.cn-sidebar-tab__composer').first()).toBeVisible({ timeout: 15_000 }),yes,no,partial
openspec/specs/document-zaakdossier/spec.md,scenario-req-zak-004b-empty-dossier-shows-upload-cta-with-drag-and-drop-zone,tests/e2e/case-documents.spec.ts,a case without documents says so and still offers upload,verified,"Asserts the empty-state text, the Upload document button and that every /dossier response was under 400, so removing the empty state or the upload affordance reddens it; the drag-and-drop zone indicator the scenario also names is never located.",no,yes,resolves to a scenario,"await expect(panel.getByRole('button', { name: /Upload document/ }).first()).toBeVisible()",yes,no,verified
openspec/specs/document-zaakdossier/spec.md,scenario-req-zak-006b-restore-is-disabled-for-definitief-documents,tests/e2e/case-documents.spec.ts,"Versions on a row opens the panel, and restore is refused on a final document",partial,"The disabled check runs inside a loop over restore.count(), so an instance whose version panel lists no versions passes with no assertion executed, and the scenario's other halves, both versions listed and the hover message, are deliberately not asserted; the only unconditional line is the fixture read that the document is final.",yes,yes,resolves to a scenario,for (let index = 0; index < (await restore.count()); index++) { await expect(restore.nth(index)).toBeDisabled() },yes,no,partial
openspec/specs/case-dashboard-view/spec.md,the-number-reads-under-the-title,tests/e2e/case-header.spec.ts,"the case number, type, status and assignee read under the title",partial,"The scenario says the SUBTITLE under the title reads the identifier, which the requirement ties to config.subtitleField; the test reads case-header-identifier, a dd inside CaseHeaderRow.vue, so dropping subtitleField from the manifest leaves every assertion here green, and the page title itself is never asserted either.",no,yes,resolves to a scenario,"await expect(page.getByTestId('case-header-identifier')).toHaveText(caseIdentifier, { timeout: 20_000 })",yes,no,verified
openspec/specs/case-dashboard-view/spec.md,status-and-deadline-sit-in-the-header-row,tests/e2e/case-header.spec.ts,the status badge and the overdue countdown sit in the row,verified,"Asserts the badge resolves the status uuid to the seeded status NAME, that the countdown carries the is-danger band and a day count, and that the retired Time left tile has zero nodes.",no,yes,resolves to a scenario,await expect(countdown).toHaveClass(/is-danger/),yes,no,verified
openspec/specs/case-dashboard-view/spec.md,a-case-without-a-status-or-a-deadline-still-has-a-header,tests/e2e/case-header.spec.ts,a case with no status and no deadline still has a header,verified,"Seeds a case type with no statuses and no term and asserts the badge reads Unknown or Onbekend rather than being absent, and that the countdown element has a count of zero.",no,yes,resolves to a scenario,"await expect(page.getByTestId('case-header-status')).toHaveText(/^\s*(Unknown|Onbekend)\s*$/, { timeout: 20_000 })",yes,no,verified
openspec/specs/case-dashboard-view/spec.md,no-trail-is-rendered,tests/e2e/case-header.spec.ts,renders no breadcrumb trail above the case title,verified,"Asserts the breadcrumbs testid has zero nodes and, separately, that no element carries both the case title and aria-current=page, which is the trail's own signature and cannot be confounded by the sidebar repeating the title.",no,yes,resolves to a scenario,"await expect(page.locator('[aria-current=""page""]').filter({ hasText: caseTitle })).toHaveCount(0)",yes,no,verified
openspec/specs/case-dashboard-view/spec.md,the-strip-holds-six-tabs-and-no-more,tests/e2e/case-header.spec.ts,"the work tabs ARE the strip, in order, with nothing after them",verified,"Reads every tab label off the strip and compares the whole list to the exact six, so an extra tab, a reorder or a retired Files, Notes, Mail or Decisions tab reddens it.",no,yes,resolves to a scenario,expect(labels).toEqual(WORK_TABS),yes,no,verified
openspec/specs/case-dashboard-view/spec.md,the-six-tabs-fit-a-laptop-screen,tests/e2e/case-header.spec.ts,"every work tab is reachable at 1024, with the strip above the fold",verified,"At a 1024 viewport it asserts the strip starts above y=768 and that all six tab boxes have non-zero width and height and lie inside 0 to 1024, so a clipped or off-screen tab reddens it.",no,yes,resolves to a scenario,"expect(box.right, `${tab} ends at x=${box.right}, past the 1024px viewport`).toBeLessThanOrEqual(1024)",yes,no,verified
openspec/changes/hours-onto-humaniq-leaf/specs/case-hours-via-humaniq-leaf/spec.md,the-surface-is-absent-when-humaniq-is,tests/e2e/case-hours-leaf.spec.ts,the page renders its own widgets and no hours surface at all,verified,"Asserts the leaf widget, its caption, the hours heading in either locale and every booking hook are absent on an install without humaniq, so a cell that came back printing 0 reddens it.",no,no,"cites openspec/changes/**, which gate-19 does not parse","await expect(page.getByText(HOURS_TITLE), 'no hours heading may render when the leaf behind it is not registered, by any route').toHaveCount(0)",yes,no,verified
openspec/changes/hours-onto-humaniq-leaf/specs/case-hours-via-humaniq-leaf/spec.md,no-cross-app-register-query-survives,tests/e2e/case-hours-leaf.spec.ts,the page asks humaniq for nothing,verified,"Collects every request whose URL names humaniq or hrmq and requires the list to be empty, so restoring the manifest register query on CaseDetail reddens it; it reads runtime traffic rather than the manifest text, so a humaniq register named on some other page would escape.",no,no,"cites openspec/changes/**, which gate-19 does not parse","expect(asked, `the case page queried humaniq: ${asked.join(' | ')}...`).toEqual([])",yes,no,partial
openspec/changes/hours-onto-humaniq-leaf/specs/case-hours-via-humaniq-leaf/spec.md,hours-render-on-a-case-with-humaniq-installed,tests/e2e/case-hours-leaf.spec.ts,the tile leads with the hours on the case and the caller's own beneath,verified,"Asserts the caption, the case total, the caller's own share as real numbers, no bookings listed, the stopwatch and exactly one action button, which is the whole scenario; note this half of the file only registers under DOSSIQ_E2E_HUMANIQ=1 and the header says it has never had a green run.",no,no,"cites openspec/changes/**, which gate-19 does not parse","await readFigure(widget.getByTestId(HOOK.own), ""the caller's own hours"")",yes,no,verified
openspec/changes/hours-onto-humaniq-leaf/specs/case-hours-via-humaniq-leaf/spec.md,the-leaf-reads-the-right-case,tests/e2e/case-hours-leaf.spec.ts,booking hours through the dialog raises the headline,partial,"Books through the dialog and asserts the headline rose by the booked hours, but write and read both derive the same case literal, so a leaf filtering on the WRONG domainObjectRef stays green; it never asserts domainObjectType is dossiq:case or that the literal came from the page config.",no,no,"cites openspec/changes/**, which gate-19 does not parse",".poll(async () => pollFigure(widget.getByTestId(HOOK.total))).toBeCloseTo(before + BOOKED_HOURS, 2)",yes,no,partial
openspec/changes/hours-onto-humaniq-leaf/specs/case-hours-via-humaniq-leaf/spec.md,hours-render-on-a-case-with-humaniq-installed,tests/e2e/case-hours-leaf.spec.ts,"a running timer survives a reload, and stopping it returns the figures",verified,"Its subject is timer persistence, which the cited scenario does not state, but it does require the widget to render and its total to print a number, so the scenario's core render claim reddens; the caller's own share and the no-bookings-listed half are asserted only in the sibling test.",no,no,"cites openspec/changes/**, which gate-19 does not parse","const before = await readFigure(widget.getByTestId(HOOK.total), 'the total before the timer ran')",yes,no,partial
openspec/specs/case-management/spec.md,,tests/e2e/case-identity.spec.ts,a case posted to the API is numbered in the year of its start date,verified,"the citation names no requirement, only the file; the test posts a case with no identifier and asserts the stored value matches YYYY-NNNN with the year of its start date, which is REQ-CM-25",no,no,no anchor: cites a whole spec file,"expect(String(stored.identifier).slice(0, 4), 'the year half is the year of the start date').toBe('2026')",yes,no,verified
openspec/specs/case-management/spec.md,,tests/e2e/case-identity.spec.ts,an existing number survives an edit to the case,verified,"the citation names no requirement, only the file; the test retitles a case holding BZW-2025-17 and asserts the stored identifier is unchanged, which is REQ-CM-25's keep clause",no,no,no anchor: cites a whole spec file,expect(stored.identifier).toBe(LEGACY_IDENTIFIER),yes,no,verified
openspec/specs/case-management/spec.md,,tests/e2e/case-identity.spec.ts,"the New case form asks for no number, and the case gets the next one",verified,"the citation names no requirement, only the file; the test asserts the New case dialog offers no identifier field, that the filed case takes a sequence higher than every number of that year, and that the number shows in the case Data panel",no,no,no anchor: cites a whole spec file,"expect(sequence, 'the new case must take a number no case of this year already holds').toBeGreaterThan(before)",yes,no,verified
openspec/specs/case-management/spec.md,,tests/e2e/case-identity.spec.ts,a tag added in the sidebar is on the case after a reload,verified,"the citation names no requirement, only the file; the test drives the sidebar Tags tab end to end and asserts the stored tags contain spoed and that the tab still shows it after a reload, not merely that the editor closed",no,no,no anchor: cites a whole spec file,"expect.poll(async () => (await showObject(api, 'case', tagCaseId)).tags ?? [], ...).toContain(TYPED_TAG)",yes,no,verified
openspec/specs/case-management/spec.md,,tests/e2e/case-identity.spec.ts,"the Cases index filters on a tag, and offers the filter",verified,"the citation names no requirement, only the file; the test asserts both tagged cases are listed and all three untagged cases of the same type are absent, so a filter that narrowed nothing reddens",no,no,no anchor: cites a whole spec file,"await expect(page.getByText(`${RUN_PREFIX} plain case ${suffix}`), 'an untagged case must not survive the filter').toHaveCount(0)",yes,no,verified
openspec/specs/case-management/spec.md,,tests/e2e/case-identity.spec.ts,"the case shows its lead time, legal basis and archive nomination",verified,"the citation names no requirement, only the file; the test asserts statutoryTerm is materialised as P56D over the API and that the Terms block renders the deadline and the legal basis, then that the metadata panel groups the archival facts and names the nomination",no,no,no anchor: cites a whole spec file,await expect(terms).toContainText(LEGAL_BASIS),yes,no,verified
openspec/specs/case-management/spec.md,,tests/e2e/case-identity.spec.ts,"an archival fact the case does not carry is shown empty, not hidden",verified,"the citation names no requirement, only the file; the test asserts the Record state row is present exactly once and carries the empty-value modifier while the populated Appraisal row does not, so a panel that hid the unset fact or rendered uniformly blank reddens",no,no,no anchor: cites a whole spec file,await expect(row.locator('.cn-detail-grid__value--empty')).toHaveCount(1),yes,no,not measured
openspec/specs/status-transition-engine/spec.md,display-available-transitions-on-case-detail,tests/e2e/case-lifecycle-on-the-page.spec.ts,the header row lists only the transitions this user may take,verified,"Asserts the role-permitted transition is offered and the Afdelingshoofd-only one is absent, plus that a transition out of another status is absent, so widening the role filter reddens it.",yes,yes,resolves to a scenario,await expect(page.getByTestId(`case-transition-${T.approve}`)).toHaveCount(0),yes,yes,verified
openspec/specs/status-transition-engine/spec.md,no-transitions-available,tests/e2e/case-lifecycle-on-the-page.spec.ts,a closed case offers no transitions and says it is closed,verified,"Asserts both halves of the scenario, the closed marker visible and both transition buttons absent on a final status, so offering a transition on a closed case reddens it.",no,yes,resolves to a scenario,await expect(page.getByTestId(`case-transition-${T.close}`)).toHaveCount(0),yes,yes,verified
openspec/specs/status-transition-engine/spec.md,a-handler-advances-a-case,tests/e2e/case-lifecycle-on-the-page.spec.ts,a handler advances the case and the strip re-reads it,verified,"Reads the stored case back after confirming, asserts the transition-history row names the new status, and asserts the header strip re-read without a reload, so it catches a move that only looked right in the UI.",no,yes,resolves to a scenario,"const moved = await showObject(request, 'case', cases.advance); expect(moved.status).toBe(statusProgress)",yes,yes,verified
openspec/specs/status-transition-engine/spec.md,required-document-guard-evaluation,tests/e2e/case-lifecycle-on-the-page.spec.ts,a failed guard disables the button and names what is missing,verified,"Asserts the button is disabled, that the reason beside it names the missing document type, and that the stored status did not move, which is the refusal the scenario describes.",yes,yes,resolves to a scenario,await expect(reason).toContainText(REQUIRED_DOC),yes,yes,verified
openspec/specs/status-transition-engine/spec.md,a-final-transition-records-a-result,tests/e2e/case-lifecycle-on-the-page.spec.ts,closing the case records the result that was picked,verified,"Follows the result through to storage: the case reads back in the final status and its result object's resultType is the one picked, so writing no result or the wrong one reddens it.",no,yes,resolves to a scenario,expect(String(result.resultType ?? result.type ?? '')).toBe(resultGranted),yes,yes,verified
openspec/specs/status-transition-engine/spec.md,no-result-no-close,tests/e2e/case-lifecycle-on-the-page.spec.ts,the confirm button stays disabled until a result is picked,verified,"Asserts the confirm button is disabled with the result select on screen and no result picked, and then reads the case back to confirm it stayed in its current status.",yes,yes,resolves to a scenario,await expect(page.getByTestId('case-transition-confirm')).toBeDisabled(),yes,yes,verified
openspec/specs/status-transition-engine/spec.md,suspend-then-resume,tests/e2e/case-lifecycle-on-the-page.spec.ts,suspend puts the marker and Resume in front of the handler,verified,"Asserts the suspended marker appears, that Resume is then offered, and that the marker clears after resuming; the deadline recomputation the scenario also requires is never read back from the case.",no,yes,resolves to a scenario,"await expect(page.getByTestId('case-suspended-marker')).toHaveCount(0, { timeout: 25_000 })",yes,yes,verified
openspec/specs/status-transition-engine/spec.md,extend-the-term,tests/e2e/case-lifecycle-on-the-page.spec.ts,extending the term moves the end date by the case type period,verified,"Polls the stored plannedEndDate until it is exactly fourteen days beyond the pre-extension value and asserts extensionCount rose by one, which is both halves of the scenario.",no,yes,resolves to a scenario,.poll(async () => Math.round((Date.parse(String(after.plannedEndDate)) - beforeEnd) / DAY)).toBe(14),yes,yes,verified
openspec/specs/status-transition-engine/spec.md,reopen-a-closed-case,tests/e2e/case-lifecycle-on-the-page.spec.ts,reopening a closed case returns it to the first status,verified,"Asserts Reopen is offered on the closed case, then polls the stored case back to the case type's initial status and asserts isFinalStatus is false, which is both halves of the scenario.",no,yes,resolves to a scenario,expect(reopened.isFinalStatus).toBe(false),yes,yes,verified
openspec/specs/case-dashboard-view/spec.md,the-current-step-is-marked,tests/e2e/case-lifecycle-on-the-page.spec.ts,the stepper marks the step the case is in,verified,"Asserts three stages and the completed, current and upcoming class on each in order, plus a single aria-current step, so mismarking the active stage reddens it.",no,yes,resolves to a scenario,await expect(stages.nth(1)).toHaveClass(/cn-timeline-stages__stage--current/),yes,no,verified
openspec/specs/case-dashboard-view/spec.md,the-stepper-follows-a-transition,tests/e2e/case-lifecycle-on-the-page.spec.ts,the stepper follows a transition without a reload,verified,"Takes the transition and asserts the third stage becomes current and the second completed with no page.goto in between, which is the without-a-reload claim.",no,yes,resolves to a scenario,"await expect(stages.nth(2)).toHaveClass(/cn-timeline-stages__stage--current/, { timeout: 25_000 })",yes,no,verified
openspec/specs/my-work/spec.md,,tests/e2e/case-list-lenses.spec.ts,"All is the lens you land on, and Mine is one click away",verified,"The citation names a file and no requirement, but the test proves the spec's Lenses requirement directly: it reads aria-selected on the All chip, sees both seeded cases, then clicks Mine and asserts the other person's case is gone.",no,no,no anchor: cites a whole spec file,"await expect(chip(page, CHIPS.all)).toHaveAttribute('aria-selected', 'true')",yes,no,verified
openspec/specs/my-work/spec.md,,tests/e2e/case-list-lenses.spec.ts,"Unclaimed shows what nobody has picked up, and the Queue agrees",verified,"The citation names a file and no requirement, yet the test asserts both halves of the Unclaimed lens on Cases and repeats them on Queue, so a lens that stopped excluding assigned cases would redden it on either page.",no,no,no anchor: cites a whole spec file,"await expect(row(page, 'mine-open')).toHaveCount(0)",yes,no,verified
openspec/specs/my-work/spec.md,,tests/e2e/case-list-lenses.spec.ts,All shows the other person's case and the closed one,verified,"The citation names a file and no requirement; the test clicks All and asserts both the other user's open case and the closed case are present, which is exactly what the All chip carrying no filter means.",no,no,no anchor: cites a whole spec file,"await expect(row(page, 'mine-closed').first()).toBeVisible({ timeout: 30_000 })",yes,no,verified
openspec/specs/my-work/spec.md,,tests/e2e/case-list-lenses.spec.ts,choosing a chip replaces the previous one rather than stacking,verified,"The citation names a file and no requirement, but the test counts active tabs at exactly one and asserts the unassigned row is gone, so a stacking implementation reddens it on both lines.",no,no,no anchor: cites a whole spec file,"await expect(page.getByRole('tab').and(page.locator('[aria-selected=""true""]'))).toHaveCount(1)",yes,no,verified
openspec/specs/case-management/spec.md,,tests/e2e/case-list-lenses.spec.ts,a closed case leaves Mine,verified,"The citation names a file and no requirement; the test matches REQ-CM-31's first scenario, waiting for the open case under Mine and then asserting the closed one is absent, so dropping isFinalStatus false from Mine reddens it.",no,no,no anchor: cites a whole spec file,"await expect(row(page, 'mine-closed')).toHaveCount(0)",yes,no,verified
openspec/specs/case-management/spec.md,,tests/e2e/case-list-lenses.spec.ts,Closed shows the closed case and not the open one,verified,"The citation names a file and no requirement; the test asserts both halves of REQ-CM-31's Closed scenario, and because the seeded rows sort last on the shared index a chip that stopped filtering would fail at the settle step rather than pass on an empty page.",no,no,no anchor: cites a whole spec file,"await expect(row(page, 'mine-open')).toHaveCount(0)",yes,no,verified
openspec/specs/signalering-widgets/spec.md,,tests/e2e/case-list-lenses.spec.ts,the Deadline cell counts the days left,verified,"The citation names a file and no requirement; the test reads the deadline-countdown cell of a case seeded to fall due in three days and asserts the rendered countdown text, with the overdue class explicitly absent.",no,no,no anchor: cites a whole spec file,"await expect(cell).toHaveText(/3 (days left|dagen)/, { timeout: 20_000 })",yes,no,verified
openspec/specs/signalering-widgets/spec.md,,tests/e2e/case-list-lenses.spec.ts,"a past deadline reads as overdue, and carries the overdue class",verified,"The citation names a file and no requirement; the test asserts both the overdue countdown text and the is-overdue class, so losing only the colouring class still reddens it.",no,no,no anchor: cites a whole spec file,await expect(cell).toHaveClass(/is-overdue/),yes,no,verified
openspec/specs/signalering-widgets/spec.md,,tests/e2e/case-list-lenses.spec.ts,Overdue shows the open overdue case only,verified,"The citation names a file and no requirement; the test asserts the open overdue case is listed while the closed overdue one and the not-yet-due one are not, which is both clauses of the Overdue chip filter.",no,no,no anchor: cites a whole spec file,"await expect(row(page, 'closed-overdue')).toHaveCount(0)",yes,no,verified
openspec/specs/case-management/spec.md,,tests/e2e/case-list-lenses.spec.ts,Due this week shows the case due in three days and neither neighbour,verified,"The citation names a file and no requirement; the test asserts REQ-CASE-LTA-001's half-open window on both sides, naming the thirty-day case and the two-days-overdue case as the two absences.",no,no,no anchor: cites a whole spec file,"await expect(row(page, 'mine-overdue')).toHaveCount(0)",yes,no,verified
openspec/specs/signalering-widgets/spec.md,,tests/e2e/case-list-lenses.spec.ts,the Overdue stat tile links to exactly the Overdue chip filter,verified,"The citation names a file and no requirement; the test follows the kpi-overdue tile and reads both query keys off the resulting URL as well as the resulting rows, so a filter dropped on the way reddens the query assertion.",no,no,no anchor: cites a whole spec file,expect(query.get('deadline[lt]')).toMatch(dateTokenPattern('@today')),yes,no,verified
openspec/specs/task-management/spec.md,,tests/e2e/case-list-lenses.spec.ts,the Tasks index lands on All and offers Mine,verified,"The citation names a file and no requirement; the test asserts All is the mounted chip and that Mine both shows the user's task and drops the other user's, which is REQ-TASK-016's first scenario in full.",no,no,no anchor: cites a whole spec file,"await expect(chip(page, CHIPS.all)).toHaveAttribute('aria-selected', 'true')",yes,no,verified
openspec/specs/task-management/spec.md,,tests/e2e/case-list-lenses.spec.ts,Unclaimed on Tasks shows the open task nobody holds,verified,"The citation names a file and no requirement; the test asserts the pooled task is present and three held or terminal tasks are absent, so a lens that lost scope pooled reddens on the absences.",no,no,no anchor: cites a whole spec file,"await expect(row(page, 'task-other')).toHaveCount(0)",yes,no,verified
openspec/specs/task-management/spec.md,,tests/e2e/case-list-lenses.spec.ts,All on Tasks shows the completed task too,verified,"The citation names a file and no requirement; the test asserts the completed task is visible under All, which is the one thing that distinguishes scope all with no isTerminal from the default assigned lens.",no,no,no anchor: cites a whole spec file,"await expect(row(page, 'task-done').first()).toBeVisible({ timeout: 30_000 })",yes,no,verified
openspec/specs/task-management/spec.md,,tests/e2e/case-list-lenses.spec.ts,Closed on Tasks shows the completed task and not the open one,verified,"The citation names a file and no requirement; the test asserts the completed task appears under Closed and the open assigned one does not, matching REQ-TASK-017's Closed scenario.",no,no,no anchor: cites a whole spec file,"await expect(row(page, 'task-mine')).toHaveCount(0)",yes,no,verified
openspec/specs/task-management/spec.md,,tests/e2e/case-list-lenses.spec.ts,Overdue on Tasks leaves out the task due later today,verified,"The citation names a file and no requirement; the test asserts the two-days-late task is listed while the end-of-today task and the thirty-day task are not, which is the instant comparison the spec asks the Overdue chip to preserve.",no,no,no anchor: cites a whole spec file,"await expect(row(page, 'task-due-today')).toHaveCount(0)",yes,no,verified
openspec/specs/task-management/spec.md,,tests/e2e/case-list-lenses.spec.ts,Due this week on Tasks holds both edges of the window,verified,"The citation names a file and no requirement; the test asserts both edges of the chip's window, and its conditional skip is probed against the openregister endpoint rather than against dossiq's lens, so breaking the chip still reddens it.",no,no,no anchor: cites a whole spec file,"await expect(row(page, 'task-overdue')).toHaveCount(0)",yes,no,verified
openspec/specs/task-management/spec.md,,tests/e2e/case-list-lenses.spec.ts,the task row shows the priority REQ-TASK-004 has always asked for,verified,"The citation names a file and no requirement; the test asserts only the Priority column header, which matches REQ-TASK-018's own scenario and reddens if the column is dropped, but it never reads a priority value out of a row so an always-blank cell would survive.",no,no,no anchor: cites a whole spec file,"await expect(page.getByRole('columnheader', { name: /^(Priority|Prioriteit)$/ })).toBeVisible({ timeout: 30_000 })",yes,no,verified
openspec/specs/task-management/spec.md,,tests/e2e/case-list-lenses.spec.ts,"the task due windows narrow the collection, edges included",partial,"The citation names a file and no requirement; the test calls the openregister flow-task endpoint directly and asserts its dueAfter and dueBefore semantics, so it proves upstream behaviour while a dossiq lens that sent the wrong predicates would leave every assertion green.",no,no,no anchor: cites a whole spec file,"expect(inWindow, 'a task due in thirty days is not').not.toContain(tasks['task-next-month'])",yes,no,verified
openspec/specs/task-management/spec.md,,tests/e2e/case-list-lenses.spec.ts,"overdue is the instant comparison, so a task due later today is not late",partial,"The citation names a file and no requirement; the test asserts the engine's own overdue projection over the API and never touches the Tasks index, so a broken Overdue chip on the page under test survives it untouched.",no,no,no anchor: cites a whole spec file,"expect(late, 'a task due later today is not overdue').not.toContain(tasks['task-due-today'])",yes,no,verified
openspec/specs/case-bulk-status-transition/spec.md,,tests/e2e/case-list-lenses.spec.ts,"Transition moves the selection, with a reason",verified,"The citation names a file and no requirement; the test drives the real dialog with a reason, asserts the 2 of 2 summary, and then reads both cases back from the API to confirm the stored status actually moved rather than trusting the counter.",no,no,no anchor: cites a whole spec file,"expect(saved.status, `${key} moved`).not.toBe(statusReceived)",yes,no,verified
openspec/specs/case-bulk-status-transition/spec.md,,tests/e2e/case-list-lenses.spec.ts,"no reason, no execute",verified,"The citation names a file and no requirement; the test waits for the preview to land so the only missing input is the reason, asserts Execute is disabled, then asserts it enables once the reason is filled, which pins the refusal to the reason and not to a slow preview.",yes,no,no anchor: cites a whole spec file,"await expect(dialog.locator('[data-testid=""bulk-execute""]')).toBeDisabled()",yes,no,verified
openspec/specs/case-bulk-status-transition/spec.md,,tests/e2e/case-list-lenses.spec.ts,"Suspend then Resume, each with its reason",verified,"The citation names a file and no requirement; the test polls the case object after each gesture and asserts each reason reached the case journal, so a dialog that reported success without writing the pause reddens on the poll.",no,no,no anchor: cites a whole spec file,.toContain('Awaiting documents'),yes,no,verified
openspec/specs/case-bulk-status-transition/spec.md,,tests/e2e/case-list-lenses.spec.ts,"Extend term writes the new end date, and leaves the Deadline column alone",verified,"The citation names a file and no requirement; the test polls the stored plannedEndDate for the new date and separately asserts the read-only deadline is byte-identical to the value read before the extension, covering both clauses of the requirement.",no,no,no anchor: cites a whole spec file,expect(String(after.deadline ?? '')).toBe(String(before.deadline ?? '')),yes,no,verified
openspec/specs/case-bulk-status-transition/spec.md,,tests/e2e/case-list-lenses.spec.ts,the Cases list offers all five bulk actions on a selection,verified,"The citation names a file and no requirement; the test ticks a row and asserts each of the five bulkActions buttons is visible in the selection strip, which is the manifest claim the requirement makes, though it opens none of them.",no,no,no anchor: cites a whole spec file,"await expect(strip.locator(`[data-testid=""cn-bulk-action-${id}""]`), `the strip offers ${id}`).toBeVisible()",yes,no,verified
openspec/specs/case-management/spec.md,the-tab-lists-the-cases-objects,tests/e2e/case-objects.spec.ts,the tab lists this case objects and not another case one,verified,"Asserts exactly two rows in the tab, the building row carrying its object type and its description and the vehicle row its type, and asserts the other case's object is absent, so a widget that lost the case filter or a column reddens; the link column is only proven indirectly because the seeded URL embeds the identification.",no,yes,resolves to a scenario,await expect(widget.getByText(OTHER_ID)).toHaveCount(0),yes,no,verified
openspec/specs/case-management/spec.md,the-tab-lists-the-cases-objects,tests/e2e/case-objects.spec.ts,the tab lists this case objects and not another case one,verified,"Asserts exactly two rows in the tab, the building row carrying its object type and its description and the vehicle row its type, and asserts the other case's object is absent, so a widget that lost the case filter or a column reddens; the link column is only proven indirectly because the seeded URL embeds the identification.",no,yes,resolves to a scenario,await expect(widget.getByText(OTHER_ID)).toHaveCount(0),yes,no,verified
openspec/specs/case-management/spec.md,an-empty-case-shows-the-tab,tests/e2e/case-objects.spec.ts,"a case without objects shows the tab, its empty state and the way out",verified,"Asserts the empty-state sentence in both locales, that every caseObject query came back under 400 so a failed fetch cannot pose as an empty case, and that the Objects tab is present rather than hidden.",no,yes,resolves to a scenario,"await expect(widget).toContainText(/No objects linked to this case yet|Nog geen objecten aan deze zaak gekoppeld/, { timeout: 20_000 })",yes,no,verified
openspec/specs/case-management/spec.md,an-empty-case-shows-the-tab,tests/e2e/case-objects.spec.ts,"a case without objects shows the tab, its empty state and the way out",verified,"Asserts the empty-state sentence in both locales, that every caseObject query came back under 400 so a failed fetch cannot pose as an empty case, and that the Objects tab is present rather than hidden.",no,yes,resolves to a scenario,"await expect(widget).toContainText(/No objects linked to this case yet|Nog geen objecten aan deze zaak gekoppeld/, { timeout: 20_000 })",yes,no,verified
openspec/specs/case-management/spec.md,a-linked-object-shows-up-in-the-tab,tests/e2e/case-objects.spec.ts,an object linked from the case carries that case and shows up in the tab,verified,"Fills the Link object form, reads the saved row back over the API and asserts the stored case, object type and description, then asserts the new row appears in the Objects tab, which is both THENs of the scenario rather than the prefilled field.",no,yes,resolves to a scenario,expect(String(stored.case)).toBe(formCaseId),yes,no,verified
openspec/specs/case-management/spec.md,a-linked-object-shows-up-in-the-tab,tests/e2e/case-objects.spec.ts,an object linked from the case carries that case and shows up in the tab,verified,"Fills the Link object form, reads the saved row back over the API and asserts the stored case, object type and description, then asserts the new row appears in the Objects tab, which is both THENs of the scenario rather than the prefilled field.",no,yes,resolves to a scenario,expect(String(stored.case)).toBe(formCaseId),yes,no,verified
openspec/specs/case-management/spec.md,a-link-without-an-object-type-is-refused,tests/e2e/case-objects.spec.ts,a link without an object type cannot be saved and the field is marked,verified,"Asserts the save button is disabled while the object type is empty, that the field carries the required marker, that filling the type releases the button so the refusal is about that field, and that no row was stored, so a form that saved anyway reddens.",yes,yes,resolves to a scenario,"expect(rows.filter((r) => String(r.objectIdentification ?? '') === refusedId), 'no case object should have been saved without an object type').toHaveLength(0)",yes,no,verified
openspec/specs/case-management/spec.md,a-link-without-an-object-type-is-refused,tests/e2e/case-objects.spec.ts,a link without an object type cannot be saved and the field is marked,verified,"Asserts the save button is disabled while the object type is empty, that the field carries the required marker, that filling the type releases the button so the refusal is about that field, and that no row was stored, so a form that saved anyway reddens.",yes,yes,resolves to a scenario,"expect(rows.filter((r) => String(r.objectIdentification ?? '') === refusedId), 'no case object should have been saved without an object type').toHaveLength(0)",yes,no,verified
openspec/specs/case-management/spec.md,one-building-two-cases,tests/e2e/case-objects.spec.ts,the index finds one building on two cases and leaves the vehicle out,verified,"Asserts exactly two index rows for the shared building identification and tells them apart by the per case descriptions, then asserts the vehicle and the third case's object are absent, so an index that collapsed the two cases into one row or leaked the vehicle reddens.",no,yes,resolves to a scenario,"await expect(rows).toHaveCount(2, { timeout: 30_000 })",yes,no,verified
openspec/specs/case-management/spec.md,one-building-two-cases,tests/e2e/case-objects.spec.ts,the index finds one building on two cases and leaves the vehicle out,verified,"Asserts exactly two index rows for the shared building identification and tells them apart by the per case descriptions, then asserts the vehicle and the third case's object are absent, so an index that collapsed the two cases into one row or leaked the vehicle reddens.",no,yes,resolves to a scenario,"await expect(rows).toHaveCount(2, { timeout: 30_000 })",yes,no,verified
openspec/specs/case-management/spec.md,a-row-opens-its-case,tests/e2e/case-objects.spec.ts,"View case on a row opens that row case, not the row",verified,"Opens View case from the row overflow menu and asserts the URL carries the case id rather than the case object id, plus the seeded case title on the detail page, which is exactly the misbinding that would otherwise render an empty page without erroring.",no,yes,resolves to a scenario,"await expect(page).toHaveURL(new RegExp(`/cases/${objectsCaseId}(?:[?#]|$)`), { timeout: 30_000 })",yes,no,verified
openspec/specs/case-management/spec.md,a-row-opens-its-case,tests/e2e/case-objects.spec.ts,"View case on a row opens that row case, not the row",verified,"Opens View case from the row overflow menu and asserts the URL carries the case id rather than the case object id, plus the seeded case title on the detail page, which is exactly the misbinding that would otherwise render an empty page without erroring.",no,yes,resolves to a scenario,"await expect(page).toHaveURL(new RegExp(`/cases/${objectsCaseId}(?:[?#]|$)`), { timeout: 30_000 })",yes,no,verified
openspec/specs/case-management/spec.md,the-sidebar-groups-by-object-type,tests/e2e/case-objects.spec.ts,the sidebar groups by object type and All objects brings every row back,verified,"Clicks the building folder and asserts the list narrows to the single building row with the vehicle identification gone, then asserts All objects brings both rows back, which is both THENs of the scenario.",no,yes,resolves to a scenario,"await expect(rows).toHaveCount(1, { timeout: 20_000 }) after clicking the building folder, then await expect(rows).toHaveCount(2) after cn-folder-sidebar__all",yes,no,verified
openspec/specs/case-management/spec.md,the-sidebar-groups-by-object-type,tests/e2e/case-objects.spec.ts,the sidebar groups by object type and All objects brings every row back,verified,"Clicks the building folder and asserts the list narrows to the single building row with the vehicle identification gone, then asserts All objects brings both rows back, which is both THENs of the scenario.",no,yes,resolves to a scenario,"await expect(rows).toHaveCount(1, { timeout: 20_000 }) after clicking the building folder, then await expect(rows).toHaveCount(2) after cn-folder-sidebar__all",yes,no,verified
openspec/specs/roles-decisions/spec.md,parties-visible-on-the-case,tests/e2e/case-parties.spec.ts,"the tab lists this case parties with their delegation, and not another case one",verified,"Same test under the short citation form: two rows counted, delegate and delegation year read off the handler row, and the foreign case's participant required to be absent, so a broken case filter or an unbound cell reddens it.",no,yes,resolves to a scenario,await expect(widget.getByText(OTHER_PARTICIPANT)).toHaveCount(0),yes,no,verified
openspec/specs/roles-decisions/spec.md,parties-visible-on-the-case,tests/e2e/case-parties.spec.ts,"the tab lists this case parties with their delegation, and not another case one",verified,"Same test under the short citation form: two rows counted, delegate and delegation year read off the handler row, and the foreign case's participant required to be absent, so a broken case filter or an unbound cell reddens it.",no,yes,resolves to a scenario,await expect(widget.getByText(OTHER_PARTICIPANT)).toHaveCount(0),yes,no,verified
openspec/specs/roles-decisions/spec.md,a-case-without-parties-says-so,tests/e2e/case-parties.spec.ts,a case without parties shows the empty state and the Add party action,verified,"Same test under the short citation form: the empty state text, the non-failing role query and the Add party menu entry are each asserted, so removing either half of the scenario reddens it.",no,yes,resolves to a scenario,"await expect(widget).toContainText(/No parties on this case yet|Nog geen betrokkenen bij deze zaak/, ...)",yes,no,verified
openspec/specs/roles-decisions/spec.md,a-case-without-parties-says-so,tests/e2e/case-parties.spec.ts,a case without parties shows the empty state and the Add party action,verified,"Same test under the short citation form: the empty state text, the non-failing role query and the Add party menu entry are each asserted, so removing either half of the scenario reddens it.",no,yes,resolves to a scenario,"await expect(widget).toContainText(/No parties on this case yet|Nog geen betrokkenen bij deze zaak/, ...)",yes,no,verified
openspec/specs/roles-decisions/spec.md,add-a-party-with-the-case-prefilled,tests/e2e/case-parties.spec.ts,a party added from the case carries that case and shows up in the tab,verified,"Same test under the short citation form: the saved row's case reference is asserted on the stored object rather than on the prefilled field, and the refreshed list is asserted to hold exactly one matching row.",no,yes,resolves to a scenario,"await expect(widget.locator('tbody tr').filter({ hasText: TYPED_PARTICIPANT })).toHaveCount(1, { timeout: 20_000 })",yes,no,verified
openspec/specs/roles-decisions/spec.md,add-a-party-with-the-case-prefilled,tests/e2e/case-parties.spec.ts,a party added from the case carries that case and shows up in the tab,verified,"Same test under the short citation form: the saved row's case reference is asserted on the stored object rather than on the prefilled field, and the refreshed list is asserted to hold exactly one matching row.",no,yes,resolves to a scenario,"await expect(widget.locator('tbody tr').filter({ hasText: TYPED_PARTICIPANT })).toHaveCount(1, { timeout: 20_000 })",yes,no,verified
openspec/specs/role-routing-via-or-rbac/spec.md,assign-a-case-to-a-team,tests/e2e/case-parties.spec.ts,a team picked on the case page is stored and shows in the Team column,verified,"Same test under the short citation form: the stored assignedGroup is polled to the picked team id and the index row is required to carry the team name, so a picker that saves nothing or a column bound to the wrong key both redden it.",no,yes,resolves to a scenario,"expect.poll(... stored.assignedGroup ..., { message: 'the team picked on the case page must be stored on the case' }).toBe(teamId)",yes,no,not measured
openspec/specs/role-routing-via-or-rbac/spec.md,assign-a-case-to-a-team,tests/e2e/case-parties.spec.ts,a team picked on the case page is stored and shows in the Team column,verified,"Same test under the short citation form: the stored assignedGroup is polled to the picked team id and the index row is required to carry the team name, so a picker that saves nothing or a column bound to the wrong key both redden it.",no,yes,resolves to a scenario,"expect.poll(... stored.assignedGroup ..., { message: 'the team picked on the case page must be stored on the case' }).toBe(teamId)",yes,no,not measured
openspec/specs/role-routing-via-or-rbac/spec.md,assign-a-case-to-a-team,tests/e2e/case-parties.spec.ts,a case with a team shows it in the Team column and keeps its assignee,verified,"Same test under the short citation form: the team name and the retained assignee are both read off the index row, so a $ref column that falls back to the raw uuid or a team write that clears the assignee reddens it.",no,yes,resolves to a scenario,await expect(row).toContainText(currentUser),yes,no,verified
openspec/specs/role-routing-via-or-rbac/spec.md,assign-a-case-to-a-team,tests/e2e/case-parties.spec.ts,a case with a team shows it in the Team column and keeps its assignee,verified,"Same test under the short citation form: the team name and the retained assignee are both read off the index row, so a $ref column that falls back to the raw uuid or a team write that clears the assignee reddens it.",no,yes,resolves to a scenario,await expect(row).toContainText(currentUser),yes,no,verified
openspec/specs/role-routing-via-or-rbac/spec.md,assign-a-case-to-a-team,tests/e2e/case-parties.spec.ts,the Team facet lists the team with a count of one,partial,"Same test under the short citation form: the count of one is proven on the API facet payload with two marked cases seeded, but nothing asserts that any facet option renders, which is what the scenario says the reader sees.",no,yes,resolves to a scenario,"await expect(indexRows(page), 'both marked cases are listed, so the facet is counted over two').toHaveCount(2, ...)",yes,no,not measured
openspec/specs/role-routing-via-or-rbac/spec.md,assign-a-case-to-a-team,tests/e2e/case-parties.spec.ts,the Team facet lists the team with a count of one,partial,"Same test under the short citation form: the count of one is proven on the API facet payload with two marked cases seeded, but nothing asserts that any facet option renders, which is what the scenario says the reader sees.",no,yes,resolves to a scenario,"await expect(indexRows(page), 'both marked cases are listed, so the facet is counted over two').toHaveCount(2, ...)",yes,no,not measured
openspec/specs/role-routing-via-or-rbac/spec.md,mine-shows-only-my-cases,tests/e2e/case-parties.spec.ts,the Mine chip narrows the list to my own cases,verified,"Same test under the short citation form: both cases are first asserted present under the All chip, then the Mine chip is clicked and the colleague row is required to reach zero, so a chip that filters nothing reddens it.",no,yes,resolves to a scenario,"await chips.getByRole('tab', { name: /Mine|Van mij/ }).click(); await expect(colleague).toHaveCount(0, ...)",yes,no,verified
openspec/specs/role-routing-via-or-rbac/spec.md,mine-shows-only-my-cases,tests/e2e/case-parties.spec.ts,the Mine chip narrows the list to my own cases,verified,"Same test under the short citation form: both cases are first asserted present under the All chip, then the Mine chip is clicked and the colleague row is required to reach zero, so a chip that filters nothing reddens it.",no,yes,resolves to a scenario,"await chips.getByRole('tab', { name: /Mine|Van mij/ }).click(); await expect(colleague).toHaveCount(0, ...)",yes,no,verified
openspec/specs/initiator-selection/spec.md,,tests/e2e/case-requester.spec.ts,"the New case form asks for a requester, and the field is enabled",verified,"The citation names no requirement, only the spec file, so it is read against the whole of initiator-selection: the test asserts the New case dialog carries exactly one requester field, that its control is enabled and free of the no-provider tooltip, and that Create enables with the field left empty, which is the enabled-and-optional half of the selector requirement; it never asserts that InitiatorPicker painted the field or that Person, Company and Contact are offered.",no,no,no anchor: cites a whole spec file,await expect(control).toBeEnabled({ timeout: 15_000 }),yes,no,verified
openspec/specs/initiator-selection/spec.md,,tests/e2e/case-requester.spec.ts,"the edit form carries the requester field, enabled",verified,"The citation names no requirement, only the spec file; the test opens Edit on a seeded case and asserts the dialog holds one requester field whose control is enabled and carries no integration tooltip, which is what the spec asks of the edit form, though it never opens the picker or checks which component renders it.",no,no,no anchor: cites a whole spec file,"await expect(requester.locator('input, [role=""combobox""]').first()).toBeEnabled({ timeout: 15_000 })",yes,no,verified
openspec/specs/initiator-selection/spec.md,,tests/e2e/case-requester.spec.ts,a case saved with only the reference gains its projection,verified,"The citation names no requirement, only the spec file; the test seeds a case carrying the bare requester uuid, proves the projection is empty first, opens the case and then polls the stored row until initiatorDisplayName holds the person's name with the canonical reference untouched, so a broken back-fill reddens it on stored data rather than on the screen.",no,no,no anchor: cites a whole spec file,"await expect.poll(async () => { const after = await showObject(api, 'case', bareRequesterCaseId); return after.initiatorDisplayName ?? '' }, ...).toBe(PLAIN....",yes,no,verified
openspec/specs/initiator-selection/spec.md,,tests/e2e/case-requester.spec.ts,a company requester persists as the uuid and the projection,partial,"The citation names no requirement, only the spec file; the test reads back the very row beforeAll seeded through the API and asserts the four fields the fixture itself wrote, a tautology that no picker, form or save-path breakage can redden, since it never opens a page and never exercises the write the requirement is about.",no,no,no anchor: cites a whole spec file,"expect(saved.requester, 'the uuid of the kvkCompany row').toBe(companyId)",yes,no,verified
openspec/specs/initiator-display/spec.md,,tests/e2e/case-requester.spec.ts,"the case page names the person, the number and the address",verified,"The citation names no requirement, only the spec file; the test asserts the card's name, type and BSN, that the address is resolved from the brpPerson row rather than from the case, and that the number links to this app's contact page, so a card that rendered the projection alone would fail on the address.",no,no,no anchor: cites a whole spec file,"await expect(card.locator('[data-testid=""initiator-address""]'), 'the address is resolved from the brpPerson row').toContainText('Mandelaplein', { timeout: 20...",yes,no,verified
openspec/specs/initiator-display/spec.md,,tests/e2e/case-requester.spec.ts,a company card links to the KvK record,verified,"The citation names no requirement, only the spec file; the test asserts the company card's trade name, the type Company, the KvK number and that the number links to the organisation page for the seeded kvkCompany row, which is the whole of the company-card requirement.",no,no,no anchor: cites a whole spec file,"await expect(card.locator('[data-testid=""initiator-source-link""]')).toHaveAttribute('href', new RegExp(`/organisations/${companyId}$`))",yes,no,verified
openspec/specs/initiator-display/spec.md,,tests/e2e/case-requester.spec.ts,a case without a requester shows no card,verified,"The citation names no requirement, only the spec file; the test waits for the tab strip so an absent card is a decision rather than a pending render, asserts zero initiator-section nodes, and then asserts the separate empty line is visible with its text, so both halves of no initiator, no clutter would redden.",no,no,no anchor: cites a whole spec file,"await expect(page.locator('[data-testid=""initiator-section""]')).toHaveCount(0)",yes,no,verified
openspec/specs/initiator-display/spec.md,,tests/e2e/case-requester.spec.ts,the requester is a column on the case list,verified,"The citation names no requirement, only the spec file; the test asserts the Requester column header exists and then, after narrowing the list by title so the row cannot be missed by pagination, asserts that row carries the persona's name, which is exactly the column requirement.",no,no,no anchor: cites a whole spec file,"await expect(row.first()).toContainText(PLAIN.name, { timeout: 30_000 })",yes,no,verified
openspec/specs/initiator-display/spec.md,,tests/e2e/case-requester.spec.ts,the list filters on the requester name,partial,"The citation names no requirement, only the spec file; the narrowing is proven by a direct API query on initiatorDisplayName rather than by typing in the sidebar filter, and the only UI assertion, getByText(/^(Requester|Aanvrager)$/) over the whole page, is also satisfied by the Requester column header the sibling test asserts, so a sidebar that offers no requester filter still passes.",no,no,no anchor: cites a whole spec file,"expect(titles.some((t) => t.includes(`${RUN_PREFIX} Bedrijfsaanvrager`)), 'and not the case with a different requester').toBe(false)",yes,no,verified
openspec/specs/initiator-display/spec.md,,tests/e2e/case-requester.spec.ts,"a protected BSN is masked, and a reveal is one logged read",verified,"The citation names no requirement, only the spec file; the test asserts the Protected marker, that the number renders as five dots plus the last four digits, that no reveal read happened before the press, and that the press produces the full BSN and exactly one request carrying _reason=bsn-reveal, so masking, the marker and the single logged read all redden independently.",yes,no,no anchor: cites a whole spec file,"await expect(card.locator('[data-testid=""initiator-source-link""]')).toHaveText(`•••••${PROTECTED.bsn.slice(-4)}`)",yes,no,verified
openspec/specs/initiator-display/spec.md,,tests/e2e/case-requester.spec.ts,an unprotected person is not masked,verified,"The citation names no requirement, only the spec file; the test first proves the source row resolved by asserting the address, then asserts the full BSN with zero Protected markers and zero reveal buttons, so a build that masked every person would fail on all three.",yes,no,no anchor: cites a whole spec file,"await expect(card.locator('[data-testid=""initiator-protected""]')).toHaveCount(0)",yes,no,verified
openspec/specs/task-management/spec.md,the-open-task-shows-its-buttons-on-the-case,tests/e2e/case-task-pane.spec.ts,"the open task shows its lifecycle buttons on the case, with the next one listed under it",verified,"Asserts the earliest due open task's title in the pane, both verb buttons by testid, and the second task listed under the pane and not in it, so a pane bound to the case id renders no buttons and reddens; it cannot assert the three button labels the scenario names, and the spec itself records those labels as false as written since the schema lifecycle went away.",no,yes,resolves to a scenario,"await expect(panel.locator('[data-testid=""case-task-pane-title""]')).toHaveText(readFirstTitle, { timeout: 20_000 })",yes,no,verified
openspec/specs/task-management/spec.md,the-open-task-shows-its-buttons-on-the-case,tests/e2e/case-task-pane.spec.ts,"the open task shows its lifecycle buttons on the case, with the next one listed under it",verified,"Asserts the earliest due open task's title in the pane, both verb buttons by testid, and the second task listed under the pane and not in it, so a pane bound to the case id renders no buttons and reddens; it cannot assert the three button labels the scenario names, and the spec itself records those labels as false as written since the schema lifecycle went away.",no,yes,resolves to a scenario,"await expect(panel.locator('[data-testid=""case-task-pane-title""]')).toHaveText(readFirstTitle, { timeout: 20_000 })",yes,no,verified
openspec/specs/task-management/spec.md,completing-the-task-confirms-and-shows-the-next-one,tests/e2e/case-task-pane.spec.ts,"completing the task confirms it by name, stays on the case and shows the next task",verified,"Asserts the success toast names the completed task, that the path is unchanged after the press, that the second task takes its place with its own verbs, and that the engine stored state completed with isTerminal true, so a press that only moved the screen reddens.",no,yes,resolves to a scenario,"await expect(page.locator(SUCCESS_TOAST)).toContainText(completeFirstTitle, { timeout: 30_000 })",yes,no,verified
openspec/specs/task-management/spec.md,completing-the-task-confirms-and-shows-the-next-one,tests/e2e/case-task-pane.spec.ts,"completing the task confirms it by name, stays on the case and shows the next task",verified,"Asserts the success toast names the completed task, that the path is unchanged after the press, that the second task takes its place with its own verbs, and that the engine stored state completed with isTerminal true, so a press that only moved the screen reddens.",no,yes,resolves to a scenario,"await expect(page.locator(SUCCESS_TOAST)).toContainText(completeFirstTitle, { timeout: 30_000 })",yes,no,verified
openspec/specs/task-management/spec.md,the-last-task-leaves-an-empty-pane,tests/e2e/case-task-pane.spec.ts,"the last task leaves the empty text, and View all shows it completed",verified,"Completes the only open task, asserts the pane's own empty text in both locales, then follows View all to the case scoped Tasks list and asserts exactly one row for that task carrying a completed status, which is both THENs.",no,yes,resolves to a scenario,await expect(row).toContainText(/completed|afgerond|voltooid/i),yes,no,verified
openspec/specs/task-management/spec.md,the-last-task-leaves-an-empty-pane,tests/e2e/case-task-pane.spec.ts,"the last task leaves the empty text, and View all shows it completed",verified,"Completes the only open task, asserts the pane's own empty text in both locales, then follows View all to the case scoped Tasks list and asserts exactly one row for that task carrying a completed status, which is both THENs.",no,yes,resolves to a scenario,await expect(row).toContainText(/completed|afgerond|voltooid/i),yes,no,verified
openspec/specs/task-management/spec.md,the-task-names-its-case-and-leads-back-to-it,tests/e2e/case-task-pane.spec.ts,TaskDetailView names its case and following the link opens the case,verified,"Asserts the case link renders on the task page with the case title as its text rather than a uuid, then clicks it and asserts both the URL and the case detail page carry that case, so a missing link or one pointing at the wrong case reddens.",no,yes,resolves to a scenario,await expect(link).toHaveText(linkCaseTitle),yes,no,verified
openspec/specs/task-management/spec.md,the-task-names-its-case-and-leads-back-to-it,tests/e2e/case-task-pane.spec.ts,TaskDetailView names its case and following the link opens the case,verified,"Asserts the case link renders on the task page with the case title as its text rather than a uuid, then clicks it and asserts both the URL and the case detail page carry that case, so a missing link or one pointing at the wrong case reddens.",no,yes,resolves to a scenario,await expect(link).toHaveText(linkCaseTitle),yes,no,verified
openspec/specs/case-dashboard-view/spec.md,one-history-tab-in-the-sidebar,tests/e2e/case-timeline.spec.ts,the sidebar offers History and no version history,verified,"Asserts both halves the scenario names, the audit tab button present and the version-history tab button at count zero, so leaving the old tab beside the new one reddens it.",no,yes,resolves to a scenario,await expect(sidebar.locator('#tab-button-version-history')).toHaveCount(0),yes,no,verified
openspec/specs/case-dashboard-view/spec.md,the-newest-write-reads-first-with-its-actor,tests/e2e/case-timeline.spec.ts,"the newest write reads first, with its actor",verified,"Asserts the update row's index is above the create row's and that the update row names admin, which is ordering plus actor; it reads positions among the writes rather than demanding row zero, so an audited read on page load cannot mask a bottom-up trail.",no,yes,resolves to a scenario,"expect(updateAt, `the create sits above the update, so the trail is bottom-up: ${seen}`).toBeLessThan(createAt)",yes,no,verified
openspec/specs/case-dashboard-view/spec.md,the-action-filter-narrows-to-updates,tests/e2e/case-timeline.spec.ts,the Action filter narrows the list and never sits on Loading,verified,"Polls until the rendered list is non-empty AND every row reads update, then asserts it is narrower than before, so neither the widget's own reset to zero rows nor a filter that did nothing satisfies it, and it asserts the vue-select spinner is hidden for the never-on-Loading half.",no,yes,resolves to a scenario,.poll(async () => rendered.length > 0 && rendered.every((t) => /update/i.test(t))).toBe(true),yes,no,verified
openspec/specs/case-types/spec.md,a-coloured-status-shows-on-the-board,tests/e2e/case-type-authoring-extras.spec.ts,a coloured status draws its board column in that colour,verified,"asserts the board column for this run's In behandeling status carries data-colour orange, which is the token the scenario names, rather than asserting the column merely exists",no,yes,resolves to a scenario,"await expect(column.locator('[data-testid=""board-column-colour""]')).toHaveAttribute('data-colour', 'orange')",yes,no,verified
openspec/specs/case-types/spec.md,a-hidden-status-keeps-its-cases-out-of-the-list,tests/e2e/case-type-authoring-extras.spec.ts,"a hidden status keeps its cases off the list, and Closed brings them back",verified,"asserts an open case of the same type is listed while all three hidden-status cases are absent, then that the Closed tab brings one back, so an empty list cannot pass and both halves of the scenario are covered",no,yes,resolves to a scenario,"await expect(page.getByText(`${RUN_PREFIX} Afgehandelde zaak ${n}`, { exact: true })).toHaveCount(0)",yes,no,verified
openspec/specs/case-types/spec.md,,tests/e2e/case-type-authoring-extras.spec.ts,the case page draws the current status in its status’s colour,verified,"the citation names no requirement, only the file; the test asserts the case page's current-status badge carries data-colour orange, which is REQ-CT-19's badge clause",no,no,no anchor: cites a whole spec file,"await expect(page.getByTestId('case-current-status')).toHaveAttribute('data-colour', 'orange', { timeout: 30_000 })",yes,no,verified
openspec/specs/case-types/spec.md,a-child-shows-its-parents-statuses,tests/e2e/case-type-authoring-extras.spec.ts,"a child that declares nothing shows its parent’s four statuses, marked Inherited",verified,"asserts exactly four status rows and four inherited-origin badges plus the parent's title, so a merge that dropped one of the parent's statuses reddens instead of reading as working",no,yes,resolves to a scenario,"await expect(statuses.locator('.case-type-blueprint__badge[data-origin=""inherited""]')).toHaveCount(4)",yes,no,verified
openspec/specs/case-types/spec.md,,tests/e2e/case-type-authoring-extras.spec.ts,a child’s own deadline beats its parent’s,verified,"the citation names no requirement, only the file; the test reads the blueprint endpoint and asserts the chain resolves with the child at P6W and the parent at P12W, so a broken parent chain reddens, but it never computes the deadline a case of the child actually gets, which is what the override scenario states",no,no,no anchor: cites a whole spec file,expect(blueprint.parents[0].processingDeadline).toBe('P12W'),yes,no,partial
openspec/specs/case-types/spec.md,,tests/e2e/case-type-authoring-extras.spec.ts,"a parent that descends from the type is refused, and the message names the cycle",verified,"the citation names no requirement, only the file; the test sends a parent that descends from the type through the object API and asserts a 422 whose message names the loop, that the stored parentCaseType is unchanged, and that the blueprint chain repeats no type",yes,no,no anchor: cites a whole spec file,"expect(refused.status(), await refused.text()).toBe(422)",yes,no,partial
openspec/specs/property-definition-management/spec.md,,tests/e2e/case-type-authoring-extras.spec.ts,picking a folder narrows the Case types index to that category,verified,"the citation names no requirement, only the file; the test confirms all three types exist over the API first, then picks the folder and asserts the two in the category are visible and the one outside it is absent, so a folder that narrowed nothing reddens",no,no,no anchor: cites a whole spec file,"await expect(page.getByText(`${RUN_PREFIX} Onaf concept`, { exact: true })).toHaveCount(0)",yes,no,verified
openspec/specs/property-definition-management/spec.md,,tests/e2e/case-type-authoring-extras.spec.ts,"an attribute saved without a case type is listed on every type, marked Shared",verified,"the citation names no requirement, only the file; the test opens two different case types and asserts the shared attribute's row carries the shared-origin badge on each, which is REQ-PDM-02",no,no,no anchor: cites a whole spec file,"await expect(row.locator('.case-type-blueprint__badge[data-origin=""shared""]')).toBeVisible()",yes,no,verified
openspec/specs/avg-verwerkingenlogging/spec.md,,tests/e2e/case-type-authoring-extras.spec.ts,the personal data block reads back the categories and the basis,verified,"the citation names no requirement, only the file; the test asserts the case type page renders the stored values public_task, bsn and behandelen-bezwaarschrift rather than only the block's labels, which is REQ-AVG-01's read-back",no,no,no anchor: cites a whole spec file,await expect(detail).toContainText('behandelen-bezwaarschrift'),yes,no,verified
openspec/specs/workflow-import-export/spec.md,,tests/e2e/case-type-authoring-extras.spec.ts,Export starts a download whose name carries the type’s identifier,verified,"the citation names no requirement, only the file; waiting on the download event proves Export downloads a bundle, but the only filename assertion is the .zip suffix, so the type's identifier its own test name promises is never read",no,no,no anchor: cites a whole spec file,expect(file.suggestedFilename()).toMatch(/\.zip$/),yes,no,partial
openspec/specs/workflow-import-export/spec.md,,tests/e2e/case-type-authoring-extras.spec.ts,"Duplicate lands you on the copy, with the same statuses",verified,"the citation names no requirement, only the file; the test asserts the browser lands on a different case type URL after Duplicate and that the copy's Statuses list holds two rows, so an in-place refresh or a copy without statuses reddens",no,no,no anchor: cites a whole spec file,await expect(page.getByTestId('case-type-statuses').locator('.case-type-blueprint__row')).toHaveCount(2),yes,no,verified
openspec/specs/zaaktype-versioning/spec.md,,tests/e2e/case-type-authoring-extras.spec.ts,a draft with findings lists them and stays a draft,verified,"the citation names no requirement, only the file; the test asserts the publish dialog lists findings and offers neither a change-note field nor a confirm button, and that the stored type is still a draft, so a publish slipping past validation reddens",yes,no,no anchor: cites a whole spec file,expect(stored.isDraft).toBe(true),yes,no,verified
openspec/specs/zaaktype-versioning/spec.md,,tests/e2e/case-type-authoring-extras.spec.ts,"a valid draft is published with its change note, and the version says so",verified,"the citation names no requirement, only the file; the test asserts the stored type is no longer a draft, that the active workflow template is published carrying the change note, and that the page shows the note",no,no,no anchor: cites a whole spec file,expect(String(template.lifecycleStatus)).toBe('published'),yes,no,verified
openspec/specs/case-types/spec.md,the-create-form-asks-the-twelve-authoring-fields-and-not-the-rest,tests/e2e/case-type-create-form.spec.ts,asks the twelve authoring fields and not the other twenty-nine,verified,"Opens the real Add dialog and asserts each of the twelve authoring fields is present exactly once and that thirteen sampled excluded properties are absent, one from every group the requirement names.",no,yes,resolves to a scenario,"await expect(dialog.locator(`[data-cn-field=""${key}""]`), `the create form should ask for ${key}`).toHaveCount(1)",yes,no,verified
openspec/specs/case-types/spec.md,the-starting-status-is-not-asked-for-at-create-time,tests/e2e/case-type-create-form.spec.ts,asks the twelve authoring fields and not the other twenty-nine,verified,"initialStatus is in the NOT_ASKED list, so the dialog is asserted to render no field with that key; the positive assertions on the twelve fields keep the absence from passing vacuously on an unrendered dialog.",no,yes,resolves to a scenario,"await expect(dialog.locator(`[data-cn-field=""initialStatus""]`), 'initialStatus is not a create-time field').toHaveCount(0)",yes,no,verified
openspec/specs/case-types/spec.md,the-form-opens-on-the-title-rather-than-alphabetically,tests/e2e/case-type-create-form.spec.ts,opens on the title rather than alphabetically,verified,"Reads the rendered data-cn-field order out of the DOM and requires it to equal the declared authoring order, then asserts the first key is title and category is not first, so an alphabetical fallback reddens it.",no,yes,resolves to a scenario,expect(keys).toEqual(AUTHORING_FIELDS),yes,no,verified
openspec/specs/case-types/spec.md,the-fields-are-laid-out-in-two-columns,tests/e2e/case-type-create-form.spec.ts,lays the fields out in two columns,verified,"Measures the rendered left edges of the single-line fields and requires exactly two distinct values, not just the two-column class, so a class that ships without the CSS applying still fails.",no,yes,resolves to a scenario,expect(new Set(lefts).size).toBe(2),yes,no,verified
openspec/specs/case-types/spec.md,the-fields-are-laid-out-in-two-columns,tests/e2e/case-type-create-form.spec.ts,gives the three prose fields the full width,verified,"Covers the scenario's second clause by measuring each prose field's rendered width against the title field's and requiring it to be more than half again as wide, so a prose field that stops spanning both columns reddens it.",no,yes,resolves to a scenario,"expect(width, `${key} should span both columns`).toBeGreaterThan(widths.title * 1.5)",yes,no,verified
openspec/changes/archive/2026-06-13-case-types-04-property-doc-decision-tabs/tasks.md,TASK-CT-13,tests/e2e/case-type-edit-and-setup.spec.ts,every entry in the row menu has a visible label,smoke,"The anchor is the deferred TASK-CT-13 smoke-test task for the seven-tab case-type detail integration; this test never leaves the case-types index and only asserts that no row-menu entry renders with an empty label, so breaking the tabs leaves it green.",no,no,"cites openspec/changes/**, which gate-19 does not parse",expect(labels.filter((l) => l === '')).toEqual([]),yes,no,dangling
openspec/changes/archive/2026-06-13-case-types-04-property-doc-decision-tabs/tasks.md,TASK-CT-13,tests/e2e/case-type-edit-and-setup.spec.ts,the menu offers View and Edit exactly once each,smoke,"Same deferred seven-tab task; the test counts the words View and Edit in the index row menu text and asserts nothing about the Properties, Docs or Decisions tabs the task names.",no,no,"cites openspec/changes/**, which gate-19 does not parse",expect(text.match(/\bView\b/g) || []).toHaveLength(1),yes,no,dangling
openspec/changes/archive/2026-06-13-case-types-04-property-doc-decision-tabs/tasks.md,TASK-CT-13,tests/e2e/case-type-edit-and-setup.spec.ts,Edit navigates to the case type detail route,partial,"Lands on the case-type detail route where the seven tabs live but asserts only the URL shape, so removing or breaking the Properties, Docs and Decisions tabs the cited task covers leaves every assertion green.",no,no,"cites openspec/changes/**, which gate-19 does not parse","await expect(page).toHaveURL(/\/settings\/case-types\/[^/]+$/, { timeout: 20000 })",yes,no,dangling
openspec/changes/archive/2026-06-13-case-types-04-property-doc-decision-tabs/tasks.md,TASK-CT-13,tests/e2e/case-type-edit-and-setup.spec.ts,Edit does not open a dialog over the index,partial,"Drives the detail route and asserts the absence of an Edit Case Type dialog, which is the modal-versus-page defect and not the seven-tab integration TASK-CT-13 states.",no,no,"cites openspec/changes/**, which gate-19 does not parse",await expect(page.getByRole('dialog').filter({ hasText: 'Edit Case Type' })).toHaveCount(0),yes,no,dangling
openspec/changes/archive/2026-06-13-case-types-04-property-doc-decision-tabs/tasks.md,TASK-CT-13,tests/e2e/case-type-edit-and-setup.spec.ts,the detail page offers an Edit button,partial,"Opens the case-type detail page the cited task is about and asserts the edit button is visible, never that any of the seven tabs render or fetch their sub-entities.",no,no,"cites openspec/changes/**, which gate-19 does not parse","await expect(page.locator('[data-testid=""cn-detail-page-edit""]')).toBeVisible({ timeout: 20000 })",yes,no,dangling
openspec/changes/archive/2026-06-13-case-types-04-property-doc-decision-tabs/tasks.md,TASK-CT-13,tests/e2e/case-type-edit-and-setup.spec.ts,the Edit button opens the record form,partial,"Opens the record form from the detail page and asserts a dialog appears; the tabs TASK-CT-13 asks a smoke run to verify are never touched, so the citation claims coverage the body does not give.",no,no,"cites openspec/changes/**, which gate-19 does not parse",await expect(page.getByRole('dialog')).toBeVisible({ timeout: 20000 }),yes,no,dangling
openspec/specs/first-time-setup/spec.md,,tests/e2e/case-type-edit-and-setup.spec.ts,"the server reports every actionable step, and reports the optional ones as outstanding",verified,"The citation names no requirement, only the whole spec file; read generously, the test reads GET /api/setup/status and asserts the payload carries a steps map with register-check and a boolean done per step, which is exactly REQ-SETUP-PRO-003's contract.",no,no,no anchor: cites a whole spec file,expect(body.steps).toHaveProperty('register-check'); expect(typeof body.steps[id].done).toBe('boolean'),yes,no,partial
openspec/specs/first-time-setup/spec.md,,tests/e2e/case-type-edit-and-setup.spec.ts,a completed wizard does not keep the optional secret step outstanding,verified,"Anchorless, so judged against the whole spec: both reads must come back with a steps map or readSetupStatus returns null and the test reddens, which pins REQ-SETUP-PRO-003's shape, though the branch that usually fires asserts the dwangsom-secret step the spec never names.",no,no,no anchor: cites a whole spec file,"expect(second.steps['dwangsom-secret'].done, 'once the required steps are complete the optional secret step is settled').toBe(true)",yes,no,partial
openspec/specs/first-time-setup/spec.md,,tests/e2e/case-type-edit-and-setup.spec.ts,a completed wizard stays closed on a fresh browser profile,verified,"Anchorless citation, judged against the spec as a whole: it proves REQ-SETUP-PRO-003's stop-gating clause because a wizard that reopened at the config-fields step after a cleared dismissal key would fail the count, but note it skips entirely on an instance whose required steps are still outstanding.",no,no,no anchor: cites a whole spec file,"await expect(wizard.locator('[data-step-type=""config-fields""]')).toHaveCount(0, { timeout: 10000 })",yes,no,partial
openspec/specs/first-time-setup/spec.md,,tests/e2e/case-type-edit-and-setup.spec.ts,the wizard opens exactly when an optional step is outstanding,verified,"The citation names no requirement; against the spec as a whole the test proves REQ-SETUP-PRO-001's optional-step rule in both directions, asserting the wizard is on screen exactly when the server reports an outstanding optional step and that main stays attached so it never gates.",no,no,no anchor: cites a whole spec file,"await expect(wizard, `outstanding optional steps: ${outstanding.join(', ')}`).toBeVisible({ timeout: 30000 })",yes,no,verified
openspec/specs/first-time-setup/spec.md,,tests/e2e/case-type-edit-and-setup.spec.ts,the wizard offers no step the seed action cannot fulfil,partial,"Anti-coverage worth acting on: the anchorless citation is to a spec whose REQ-SETUP-PRO-001 says a seed step SHALL be declared and REQ-SETUP-PRO-002 says the seed action SHALL succeed, and this test asserts the inverse, that seed is absent from the steps and that the action answers 422 with success false; it does prove register-check is still reported, so the spec is stale rather than the test wrong.",yes,no,no anchor: cites a whole spec file,"expect(Object.keys(before?.steps ?? {}), 'a step the wizard cannot render is one it can never prompt for').not.toContain('seed')",yes,no,partial
openspec/specs/first-time-setup/spec.md,,tests/e2e/case-type-edit-and-setup.spec.ts,the tour a user actually gets includes the Case types and Flows stops,partial,"The citation names no requirement, and the first-time-setup spec says nothing about the walkthrough tour: the test greps the served bundle for the see-case-types and see-flows step ids, which no setup requirement mentions.",no,no,no anchor: cites a whole spec file,"expect(bundle, `walkthrough step ""${id}"" missing from the built bundle`).toContain(id)",yes,no,partial
openspec/specs/first-time-setup/spec.md,,tests/e2e/case-type-edit-and-setup.spec.ts,"the tour opens for a user who has not seen it, and offers all seven steps",partial,"Anchorless, and the tour is not the setup wizard the spec describes: asserting the walkthrough dialog shows seven steps, or that a seen-version explains its absence, survives any breakage of the manifest setup block, the seed action or the status endpoint.",no,no,no anchor: cites a whole spec file,await expect(tour).toContainText('/ 7'),yes,no,partial
openspec/specs/first-time-setup/spec.md,,tests/e2e/case-type-edit-and-setup.spec.ts,neither new stop forces the user to create anything,partial,"Anchorless citation onto a spec that covers the setup wizard only; the test reads the bundle to prove the two walkthrough stops allow a manual next and do not require object-created, which no first-time-setup requirement states.",no,no,no anchor: cites a whole spec file,"expect(window, `${id} must not require creating one`).not.toContain('object-created')",yes,no,partial
openspec/specs/first-time-setup/spec.md,,tests/e2e/case-type-edit-and-setup.spec.ts,both new stops can actually anchor to their nav item,partial,"Anchorless, and about the walkthrough rather than the wizard: it asserts the nav renders a data-cn-route anchor for CaseTypes and Flows, a real and useful check but one no first-time-setup requirement covers.",no,no,no anchor: cites a whole spec file,"await expect(page.locator(`[data-cn-route=""${route}""]`), 'no anchor: the stop would be silently skipped').toHaveCount(1)",yes,no,partial
openspec/specs/case-types/spec.md,a-cycle-is-refused,tests/e2e/case-type-parent-chain.spec.ts,"setting a parent that descends from the type is refused on save, naming the loop",verified,"Drives the real edit dialog, asserts the refusal names the loop as a sentence rather than a machine code, asserts the dialog stays open, and reads the stored case type back to prove nothing was written.",yes,yes,resolves to a scenario,"await expect(dialog).toContainText(loop, { timeout: 30_000 })",yes,no,not measured
openspec/specs/case-types/spec.md,a-child-inherits-a-deadline-it-does-not-declare,tests/e2e/case-type-parent-chain.spec.ts,a case filed on a child that sets no deadline is due on its parent’s term,verified,"Files a case through the New case dialog on a child that declares no deadline and asserts the STORED deadline is exactly the parent's 84 days after the stored start date, so a lost inheritance reddens it.",no,yes,resolves to a scenario,"expect(String(stored.deadline ?? '').slice(0, 10), 'the deadline should count the parent’s twelve weeks from the start date').toBe(addDays(startDate, 84))",yes,no,not measured
openspec/specs/case-types/spec.md,a-functional-administrator-gives-a-status-a-colour-and-a-role,tests/e2e/case-type-status-authoring.spec.ts,a colour and a role picked on the Statuses tab reach the row and a flow,verified,"Picks the colour and the role in the real status form, asserts the row swatch carries the orange token and the role cell its label, reads the stored statusType back, and then runs a flow whose step names only the role and asserts the case landed on that status.",no,yes,resolves to a scenario,"await expect(row.locator('.status-type-row__swatch')).toHaveAttribute('style', /--nl-color-orange\b/)",yes,no,not measured
openspec/specs/case-types/spec.md,a-status-asks-for-a-checklist,tests/e2e/case-type-status-authoring.spec.ts,a required checklist item saved on a status becomes a task on the case,verified,"Adds and ticks the checklist row in the real form, asserts the row reports one item, asserts the stored checklist equals one required item, then transitions a case into that status and asserts the created task titles equal exactly that item.",no,yes,resolves to a scenario,expect(tasks.map((row) => String(row.title))).toEqual([CHECK_IDENTITY]),yes,no,not measured
openspec/specs/case-types/spec.md,a-child-overrides-one-deadline,tests/e2e/case-type-status-authoring.spec.ts,"a case filed on a child type is due six weeks after it starts, not twelve",verified,"Files a case on the child type through the New case dialog and asserts the STORED deadline is start date plus 42 days, which the parent's twelve weeks would put at 84, so a lost override reddens it.",no,yes,resolves to a scenario,"expect(String(stored.deadline ?? '').slice(0, 10)).toBe(addDays(startDate, 42))",yes,no,not measured
openspec/specs/admin-settings/spec.md,admin-settings-page-is-accessible,tests/e2e/case-types-tabs.spec.ts,admin settings surface renders the Case Type Management heading,verified,"Loads the admin settings URL and asserts the Case Type Management section heading renders, so losing the AdminRoot mount reddens it; the Dossiq navigation entry and the ZGW API mapping section the scenario also names go unasserted.",no,yes,resolves to a scenario,"await expect(page.getByRole('heading', { name: 'Case Type Management' })).toBeVisible({ timeout: 15000 })",yes,no,not measured
openspec/specs/admin-settings/spec.md,empty-case-type-list,tests/e2e/case-types-tabs.spec.ts,admin settings surface has an add-control for case types,partial,"Never establishes the scenario's empty register and asserts neither the empty-state message nor the guidance text, only an add control that renders identically on a populated list.",no,yes,resolves to a scenario,await expect(addBtn).toBeVisible({ timeout: 15000 }),yes,no,not measured
openspec/specs/status-transition-engine/spec.md,the-tasks-arrive-with-the-status,tests/e2e/checklist-per-status.spec.ts,"the tasks arrive with the status, and show in the Tasks pane",verified,"Asserts the case had no tasks for that status beforehand, that both checklist titles exist afterwards, that each row's state is available, and that the Tasks pane on the page shows both.",no,yes,resolves to a scenario,"expect(after.map((row) => String(row.title)).sort()).toEqual([ITEM.dossier, ITEM.inform].sort())",yes,yes,verified
openspec/specs/status-transition-engine/spec.md,an-admins-free-form-move-brings-them-too,tests/e2e/checklist-per-status.spec.ts,an admin's free-form move brings them too,verified,"Posts the free-form move, asserts the stored status changed and that both checklist tasks now exist; it reads the task API rather than the Tasks pane the scenario names, so a pane that stopped rendering them would not redden this one.",no,yes,resolves to a scenario,"expect(tasks.map((row) => String(row.title)).sort()).toEqual([ITEM.dossier, ITEM.inform].sort())",yes,yes,verified
openspec/specs/status-transition-engine/spec.md,back-to-intake-and-forward-again,tests/e2e/checklist-per-status.spec.ts,back to intake and forward again keeps one set of tasks,verified,"Goes back to intake and forward again and asserts exactly two tasks still exist and that the completed one is still completed, which is the de-duplication the requirement states.",no,yes,resolves to a scenario,"expect(after, 'a second entry must not double the work').toHaveLength(2)",yes,yes,verified
openspec/specs/status-transition-engine/spec.md,the-button-says-which-item-is-open,tests/e2e/checklist-per-status.spec.ts,the button says which item is still open,verified,"Asserts the transition is offered but guardsPassed is false with statusChecklist among the failed guards, that the button is disabled, and that the reason beside it names the open item.",yes,yes,resolves to a scenario,"await expect(reason).toContainText(ITEM.onTime, { timeout: 20_000 })",yes,yes,verified
openspec/specs/status-transition-engine/spec.md,completing-the-task-frees-the-case,tests/e2e/checklist-per-status.spec.ts,completing the task frees the case,verified,"Asserts guardsPassed flips from false to true on completing the task, that the button is then enabled, and that the move actually lands the case in the target status.",no,yes,resolves to a scenario,expect(after.body.transitions.find((row) => row.id === T.guardStart).guardsPassed).toBe(true),yes,yes,verified
openspec/specs/status-transition-engine/spec.md,an-optional-item-does-not-hold-the-case,tests/e2e/checklist-per-status.spec.ts,an optional item does not hold the case,verified,"Asserts guardsPassed is true with only the optional item open, that the button is enabled, and that no reason element renders beside it.",no,yes,resolves to a scenario,expect(offered.body.transitions.find((row) => row.id === T.arrivalStart).guardsPassed).toBe(true),yes,yes,verified
openspec/specs/status-transition-engine/spec.md,the-guard-fails-server-side-too,tests/e2e/checklist-per-status.spec.ts,the guard refuses the move posted straight to the API,verified,"Asserts the API answers 409 naming statusChecklist and that the case stayed in intake; note the spec now marks this scenario @e2e exclude, saying StatusChecklistGuardTest owns it, so the citation and the exclusion contradict each other and one of the two should go.",yes,yes,resolves to a scenario,"expect(refused.status, JSON.stringify(refused.body)).toBe(409)",yes,yes,verified
openspec/specs/dashboard/spec.md,scenario-fresh-session-lands-on-the-dashboard,tests/e2e/dashboard-tiles.spec.ts,every KPI tile shows a number on the first load of a session,verified,"asserts the expected tile count, that every tile's value cell contains a digit rather than a placeholder, and that no Widget not available text appears, which is REQ-DASH-021 exactly",no,yes,resolves to a scenario,"await expect(tile.locator('.cn-kpi-card__value'), `the KPI tile ""${label}"" should show a number, not a placeholder`).toHaveText(/\d/)",yes,no,verified
openspec/specs/dashboard/spec.md,scenario-your-tasks-appear-once-with-days-left,tests/e2e/dashboard-tiles.spec.ts,"My work lists each of your open tasks once, with days left",verified,"asserts each of the three seeded tasks appears exactly once, that the table holds three rows and nothing else, and that the task due tomorrow reads a distance rather than a raw date, so a double-counting table reddens",no,yes,resolves to a scenario,"await expect(rows(table), 'My work holds the three seeded tasks and nothing else').toHaveCount(3)",yes,no,verified
openspec/specs/dashboard/spec.md,scenario-you-complete-a-task-from-the-row,tests/e2e/dashboard-tiles.spec.ts,"a My work row opens the task, which is where Pick up and Complete are",partial,"the cited scenario now carries an @e2e exclude saying row actions are blocked upstream, and this test contradicts it while asserting only that clicking a My work row navigates to a task URL, never that Complete removes the task from the table or drops the case's task count",no,yes,resolves to a scenario,"await expect(page).toHaveURL(/\/tasks\/[^/]+$/, { timeout: 15_000 })",yes,yes,smoke
openspec/specs/signalering-widgets/spec.md,scenario-overdue-and-near-deadline-cases-share-one-table,tests/e2e/dashboard-tiles.spec.ts,"Deadlines holds the overdue and the nearly due, overdue first and in red",verified,"asserts the overdue case is on Deadlines exactly once, reads days overdue and carries the danger row class, so the red and presence halves are decisive, but the ordering assertion and the nearly-due row are both behind if guards that let an unlucky fixture pass silently",no,yes,resolves to a scenario,await expect(overdueRow).toHaveClass(/cn-row--danger/),yes,no,verified
openspec/specs/signalering-widgets/spec.md,scenario-closed-cases-stay-out,tests/e2e/dashboard-tiles.spec.ts,"a closed case stays off Deadlines, however late it was",verified,"requires a Deadlines row to have rendered first, then asserts the closed case is absent from the table and that the four retired tiles are gone, so the absence assertion proves something",no,yes,resolves to a scenario,await expect(rows(table).filter({ hasText: CLOSED_CASE })).toHaveCount(0),yes,no,verified
openspec/specs/dashboard/spec.md,scenario-view-all-from-the-deadlines-table,tests/e2e/dashboard-tiles.spec.ts,View all on Deadlines opens the Cases list already filtered,verified,"asserts the tile is truncated to its row limit, that View all navigates to /cases carrying deadline[lte] and isFinalStatus=false, and that the rendered list excludes the closed and far-future cases after a row has painted, so a dropped filter reddens",no,yes,resolves to a scenario,expect(query.get('isFinalStatus')).toBe('false'),yes,no,verified
openspec/specs/signalering-widgets/spec.md,,tests/e2e/dashboard-tiles.spec.ts,View all on Deadlines opens the Cases list already filtered,verified,"the citation names no requirement, only the file; the same test proves the Deadlines tile's View all lands on the Cases list carrying the tile's own deadline window and open-status filter",no,no,no anchor: cites a whole spec file,expect(query.get('deadline[lte]')).toMatch(dateTokenPattern('@today+3d')),yes,no,verified
openspec/specs/dashboard/spec.md,scenario-dash-004c-overdue-panel-with-view-all-link,tests/e2e/dashboard-tiles.spec.ts,View all on Deadlines opens the Cases list already filtered,verified,"asserts the View all control exists on the Deadlines tile and navigates to a filtered Cases list, which is the scenario's link clause; the scenario's other clause that the panel shows all overdue cases is not asserted, and the test in fact requires the tile to be truncated",no,yes,resolves to a scenario,await expect(viewAll).toBeVisible({ timeout: 15_000 }),yes,no,verified
openspec/specs/dashboard/spec.md,scenario-draft-case-types-are-absent,tests/e2e/dashboard-tiles.spec.ts,New case offers the published case type and not the draft,verified,"narrows the picker to this run's two types and asserts the published one appears once and the draft zero times, so a picker that stopped filtering drafts reddens",no,yes,resolves to a scenario,"await expect(options.filter({ hasText: DRAFT_TYPE }), 'a draft case type must never reach the picker').toHaveCount(0)",yes,no,verified
openspec/specs/dashboard/spec.md,fresh-session-lands-on-the-dashboard,tests/e2e/pages.spec.ts,"the KPI tiles render numbers on a fresh load, not the widget fallback",verified,"Hard-loads the app root in a fresh context and asserts five stat tiles, zero Widget not available fallbacks and a digit in every tile's value, which is the scenario's claim that the tiles each show a number on a first load; it does not check the five tiles by name.",no,yes,resolves to a scenario,"await expect(tile.locator('.cn-kpi-card__value')).toHaveText(/\d/, { timeout: 15_000 })",yes,no,not measured
openspec/specs/case-management/spec.md,cases-index-page-renders-list-shell,tests/e2e/pages.spec.ts,renders list view with correct controls,verified,"Asserts the Cards and Table view toggle, the Add create control and the per-row Actions control on the Cases index, which is three of the scenario's four bullets; only the no Internal Server Error bullet is left unasserted here.",no,yes,resolves to a scenario,"await expect(page.getByRole('button', { name: /^Add (Item|Case|Task)$/ })).toBeVisible()",yes,no,verified
openspec/specs/task-management/spec.md,view-the-global-task-list,tests/e2e/pages.spec.ts,"renders list view with search and filters, and offers no Add",partial,"Drives /tasks and asserts the view switcher, that no Add button exists and that the search field is attached, but it never reads a single row, so the scenario's paginated list whose rows show title, parent case reference, status, assignee, due date and priority survives untouched; an empty list passes.",no,yes,resolves to a scenario,await expect(page.getByPlaceholder('Type to search')).toBeAttached(),yes,no,partial
openspec/specs/task-management/spec.md,view-the-global-task-list,tests/e2e/pages.spec.ts,"the Subject column shows the case title, not its uuid",verified,"Finds the Subject column by header, asserts no cell holds a raw uuid and then asserts the seeded task's own row shows its case's title in that column, which is the parent case reference the scenario requires of every row.",no,yes,resolves to a scenario,"await expect(seededRow.locator(`td:nth-child(${index + 1})`)).toHaveText(taskCaseTitle, { timeout: 20_000 })",yes,no,verified
openspec/specs/my-work/spec.md,scenario-card-and-table-view,tests/e2e/pages.spec.ts,renders as a card index scoped to the current user,partial,"Asserts the Urgency and Newest sort controls and that a Cards button is visible, but it never switches to Table, never reads the identifier, title, case type, status and deadline columns the scenario names and never asserts card view is the default; note the requirement above the scenario carries an @e2e exclude for being data dependent, which this citation contradicts.",no,yes,resolves to a scenario,"await expect(page.getByRole('button', { name: /Cards/ }).first()).toBeVisible()",yes,yes,partial
openspec/specs/doorlooptijd-dashboard/spec.md,doorlooptijd-page-renders-heading,tests/e2e/pages.spec.ts,renders processing time analytics,verified,"Asserts the level-2 page heading on /doorlooptijd plus the SLA adherence subtitle and the Dashboard control, so a page that failed to mount reddens; the spec still writes the heading as Processing Time Analytics while the shipped heading, and the assertion, is Processing time.",no,yes,resolves to a scenario,"await expect(page.getByRole('heading', { name: 'Processing time', level: 2 })).toBeVisible({ timeout: 15000 })",yes,no,verified
openspec/specs/admin-settings/spec.md,in-app-settings-page-renders-configuration-sections,tests/e2e/pages.spec.ts,renders the configuration section and its save control,smoke,"The in-app /settings page the requirement names was retired, so the test drives /settings/admin/dossiq instead and asserts only that one exact Save button is visible and the body holds no Internal Server Error; none of the three section headings the scenario lists, Version Information, Configuration and Case Type Management, is asserted.",no,yes,resolves to a scenario,"await expect(page.getByRole('button', { name: 'Save', exact: true })).toBeVisible({ timeout: 15000 })",yes,no,partial
openspec/specs/admin-settings/spec.md,admin-settings-page-is-accessible,tests/e2e/spec-coverage/admin-settings.spec.ts,admin settings page is accessible to admin users,verified,"Loads the admin settings URL, asserts it does not redirect to login and that the Case Type Management heading renders; it does not check the navigation entry or the ZGW mapping section.",no,yes,resolves to a scenario,"await expect(page.getByRole('heading', { name: 'Case Type Management' })).toBeVisible({ timeout: 15000 })",yes,no,verified
openspec/specs/admin-settings/spec.md,regular-users-cannot-access-admin-settings,tests/e2e/spec-coverage/admin-settings.spec.ts,a signed-in non-admin is refused the admin settings endpoint with 403,verified,"Signs in as the named non-admin, asserts that account holds no admin group and can still read its own settings, then asserts the admin settings URL answers exactly 403 rather than merely not 200.",yes,yes,resolves to a scenario,"expect(res.status(), `direct URL access to ${ADMIN_SETTINGS_URL} by ${PLAIN_USER} must be 403...`).toBe(403)",yes,no,not measured
openspec/specs/admin-settings/spec.md,empty-case-type-list,tests/e2e/spec-coverage/admin-settings.spec.ts,case type list renders its management surface and add control,partial,"Its own comment concedes the list body is data-dependent, so it asserts the heading and the add control instead; the empty state message and the guidance sentence the scenario names are never read.",no,yes,resolves to a scenario,"await expect(page.getByRole('button', { name: /Add (Item|Case Type)/ }).first()).toBeVisible({ timeout: 10000 })",yes,no,partial
openspec/specs/admin-settings/spec.md,add-a-new-case-type,tests/e2e/spec-coverage/admin-settings.spec.ts,adding a case type opens the creation view and stores a draft by default,verified,"Asserts the New Case Type view opens after clicking Add, and asserts the draft default on the STORED object rather than on a rendered checkbox, which is where that default is actually decided.",no,yes,resolves to a scenario,"expect(stored?.isDraft, 'a case type created without an explicit isDraft must be stored as a DRAFT...').toBe(true)",yes,no,not measured
openspec/changes/page-topology-cleanup/specs/avg-processing-surface/spec.md,scenario-procest-hosts-no-processing-activities-page,tests/e2e/spec-coverage/avg-verwerkingenlogging.spec.ts,procest no longer hosts a processing-activities page,partial,"Drives the retired route but asserts only that one English heading is absent, never reading the manifest for the navigation entry, the VerwerkingenOverview registration or the integrations gating; the manifest's AvgRegisterLink carries no section key at all, so the scenario's third THEN is already false in the source while this test stays green, and the view file no longer exists so the heading could not render either way.",no,no,"cites openspec/changes/**, which gate-19 does not parse","await expect(page.getByRole('heading', { name: 'Processing activities (AVG)' })).toHaveCount(0)",yes,no,verified
openspec/changes/page-topology-cleanup/specs/avg-processing-surface/spec.md,scenario-the-capability-is-reachable-in-openregister,tests/e2e/spec-coverage/avg-verwerkingenlogging.spec.ts,a case read is logged against a catalogued activity that carries a review status,verified,"Walks from a real case read to the stored processing-log entry, asserts it is attributed to the zaakafhandeling catalogue row rather than the unclassified fallback, that the row carries a lifecycle review status, and that the compliance report exposes the unclassified-processing counter, so two of the three capabilities the scenario names redden on a server-side break.",no,no,"cites openspec/changes/**, which gate-19 does not parse","expect(['concept', 'published', 'archived'], `the catalogue row carries a review status, got ...`).toContain(attributed?.status)",yes,no,not measured
openspec/changes/page-topology-cleanup/specs/avg-processing-surface/spec.md,scenario-the-capability-is-reachable-in-openregister,tests/e2e/spec-coverage/avg-verwerkingenlogging.spec.ts,the inzageverzoek export returns the logged read of that data subject,verified,"Reads a seeded role and then polls the per betrokkene inzage export until it lists that read, and asserts the subject block, the count, the actor, that every returned read belongs to that subject and that a bare call is refused with 400, so an export that answers empty for everyone reddens.",no,no,"cites openspec/changes/**, which gate-19 does not parse","await expect.poll(async () => { ... return reads.map((r) => r.objectUuid) }, { timeout: 15_000, ... }).toContain(roleUuid)",yes,no,not measured
openspec/specs/initiator-selection/spec.md,agent-picks-an-initiator-type,tests/e2e/spec-coverage/brp-kvk-initiator.spec.ts,start-case flow offers Person / Company / Contact and stays skippable,verified,"Asserts all three initiator types are offered and that the step stays skippable with the confirm disabled and Skip enabled, so removing the Contact type or making a pick mandatory reddens it; it drives the StartCaseWidget step rather than the Dashboard New case form the scenario names.",no,yes,resolves to a scenario,"await expect(dialog.getByText('Contact', { exact: true })).toBeVisible()",yes,no,verified
openspec/specs/initiator-selection/spec.md,person-search-hits-the-brp-register-set,tests/e2e/spec-coverage/brp-kvk-initiator.spec.ts,person search lists a seeded personen-mock persona with BSN,verified,"Searches by surname and asserts the matching result row carries the persona's BSN and birthdate, which is exactly the scenario's name, birthdate and BSN clause; a picker that listed names only would fail.",no,yes,resolves to a scenario,await expect(result).toContainText(`BSN ${PERSON.bsn}`),yes,no,verified
openspec/specs/initiator-selection/spec.md,company-search-hits-the-kvk-register-set,tests/e2e/spec-coverage/brp-kvk-initiator.spec.ts,company search by pinned KvK number lists the fixture company,verified,"Searches the pinned KvK number and asserts the fixture company row is listed with that number, so a Company search that stopped reaching kvkCompany or dropped the number from the result line reddens.",no,yes,resolves to a scenario,await expect(result).toContainText(`KVK ${COMPANY.kvk}`),yes,no,verified
openspec/specs/initiator-selection/spec.md,contacts-source-degrades-gracefully,tests/e2e/spec-coverage/brp-kvk-initiator.spec.ts,"contact tab shows an explicit empty state, never an error toast",partial,"Drives the Contact tab and asserts the empty state plus the absence of any error toast, but it never establishes the scenario's GIVEN: /contactsmenu/contacts is core and answers 200 with no matches on the runner, so deleting the try/catch in searchContacts that implements the degrade would not redden this test.",no,yes,resolves to a scenario,await expect(dialog.getByText('No contacts found')).toBeVisible({ timeout: 15_000 }),yes,no,verified
openspec/specs/initiator-selection/spec.md,selection-persists-on-the-case,tests/e2e/spec-coverage/brp-kvk-initiator.spec.ts,picked persona persists as projection and shows on case detail with source link,verified,"Reads the stored case back through the API and asserts requester resolves to the brpPerson row with that BSN and that all three projection fields hold the persona's values, which is the stored-state assertion the scenario asks for rather than an HTTP echo.",no,yes,resolves to a scenario,expect(saved.initiatorSourceId).toBe(PERSON.bsn),yes,no,verified
openspec/specs/initiator-display/spec.md,initiator-visible-on-the-case,tests/e2e/spec-coverage/brp-kvk-initiator.spec.ts,picked persona persists as projection and shows on case detail with source link,verified,"Asserts the case detail card shows the name, the type Person and the BSN rendered as a link whose href resolves to the requester's own contact page, so dropping the source link or the card reddens it.",no,yes,resolves to a scenario,"await expect(link).toHaveAttribute('href', new RegExp(`/contacts/${String(saved.requester)}$`))",yes,no,verified
openspec/specs/initiator-display/spec.md,no-initiator-no-clutter,tests/e2e/spec-coverage/brp-kvk-initiator.spec.ts,a case created without initiator renders no initiator block,verified,"Creates a case through Skip and asserts both halves: the stored row carries no requester and no projection, and the rendered page shows the initiator-empty cell with no initiator-section, against a tab strip first proven visible so an absent card is a decision rather than a pending render.",no,yes,resolves to a scenario,await expect(page.getByTestId('initiator-section')).toHaveCount(0),yes,no,verified
openspec/specs/case-email-integration/spec.md,no-per-user-smtp-send-configuration-is-exposed,tests/e2e/spec-coverage/case-email-integration.spec.ts,shared-mailbox settings render without per-user SMTP send fields,verified,"Loads every admin section, proves the shared-mailbox section actually rendered via its heading and the IMAP host input, then asserts no input carries smtp in its id or name, so the negative cannot pass on an unrendered page.",yes,yes,resolves to a scenario,"await expect(page.locator('input[id*=""smtp"" i], input[name*=""smtp"" i]')).toHaveCount(0)",yes,no,verified
openspec/specs/deelzaak-support/spec.md,case-list-shows-sub-case-count,tests/e2e/spec-coverage/deelzaak-support.spec.ts,"the case list shows a sub-case badge, and only on a parent",verified,"Seeds its own parent with one sub-case and asserts the badge is visible on that row in either locale spelling, so a badge that stopped rendering or resolved to no count reddens it.",no,yes,resolves to a scenario,"await expect(withChild.getByText(BADGE).first(), 'a case with one sub-case shows the sub-case badge').toBeVisible({ timeout: 60_000 })",yes,no,not measured
openspec/specs/deelzaak-support/spec.md,case-without-sub-cases-has-no-badge,tests/e2e/spec-coverage/deelzaak-support.spec.ts,"the case list shows a sub-case badge, and only on a parent",verified,"Seeds a second parent with no children, asserts that row is visible first so absence is claimed next to presence, then asserts the badge pattern has zero matches inside it.",no,yes,resolves to a scenario,"await expect(withoutChild.getByText(BADGE), 'a case with no sub-cases shows no badge').toHaveCount(0)",yes,no,not measured
openspec/specs/deelzaak-support/spec.md,sub-case-counts-batch-loaded-per-page,tests/e2e/spec-coverage/deelzaak-support.spec.ts,"the case list shows a sub-case badge, and only on a parent",partial,"Counts requests to /api/deelzaken/counts and allows up to two, but the list is narrowed by title to a single seeded row, so a per-row N+1 implementation also makes one request and passes; widen the fixture to several parents on one page to make the batching claim falsifiable.",no,yes,resolves to a scenario,"expect(countCalls.length, `deelzaken counts must be batched per page, saw ${countCalls.length} requests`).toBeLessThanOrEqual(2)",yes,no,not measured
openspec/specs/deelzaak-support/spec.md,delete-parent-case-with-sub-cases-shows-warning,tests/e2e/spec-coverage/deelzaak-support.spec.ts,the sub-cases page warns about orphans for a parent with sub-cases,verified,"Seeds a parent with a child, opens the sub-cases page and asserts unconditionally that the orphan dialog title and its unlink sentence appear; it cancels rather than confirming, so the scenario's nulling-of-parentCase clauses are proved by the sibling test at line 929, not here.",yes,yes,resolves to a scenario,"await expect(page.getByText('Delete case with sub-cases').first(), 'a parent with sub-cases takes the orphan-warning branch, not the plain confirm').toBeVisi...",yes,no,not measured
openspec/specs/deelzaak-support/spec.md,delete-case-without-sub-cases-proceeds-normally,tests/e2e/spec-coverage/deelzaak-support.spec.ts,the sub-cases page warns about orphans for a parent with sub-cases,partial,"This test seeds a parent WITH a sub-case and only ever exercises the orphan branch, so nothing in it says what a childless case's delete dialog looks like; breaking the plain confirmation would leave every assertion here green, and the honest citation for this scenario is the sibling test at line 400.",yes,yes,resolves to a scenario,await expect(page.getByText(/unlink the sub-cases from their parent/i).first()).toBeVisible(),yes,no,not measured
openspec/specs/deelzaak-support/spec.md,delete-case-without-sub-cases-proceeds-normally,tests/e2e/spec-coverage/deelzaak-support.spec.ts,a parent with no sub-cases takes the plain delete confirmation,verified,"Seeds a parent with no children and asserts both sides: the standard confirmation copy is visible and the orphan sentence has zero matches, so a build that warned about orphans on every delete reddens it.",yes,yes,resolves to a scenario,await expect(page.getByText('Are you sure you want to delete this case?').first()).toBeVisible({ timeout: 15_000 }),yes,no,not measured
openspec/specs/deelzaak-support/spec.md,parent-case-shows-sub-cases-list,tests/e2e/spec-coverage/deelzaak-support.spec.ts,the Sub-cases tab renders either a list or an empty state without error,partial,"The helper does assert the sub-cases section renders something, but the test's own assertion is expect(hasTable || hasEmpty).toBeTruthy(), which an empty state satisfies, and it opens whatever case the register hands back first, so the scenario's three sub-cases with title, status, assignee, deadline and clickable links are never read.",no,yes,resolves to a scenario,expect(hasTable || hasEmpty).toBeTruthy(),yes,no,partial
openspec/specs/deelzaak-support/spec.md,parent-case-with-no-sub-cases-shows-empty-state,tests/e2e/spec-coverage/deelzaak-support.spec.ts,the Sub-cases tab renders either a list or an empty state without error,partial,"Same or-disjunction: hasTable satisfies it, so the empty-state sentence the scenario names need never render, and the Create Sub-case button the scenario also requires is not asserted at all; the fixture is an arbitrary existing case that may well have sub-cases.",no,yes,resolves to a scenario,expect(hasTable || hasEmpty).toBeTruthy(),yes,no,partial
openspec/specs/deelzaak-support/spec.md,sub-case-shows-parent-breadcrumb,tests/e2e/spec-coverage/deelzaak-support.spec.ts,opening a sub-case shows the parent breadcrumb and the list shows a completion roll-up,partial,"The breadcrumb assertion sits inside if ((await breadcrumb.count()) > 0) with an else branch that writes an annotation and passes, and the row click is wrapped in .catch(() => {}), so a case detail that renders no parent breadcrumb at all reports green.",no,yes,resolves to a scenario,if ((await breadcrumb.count()) > 0) { await expect(breadcrumb).toBeVisible({ timeout: 5000 }) },yes,no,partial
openspec/specs/deelzaak-support/spec.md,top-level-case-has-no-breadcrumb,tests/e2e/spec-coverage/deelzaak-support.spec.ts,opening a sub-case shows the parent breadcrumb and the list shows a completion roll-up,smoke,Nothing in this test opens a case with a null parentCase or asserts the absence of a breadcrumb on one; the only unconditional assertions it leaves for this scenario are that the section rendered and that the body does not read Internal Server Error.,no,yes,resolves to a scenario,await expect(page.locator('body')).not.toContainText('Internal Server Error'),yes,no,smoke
openspec/specs/deelzaak-support/spec.md,roll-up-shows-completion-progress,tests/e2e/spec-coverage/deelzaak-support.spec.ts,opening a sub-case shows the parent breadcrumb and the list shows a completion roll-up,partial,"The roll-up assertion is guarded by if ((await rollup.count()) > 0), so a header that prints no roll-up passes, and even inside the guard it matches any X/Y rather than the counts the seeded fixture would imply; no sub-case is given an endDate anywhere in the test.",no,yes,resolves to a scenario,if ((await rollup.count()) > 0) { await expect(rollup).toBeVisible() },yes,no,partial
openspec/specs/deelzaak-support/spec.md,roll-up-with-no-completed-sub-cases,tests/e2e/spec-coverage/deelzaak-support.spec.ts,opening a sub-case shows the parent breadcrumb and the list shows a completion roll-up,partial,Same guarded roll-up locator and the same any-X-over-Y pattern; the scenario's specific 0/2 case is never seeded and the zero-completed reading is never distinguished from the completed one.,no,yes,resolves to a scenario,if ((await rollup.count()) > 0) { await expect(rollup).toBeVisible() },yes,no,partial
openspec/specs/deelzaak-support/spec.md,create-sub-case-from-parent-case-detail,tests/e2e/spec-coverage/deelzaak-support.spec.ts,"an eligible parent offers Create sub-case, filtered to its own subCaseTypes, and the created case carries parentCase",verified,"Seeds a parent whose type allows exactly two child types, asserts the dropdown offers exactly those two and not the stranger type, and then reads the created case back from the register to pin parentCase and caseType.",yes,yes,resolves to a scenario,expect(String(created.parentCase)).toBe(eligibleParentId),yes,no,not measured
openspec/specs/deelzaak-support/spec.md,sub-case-creation-blocked-when-parent-has-no-sub-case-types,tests/e2e/spec-coverage/deelzaak-support.spec.ts,a parent whose case type allows no sub-case types is refused server-side and offers no Create control,verified,"Asserts the server refuses with 409 and the reason case_type_not_allowed, then that the page offers zero Create controls and says why, so a build that only hid the button reddens on the API half.",yes,yes,resolves to a scenario,expect(refused.body.reason).toBe('case_type_not_allowed'),yes,no,not measured
openspec/specs/deelzaak-support/spec.md,sub-case-creation-blocked-when-parent-case-is-closed,tests/e2e/spec-coverage/deelzaak-support.spec.ts,a closed parent is refused server-side and offers no Create control,verified,"Asserts a 409 with reason parent_closed, proves the same child type still validates on the open twin so the refusal is attributable to the endDate alone, and asserts zero Create controls beside the page's own explanation.",yes,yes,resolves to a scenario,expect(refused.body.reason).toBe('parent_closed'),yes,no,not measured
openspec/specs/deelzaak-support/spec.md,sub-case-of-sub-case-is-prohibited,tests/e2e/spec-coverage/deelzaak-support.spec.ts,a case that is itself a sub-case is refused server-side and offers no Create control,verified,"Reads the fixture back to confirm it really carries a parentCase, asserts a 409 with reason grandparenting_forbidden, and asserts zero Create controls next to the page's stated reason.",yes,yes,resolves to a scenario,expect(refused.body.reason).toBe('grandparenting_forbidden'),yes,no,not measured
openspec/specs/deelzaak-support/spec.md,delete-parent-case-with-sub-cases-shows-warning,tests/e2e/spec-coverage/deelzaak-support.spec.ts,deleting a parent with sub-cases warns about the orphans and nulls parentCase on every child,verified,"Seeds a parent with exactly two children, asserts both rows are on the page, asserts the orphan warning unconditionally, confirms the delete and then polls the STORED children to prove parentCase was cleared rather than left dangling.",yes,yes,resolves to a scenario,"expect(child.parentCase ?? null, `case ${childId} must be unlinked, not left pointing at a deleted parent`).toBeFalsy()",yes,no,not measured
openspec/specs/deelzaak-support/spec.md,delete-case-without-sub-cases-proceeds-normally,tests/e2e/spec-coverage/deelzaak-support.spec.ts,"deleting a case with no sub-cases takes the plain confirmation, with no orphan warning",verified,"Seeds a childless case, asserts the empty state exactly, asserts the standard confirmation copy is visible and that the orphan warning has zero matches, so the pair discriminates the two branches rather than smoke-testing both.",yes,yes,resolves to a scenario,await expect(page.getByText(/Are you sure you want to delete this case/i)).toBeVisible({ timeout: 15_000 }),yes,no,not measured
openspec/specs/document-zaakdossier/spec.md,req-zak-004a-dossier-groups-documents-by-type-with-count-badge,tests/e2e/spec-coverage/document-zaakdossier.spec.ts,cases index renders so a case dossier tab can be opened,smoke,"Asserts only that /cases does not print Internal Server Error, and never opens a dossier tab, so the type grouping and the Dossier (8) count badge the requirement specifies go unobserved.",no,yes,resolves to a scenario,"await expect(page.locator('body')).not.toContainText('Internal Server Error', { timeout: 10000 })",yes,no,smoke
openspec/specs/document-zaakdossier/spec.md,req-zak-004b-empty-dossier-shows-upload-cta-with-drag-and-drop-zone,tests/e2e/spec-coverage/document-zaakdossier.spec.ts,cases index renders so a case dossier tab can be opened,smoke,"Same body as the row above: a 500-string check on the cases index, with no empty dossier opened and no assertion on the upload call to action or the drag and drop zone.",no,yes,resolves to a scenario,"await expect(page.locator('body')).not.toContainText('Internal Server Error', { timeout: 10000 })",yes,no,smoke
openspec/specs/document-zaakdossier/spec.md,req-zak-004c-sort-and-filter-controls-work-per-column,tests/e2e/spec-coverage/document-zaakdossier.spec.ts,"dossier sort and per-file progress are not observable here, blocked by #764",smoke,"The body opens with an unconditional test.fixme(true, ...), so nothing runs and the citation claims per-column sort and filter coverage that is never executed; the fixme reason states this plainly.",no,no,resolves to a scenario,"test.fixme(true, '#764: REQ-ZAK-004c (per-column sort and filter with URL state) and REQ-ZAK-005b ... have no assertion in this suite ...')",no,no,not measured
openspec/specs/document-zaakdossier/spec.md,req-zak-005b-per-file-upload-progress-with-shared-metadata,tests/e2e/spec-coverage/document-zaakdossier.spec.ts,"dossier sort and per-file progress are not observable here, blocked by #764",smoke,"Unconditional test.fixme(true, ...): per-file upload progress is never observed, and the only statement after it is a 500-string check on the cases index.",no,no,resolves to a scenario,"test.fixme(true, '#764: ... REQ-ZAK-005b (per-file progress read mid-upload) have no assertion in this suite ...')",no,no,not measured
openspec/specs/document-zaakdossier/spec.md,req-zak-006a-concept-document-version-history-shows-restore,tests/e2e/spec-coverage/document-zaakdossier.spec.ts,"version history needs a multi-version document, blocked by #764",smoke,"Unconditional test.fixme(true, ...) because no seeded document carries a second Nextcloud file version, so no version list and no restore control is ever asserted.",no,no,resolves to a scenario,"test.fixme(true, '#764: REQ-ZAK-006a needs an informatieobject carrying more than one Nextcloud file version ...')",no,no,not measured
openspec/specs/document-zaakdossier/spec.md,req-zak-008a-zip-export-includes-manifestcsv-and-type-sub-folders,tests/e2e/spec-coverage/document-zaakdossier.spec.ts,"ZIP export contents are not asserted in the browser, blocked by #764",smoke,"Unconditional test.fixme(true, ...): the ZIP is never downloaded or unpacked, so manifest.csv and the per-type sub-folders are asserted only in Newman and ZipManifestBuilderTest, not here.",no,no,resolves to a scenario,"test.fixme(true, '#764: REQ-ZAK-008a needs the downloaded ZIP unpacked to assert manifest.csv and the per-type sub-folders ...')",no,no,not measured
openspec/specs/document-zaakdossier/spec.md,req-zak-005c-file-validation-blocks-executable-uploads,tests/e2e/spec-coverage/document-zaakdossier.spec.ts,"an executable is refused before storage, by extension and by magic bytes alike",verified,"Both halves of the requirement are driven with a control first: a plain PDF must not be screened as an executable, then malware.exe and an MZ-headered besluit.pdf each come back 422 with the filename and the reason, and the register is read to prove neither row was ever stored.",yes,yes,resolves to a scenario,"expect(ours, `${name} must never reach the register`).toHaveLength(0)",yes,no,not measured
openspec/specs/document-zaakdossier/spec.md,req-zak-005a-drag-drop-triggers-metadata-dialog-before-upload,tests/e2e/spec-coverage/document-zaakdossier.spec.ts,the metadata dialog lists every selected file and issues no upload while required fields are empty,verified,"Asserts the dialog lists both filenames, that the Upload button exists and is disabled, that a forced click neither closes it nor sends anything, and then that filling the type releases exactly two posts carrying the one shared informatieobjecttype.",yes,yes,resolves to a scenario,"expect(uploads, 'no upload may be sent while the dialog is still incomplete').toBe(0)",yes,no,not measured
openspec/specs/document-zaakdossier/spec.md,req-zak-008c-bulk-status-transition-returns-per-document-result,tests/e2e/spec-coverage/document-zaakdossier.spec.ts,"a bulk status transition answers per document, and the register agrees with every verdict",verified,"Sends a deliberately mixed batch and asserts a per-id verdict for each document, with the archived one refused by name and reason, then reads each stored row back so a result list that reports one thing and writes another reddens.",no,yes,resolves to a scenario,"expect(String(stored.status), `the stored status of ${id} must match the verdict the bulk call reported for it`).toBe(expected)",yes,no,not measured
openspec/specs/doorlooptijd-dashboard/spec.md,doorlooptijd-page-renders-heading,tests/e2e/spec-coverage/doorlooptijd-dashboard.spec.ts,renders the processing time page heading on navigation,smoke,"asserts only that a level-2 heading reading Processing time is visible and that the body carries no Internal Server Error, and the scenario names the heading Processing Time Analytics, which the page no longer renders, so the spec text is stale and the test proves only that the page loaded",no,yes,resolves to a scenario,"await expect(page.getByRole('heading', { name: HEADING, level: 2 })).toBeVisible({ timeout: 15000 })",yes,no,verified
openspec/specs/doorlooptijd-dashboard/spec.md,no-cases-exist,tests/e2e/spec-coverage/doorlooptijd-dashboard.spec.ts,shows empty state when no case data is available,verified,"fulfils the case collection read with an empty list, asserts the no-case-data empty state is visible, and asserts the intercept actually answered, so an empty state reached by a failed fetch or an unread endpoint cannot pass it",no,yes,resolves to a scenario,"expect(emptyAnswers, 'The empty state must come from the empty case list served for ...').toBeGreaterThan(0)",yes,no,verified
openspec/specs/gis-integration/spec.md,cases-on-map-view-renders-the-map-dashboard,tests/e2e/spec-coverage/gis-integration.spec.ts,the cases-on-map view renders its filter sidebar and counts the located cases,verified,"Asserts both sidebar comboboxes by accessible name and pins the count summary to an exact string against a fixed three-row mock of which two carry geometry, so a view that placed the geometry-less case or lost the summary reddens.",no,yes,resolves to a scenario,"await expect(page.locator('.cases-on-map__summary')).toHaveText('Showing 2 of 2 located cases', { timeout: 15_000 })",yes,no,not measured
openspec/specs/gis-integration/spec.md,cases-on-map-view-renders-the-map-dashboard,tests/e2e/spec-coverage/gis-integration.spec.ts,an unreachable case backend surfaces a notice instead of a broken page,verified,"Aborts the case read and asserts the exact notice text plus a sidebar and map that are still there, which is the scenario's degrade-gracefully clause, but it only covers a network abort: the file's own comment records that a 500 with a JSON body raises no notice today.",no,yes,resolves to a scenario,"await expect(page.locator('.cases-on-map__notice')).toContainText('Map data could not be loaded. Showing what is available.', ...)",yes,no,not measured
openspec/specs/handler-vervanging-waarneming/spec.md,handler-registers-their-own-substitution,tests/e2e/spec-coverage/handler-vervanging-waarneming.spec.ts,substitution renders under personal settings with a register action,partial,"Asserts the personal settings mount point and a Register substitution button render, never submitting a registration, so nothing about the created object's absentee, substitute, status or createdBy is checked.",no,yes,resolves to a scenario,"await expect(page.getByRole('button', { name: /Register substitution|Waarneming registreren/i }).first(), 'the Vue app mounted...').toBeVisible(...)",yes,no,partial
openspec/specs/handler-vervanging-waarneming/spec.md,self-substitution-is-rejected,tests/e2e/spec-coverage/handler-vervanging-waarneming.spec.ts,"a substitution naming one user as both absentee and substitute is refused, and writes nothing",verified,"Posts a self-substitution, asserts the 400 and an error naming the rule, and then asserts on the store that no row carrying the probe marker was written and that the substitution count is unchanged.",yes,yes,resolves to a scenario,"expect(after.filter((row) => String(row?.comment ?? '') === marker), 'the rejected submission must not have left a substitution behind').toHaveLength(0)",yes,no,not measured
openspec/specs/handler-vervanging-waarneming/spec.md,bulk-reassignment-is-coordinator-only,tests/e2e/spec-coverage/handler-vervanging-waarneming.spec.ts,a signed-in user without the coordinator role is refused both reassignment endpoints,verified,"Probes both reassignment endpoints as a named non-admin account, asserts 403 on each, asserts no case was transferred, and runs the same preview as the coordinator as a control so a route broken for everyone cannot pass as a working guard.",yes,yes,resolves to a scenario,"expect(preview.status(), `the reassignment PREVIEW must be denied to a non-coordinator; body was ...`).toBe(403)",yes,no,not measured
openspec/specs/handler-vervanging-waarneming/spec.md,preview-before-execution,tests/e2e/spec-coverage/handler-vervanging-waarneming.spec.ts,the coordinator preview lists the departing handler open work and mutates nothing,verified,"Runs the preview and asserts both open cases come back with title, case type and a status key plus a tasks array, then asserts @self.updated is unchanged on both cases so a preview that quietly re-saved a row reddens.",no,yes,resolves to a scenario,"expect(afterIn?.['@self']?.updated, 'the preview must not have written to the case it previewed').toBe(beforeIn?.['@self']?.updated)",yes,no,not measured
openspec/specs/handler-vervanging-waarneming/spec.md,waarnemer-sees-substituted-work-in-my-work,tests/e2e/spec-coverage/handler-vervanging-waarneming.spec.ts,My Work renders without error and supports the substituted filter when present,smoke,"Asserts only that the My Work page renders an Urgency button and no Internal Server Error text, and the substituted toggle is clicked inside an if that simply skips when the toggle is absent, so a build routing no substituted work at all stays green.",no,yes,resolves to a scenario,await expect(page.locator('body')).not.toContainText('Internal Server Error'),yes,no,partial
openspec/specs/handler-vervanging-waarneming/spec.md,scope-limited-substitution-only-routes-matching-items,tests/e2e/spec-coverage/handler-vervanging-waarneming.spec.ts,a caseTypes-scoped substitution routes the covered type and withholds the rest,verified,"Reads /api/substitutions/work and asserts the covered case type reaches the waarnemer while the case of the uncovered type does not, which is exactly the MUST NOT half of the scope limit.",yes,yes,resolves to a scenario,"expect(routed, 'a case of a type OUTSIDE the substitution scope must never reach the waarnemer').not.toContain(outOfScopeCaseId)",yes,no,not measured
openspec/specs/handler-vervanging-waarneming/spec.md,all-actions-under-a-substitution-are-queryable,tests/e2e/spec-coverage/handler-vervanging-waarneming.spec.ts,"every capacity-stamped action under a substitution is returned, in chronological order",verified,"Asserts the actions endpoint returns both seeded entries oldest first, each naming actor, absentee and case title, so a missing sort or a dropped entry reddens; the entries are seeded by hand, so the stamping half is knowingly unclaimed.",no,yes,resolves to a scenario,"expect(mine.map((entry) => String(entry?.action ?? '')), 'both stamped actions must come back, oldest first ...').toEqual([STAMPED_EARLIER, STAMPED_LATER])",yes,no,not measured
openspec/specs/handler-vervanging-waarneming/spec.md,coordinator-registers-a-substitution-on-behalf-of-an-absent-handler,tests/e2e/spec-coverage/handler-vervanging-waarneming.spec.ts,coordinator admin exposes a bulk-reassign action with a mandatory preview,partial,"Asserts the coordinator console offers Bulk reassign and a Preview affected work button, which is a different requirement from registering a substitution on behalf of an absent handler, and the whole body sits behind a becomesVisible guard that skips the test when the heading does not appear.",no,yes,resolves to a scenario,"await expect(page.getByRole('button', { name: /Preview affected work/ }).first()).toBeVisible({ timeout: 8000 })",yes,no,partial
openspec/specs/avg-processing-surface/spec.md,scenario-procest-hosts-no-processing-activities-page,tests/e2e/spec-coverage/integrations-and-flows.spec.ts,no sidebar link points into another app,dangling,"Points at openspec/specs/avg-processing-surface/spec.md, which does not exist; the identical anchor does resolve inside the open change at openspec/changes/page-topology-cleanup/specs/avg-processing-surface/spec.md, and the nearest published capability is avg-verwerkingenlogging.",no,no,the cited spec file does not exist,,yes,no,dangling
openspec/specs/ai-oversight-surface/spec.md,scenario-procest-hosts-no-ai-oversight-pages,tests/e2e/spec-coverage/integrations-and-flows.spec.ts,no sidebar link points into another app,dangling,"Points at openspec/specs/ai-oversight-surface/spec.md, which does not exist; the scenario Procest hosts no AI-oversight pages lives at openspec/changes/page-topology-cleanup/specs/ai-oversight-surface/spec.md line 16, and the nearest published capability is ai-oversight-log.",no,no,the cited spec file does not exist,,yes,no,dangling
openspec/specs/avg-processing-surface/spec.md,scenario-procest-hosts-no-processing-activities-page,tests/e2e/spec-coverage/integrations-and-flows.spec.ts,the AVG and AI-oversight entries are gone from the navigation,dangling,Same missing path as the other avg-processing-surface citation on this file; the anchor resolves only inside the unarchived page-topology-cleanup change.,no,no,the cited spec file does not exist,,yes,no,dangling
openspec/specs/admin-settings-surface/spec.md,scenario-no-duplicate-configuration-entries,tests/e2e/spec-coverage/integrations-and-flows.spec.ts,exactly one entry links to the administration surface,dangling,"Points at openspec/specs/admin-settings-surface/spec.md, which does not exist; the scenario No duplicate configuration entries lives at openspec/changes/page-topology-cleanup/specs/admin-settings-surface/spec.md line 31, and the nearest published capability is admin-settings.",no,no,the cited spec file does not exist,,yes,no,dangling
openspec/specs/automatic-actions-surface/spec.md,scenario-flows-are-authored-in-the-app,tests/e2e/spec-coverage/integrations-and-flows.spec.ts,the settings menu has a Flows entry pointing at an in-app route,dangling,"Points at openspec/specs/automatic-actions-surface/spec.md, which does not exist; the scenario Flows are authored in the app lives at openspec/changes/page-topology-cleanup/specs/automatic-actions-surface/spec.md line 83, and the nearest published capability is automatic-actions.",no,no,the cited spec file does not exist,,yes,no,dangling
openspec/specs/automatic-actions-surface/spec.md,scenario-flows-are-authored-in-the-app,tests/e2e/spec-coverage/integrations-and-flows.spec.ts,/flows renders this app's own flow surface,dangling,"Same missing automatic-actions-surface path; the anchor resolves only inside the unarchived change, so this citation credits nothing until page-topology-cleanup is archived.",no,no,the cited spec file does not exist,,yes,no,dangling
openspec/specs/automatic-actions-surface/spec.md,scenario-flows-are-authored-in-the-app,tests/e2e/spec-coverage/integrations-and-flows.spec.ts,/flows/new renders the flow canvas,dangling,"Same missing automatic-actions-surface path, third citation of the same absent file on this test file.",no,no,the cited spec file does not exist,,yes,no,dangling
openspec/specs/case-types/spec.md,,tests/e2e/spec-coverage/integrations-and-flows.spec.ts,the settings menu has a Case types entry,verified,"The citation names a whole spec file and therefore no requirement, which is the honest limit of this reading; judged against the spec it proves REQ-CT-23's clause that the navigation carries a Case types entry, and it asserts exactly one rather than merely present.",no,no,no anchor: cites a whole spec file,"expect(entries.length, 'Case types must be reachable from the settings foldout').toBe(1)",yes,no,verified
openspec/specs/case-types/spec.md,,tests/e2e/spec-coverage/integrations-and-flows.spec.ts,the case types index renders its own create control,partial,"The citation names a whole spec file and therefore no requirement; worse, the create control is matched by /Add|New|Create/i, which the Dashboard's own New case button satisfies, so the route fallthrough this test exists to catch leaves it green.",no,no,no anchor: cites a whole spec file,"await expect(page.getByRole('button', { name: /Add|New|Create/i }).first()).toBeVisible({ timeout: 20000 })",yes,no,partial
openspec/specs/dashboard/spec.md,scenario-dash-v1-006f-keyboard-only-status-transition-new,tests/e2e/spec-coverage/kanban-board-keyboard-status-transition.spec.ts,"a case card exposes a keyboard-operable ""Move to…"" menu",partial,"Opens the Move to menu from the keyboard and asserts the other seeded column is offered as a menu item, then presses Escape on purpose, so none of the scenario's three outcomes is asserted: the status write through the same persistence path, the card moving column, and the card body's own Enter/Space activation staying unaffected.",no,yes,resolves to a scenario,"await expect(page.getByRole('menuitem', { name: new RegExp(`${RUN_PREFIX} In behandeling`) })).toBeVisible({ timeout: 5000 })",yes,no,partial
openspec/specs/dashboard/spec.md,scenario-dash-v1-006g-drag-path-unchanged-new,tests/e2e/spec-coverage/kanban-board-keyboard-status-transition.spec.ts,case cards remain draggable for mouse/touch users,partial,"Asserts the seeded card carries draggable=""true"" and nothing else: it never dispatches a drag, never drops a card in another column and never checks the status was persisted, so a regression in the dragstart or drop handlers, which is what the scenario protects, leaves this green.",no,yes,resolves to a scenario,"await expect(card).toHaveAttribute('draggable', 'true')",yes,no,partial
openspec/specs/kcc-werkplek-zaaksysteem-bridge/spec.md,kcc-integration-settings-render-and-persist,tests/e2e/spec-coverage/kcc-werkplek-zaaksysteem-bridge.spec.ts,the identification threshold and sentiment trigger words save through /api/settings,verified,"Fills the identification threshold and the trigger-word control, saves through the page's own Save KCC settings button and reads both values back from GET /api/settings, so a save that silently drops either key reddens; it covers two of the four controls the scenario names and the sibling test covers the other two.",no,yes,resolves to a scenario,"expect(after.identification_score_threshold, 'the identification threshold the admin typed is the one stored').toBe(threshold)",yes,no,not measured
openspec/specs/kcc-werkplek-zaaksysteem-bridge/spec.md,kcc-integration-settings-render-and-persist,tests/e2e/spec-coverage/kcc-werkplek-zaaksysteem-bridge.spec.ts,the voorblad limit and belplan overflow threshold save through /api/settings,verified,"Fills the voorblad limit and the belplan overflow threshold, saves through the page's own button and reads both back from GET /api/settings, so a render-only regression or a dropped key reddens; it covers the other two of the four controls the scenario names.",no,yes,resolves to a scenario,"expect(after.max_zaken_voorblad, 'the voorblad limit the admin typed is the one stored').toBe(limit)",yes,no,not measured
openspec/specs/my-work/spec.md,scenario-card-and-table-view,tests/e2e/spec-coverage/my-work.spec.ts,shows the current user's assigned cases as a card list,partial,"Asserts the Urgency and Newest sort buttons and a Cards button are visible, never that card view is the rendered default nor that the table view shows identifier, title, case type, status and deadline.",no,yes,resolves to a scenario,"await expect(page.getByRole('button', { name: /Cards/ }).first()).toBeVisible({ timeout: 10000 })",yes,yes,partial
openspec/specs/my-work/spec.md,scenario-card-and-table-view,tests/e2e/spec-coverage/my-work.spec.ts,view mode can be switched between cards and table,smoke,"Clicks the Table toggle and then asserts only that the body does not read Internal Server Error, so the table could render nothing and the five columns the scenario names are never read.",no,yes,resolves to a scenario,await expect(page.locator('body')).not.toContainText('Internal Server Error'),yes,yes,smoke
openspec/specs/pdok-consumer/spec.md,scenario-suggest-call-reaches-openconnector-instead-of-api-pdok-nl,tests/e2e/spec-coverage/pdok-via-openconnector.spec.ts,"suggest reaches the openconnector endpoint, never api.pdok.nl",dangling,"The anchor spells the host with hyphens, scenario-suggest-call-reaches-openconnector-instead-of-api-pdok-nl, while the heading at line 27 slugs its dots away to scenario-suggest-call-reaches-openconnector-instead-of-apipdoknl, so the citation resolves to nothing; the near miss is that one heading, and the test body under it is a strong routing assertion that currently credits nobody.",no,no,the anchor matches no heading in that spec,,yes,no,dangling
openspec/specs/pdok-consumer/spec.md,scenario-503-response-resolves-with-null-and-surfaces-message_key,tests/e2e/spec-coverage/pdok-via-openconnector.spec.ts,503 from openconnector degrades gracefully without throwing,partial,"Opens the dossiq app with its service worker in control, which is the surface the shim runs on, but never calls the shim: the body fetches /apps/openconnector/api/pdok/lookup directly and then asserts the 503 and the message_key its own route handler just returned, so a pdokService.lookup() that threw instead of resolving with null would leave every assertion green. Anchor note for the repair: the heading exists at openspec/specs/pdok-consumer/spec.md:89 but gate-19 does not slug it as a scenario, so this citation credits nothing until the anchor is respelled.",no,no,"the anchor names a heading in that spec, but not a scenario, so gate-19 credits nothing",expect(outcome.messageKey).toBe('pdok.unavailable'),yes,no,partial
openspec/specs/pdok-consumer/spec.md,scenario-openconnector-absent-surfaces-warning-without-blocking-form,tests/e2e/spec-coverage/pdok-via-openconnector.spec.ts,404 (openconnector absent) does not block the page,smoke,"Asserts its own mocked 404 is echoed back and that the page is not the login screen; the scenario's actual claims, an inline warning on the address field and a form that still submits, are never asserted, and the call bypasses the shim by fetching the endpoint directly.",no,yes,resolves to a scenario,expect(outcome.fulfilledBy).toBe('suggest-404'),yes,no,smoke
openspec/specs/pdok-consumer/spec.md,scenario-all-six-functions-are-exported-with-unchanged-signatures,tests/e2e/spec-coverage/pdok-via-openconnector.spec.ts,seeded OR addresses are retrievable without PDOK/openconnector being available,smoke,"Seeds two OpenRegister address rows and asserts they come back, which says nothing about the six exported shim functions or their signatures, and the whole body skips when the addresses register is absent.",no,yes,resolves to a scenario,expect(seeded.length).toBe(2),yes,no,smoke
openspec/specs/add-work-queue/spec.md,the-queue-holds-unassigned-open-cases,tests/e2e/spec-coverage/queue.spec.ts,the queue page renders for a deep link,smoke,"The test asserts only that the deep link renders a cn-page and a Queue heading; nothing about the base filter the cited scenario is about, so a queue listing every case in the instance passes it.",no,yes,resolves to a scenario,"await expect(page.getByRole('heading', { name: /^(Queue|Werkvoorraad)$/i }).first(), 'the deep link must land on the QUEUE page, not the shell default').toBeVis",yes,no,smoke
openspec/specs/add-work-queue/spec.md,the-queue-holds-unassigned-open-cases,tests/e2e/spec-coverage/queue.spec.ts,an assigned case is on the case index and NOT in the queue,verified,"The test seeds its own assigned case and asserts it is one row on /cases and zero rows on /queue, so dropping the assignee IS NULL base filter reddens it regardless of what else the instance holds.",no,yes,resolves to a scenario,"expect(await rowsMatching('/index.php/apps/dossiq/queue'), 'the queue must NOT hold ...').toBe(0)",yes,no,verified
openspec/specs/add-work-queue/spec.md,an-empty-queue-says-so,tests/e2e/spec-coverage/queue.spec.ts,"an empty result renders the empty state, not a bare table",partial,"The test drives the queue with a filter that should match nothing but its locator is an OR over the empty state and table rows, so it never proves the result was empty nor that the empty state specifically rendered.",no,yes,resolves to a scenario,"await expect(page.locator('.cn-index-page__empty, table tbody tr').first(), 'an empty queue must say so').toBeVisible({ timeout: 30_000 })",yes,no,partial
openspec/specs/add-work-queue/spec.md,the-queue-narrows-by-case-type,tests/e2e/spec-coverage/queue.spec.ts,the case-type sidebar narrows the queue,partial,"The decisive assertion sits inside an if on the sidebar item count, so an instance with no case-type facet passes trivially, and the assertion itself only forbids widening, so a facet click that changes nothing is green.",no,yes,resolves to a scenario,"if ((await firstType.count()) > 0) { ... expect(after, 'narrowing to one case type cannot widen the result set').toBeLessThanOrEqual(before) }",yes,no,partial
openspec/specs/related-case-linking/spec.md,section-lists-relations-with-navigation,tests/e2e/spec-coverage/related-case-linking.spec.ts,the Related cases panel lists a relation,partial,"opens whatever case happens to be first in the list and asserts the related-cases section is visible and has stopped saying Loading, never that any relation is listed with the target's title and status; two test.skip escapes can also retire it silently, and the scenario itself carries an @e2e exclude line whose reason names this very file",no,yes,resolves to a scenario,"await expect(panel).not.toContainText(/Loading/i, { timeout: 30000 })",yes,yes,partial
openspec/changes/page-topology-cleanup/proposal.md,,tests/e2e/spec-coverage/retired-surfaces.spec.ts,the retired route no longer renders an automatic-actions view,verified,"The citation names a whole proposal and so no requirement, which is the honest limit of this reading; judged against the file, it proves C2's claim that /settings/automatic-actions is retired by asserting the view's own create control is absent, though the replacement half is asserted only in the sibling test.",no,no,no anchor: cites a whole spec file,"await expect(page.getByRole('button', { name: 'Add Automatic Action' })).toHaveCount(0)",yes,no,verified
openspec/changes/page-topology-cleanup/proposal.md,,tests/e2e/spec-coverage/retired-surfaces.spec.ts,the agenda compiler route no longer renders its view,verified,"The citation names a whole proposal and so no requirement; judged against the file, it proves D1's claim that /besluitvorming/agenda is gone by asserting the compiler heading is absent and the router fell through to the app root, not merely that no 500 appeared.",no,no,no anchor: cites a whole spec file,"await expect(page.getByRole('heading', { name: /Agenda ?compiler|Agendacompiler/i })).toHaveCount(0)",yes,no,verified
openspec/specs/semantic-case-intake/spec.md,behandelaar-sees-the-handoff-case-with-origin,tests/e2e/spec-coverage/semantic-case-intake.spec.ts,case detail shows the handoff provenance with a source link,verified,"Seeds a case carrying handoffSource, opens the case page and asserts the provenance block is visible, says Received via handoff and holds a source link whose href points at openregister, so a case detail that dropped the provenance UI reddens; it does not assert the origin app name or the handoff timestamp the requirement also lists.",no,yes,resolves to a scenario,"await expect(provenance.getByRole('link', { name: 'Open source object' })).toHaveAttribute('href', /openregister/)",yes,no,verified
openspec/specs/dossiq-store-surface/spec.md,,tests/e2e/spec-coverage/store-surface.spec.ts,the store entry sits in the footer between Documentation and Reports,verified,"The citation names no requirement, only the spec file; read against the spec as a whole it proves REQ-DSS-006, asserting the Store entry exists exactly once and sits after Documentation and before Reports rather than merely being present, though it never reads the StoreOutline icon the same requirement names.",no,no,no anchor: cites a whole spec file,"expect(store, 'Store must precede Reports').toBeLessThan(reports)",yes,no,verified
openspec/specs/dossiq-store-surface/spec.md,,tests/e2e/spec-coverage/store-surface.spec.ts,an unconfigured instance renders the built-in templates and calls no registry,verified,"Anchorless, and it proves REQ-DSS-002 end to end: the not-configured marker and the built-in template surface are both asserted, and every outbound request is recorded from before navigation so a quiet registry call that fell back on an error would fail the list.",no,no,no anchor: cites a whole spec file,"expect(external, 'an unconfigured store must make NO outbound request').toEqual([])",yes,no,verified
openspec/specs/dossiq-store-surface/spec.md,,tests/e2e/spec-coverage/store-surface.spec.ts,the store page is reachable by direct link,partial,"Anchorless, and the spec states no route or deep-link requirement: the test asserts the store-page container renders at /store but never the built-in templates or the not_configured outcome, so it survives a store surface that renders an error inside that container.",no,no,no anchor: cites a whole spec file,"await expect(page.locator('[data-testid=""store-page""]'), 'the store page must render for a deep link').toBeVisible({ timeout: 60_000 })",yes,no,partial
openspec/specs/case-types/spec.md,a-migrated-scheme-carries-its-fields-not-just-its-name,tests/e2e/spec-coverage/subsidieregeling-is-a-casetype.spec.ts,"both schemes exist as case types, with their fields carried",verified,"The test asserts at least one scheme reached caseType and that validFrom, validUntil and purpose are non-empty rather than merely present, so a migration that carried the name alone reddens.",no,yes,resolves to a scenario,"expect(ct.validFrom, `${name}: termStart should have become validFrom`).toBeTruthy()",yes,no,verified
openspec/specs/case-types/spec.md,the-decision-term-becomes-a-duration-not-an-integer,tests/e2e/spec-coverage/subsidieregeling-is-a-casetype.spec.ts,"requestTermWeeks became an ISO-8601 duration, not a bare integer",verified,"The test asserts the stored processingDeadline matches an ISO-8601 duration pattern, so a bare integer reddens; note the loop over migrated has no non-empty guard of its own, unlike its sibling.",no,yes,resolves to a scenario,"expect(String(ct.processingDeadline), `${name}: processingDeadline must be an ISO-8601 duration such as P13W`).toMatch(/^P\d+[WDMY]$/)",yes,no,verified
openspec/specs/case-types/spec.md,an-enum-property-keeps-its-allowed-values,tests/e2e/spec-coverage/subsidieregeling-is-a-casetype.spec.ts,the enum property kept its allowed values instead of flattening,verified,"The test asserts the propertyDefinition exists, that its propertyType is enum and that enumValues still lists the four values, which is exactly the constraint the requirement says flattening loses silently.",no,yes,resolves to a scenario,"expect(d.enumValues, 'an enum with no enumValues is indistinguishable from a string').toEqual(expect.arrayContaining(['none', 'annually', 'halfjaarlijks', 'on_m",yes,no,verified
openspec/specs/case-types/spec.md,the-grant-specific-properties-survive-as-property-definitions,tests/e2e/spec-coverage/subsidieregeling-is-a-casetype.spec.ts,the grant-specific properties came across as property definitions,verified,"The test asserts each of the three grant-specific names exists as a propertyDefinition, so a migration that dropped them reddens; it does not check they are scoped to the migrated case type.",no,yes,resolves to a scenario,"expect(names.has(p), `${p} should have become a propertyDefinition`).toBe(true)",yes,no,verified
openspec/specs/case-types/spec.md,the-menu-offers-case-types-and-not-subsidy-schemes,tests/e2e/spec-coverage/subsidieregeling-is-a-casetype.spec.ts,the Subsidy schemes menu entry is gone,verified,"The test reads every nav link label and asserts both halves the scenario asks for, that Subsidy schemes is absent and Case types is present, so a build that deleted the capability outright still reddens.",no,yes,resolves to a scenario,expect(labels).not.toContain('Subsidy schemes'); expect(labels).toContain('Case types'),yes,no,verified
openspec/specs/case-types/spec.md,the-retired-route-falls-through-rather-than-erroring,tests/e2e/spec-coverage/subsidieregeling-is-a-casetype.spec.ts,the retired route no longer renders a scheme index,verified,"The test asserts the retired route renders no Add Subsidieregeling control and shows no server error, which is both halves of the cited scenario.",no,yes,resolves to a scenario,"await expect(page.getByRole('button', { name: /Add Subsidieregeling|Add Grant/i })).toHaveCount(0)",yes,no,verified
openspec/specs/task-management/spec.md,view-the-global-task-list,tests/e2e/spec-coverage/task-management.spec.ts,"global task list page renders its rows and columns, and offers no add button",partial,"The test proves the list renders its seeded row, offers no Add button and carries a Subject header, but never reads the status, assignee, due date or priority cells the cited scenario says every row must show.",no,yes,resolves to a scenario,"await expect(page.getByRole('columnheader', { name: /^(Subject|Onderwerp)$/ })).toBeVisible({ timeout: 10_000 })",yes,no,partial
openspec/specs/dashboard/spec.md,dashboard-page-renders-heading-and-widget-grid,tests/e2e/spec-coverage/ui-pages.spec.ts,dashboard renders the manifest widget grid shell,partial,"Asserts the app content is visible and the dashboard grid container is attached, explicitly accepting an empty container, plus no Internal Server Error; it never asserts the level-2 Dashboard heading the scenario names, nor a single widget tile or unavailable-placeholder shell, so a dashboard rendering an empty grid and no heading passes.",no,yes,resolves to a scenario,"await expect(page.locator('.app-content .cn-dashboard-grid, .app-content .cn-widget-grid').first()).toBeAttached({ timeout: 15000 })",yes,no,partial
openspec/specs/case-management/spec.md,cases-index-page-renders-list-shell,tests/e2e/spec-coverage/ui-pages.spec.ts,cases index renders list shell,verified,"Asserts the Cards and Table toggle, an Add create button, the Actions control and the absence of an Internal Server Error on /cases, which is all four bullets of the cited scenario.",no,yes,resolves to a scenario,"await expect(page.getByRole('button', { name: /^Add / })).toBeVisible()",yes,no,verified
openspec/specs/doorlooptijd-dashboard/spec.md,doorlooptijd-page-renders-heading,tests/e2e/spec-coverage/ui-pages.spec.ts,doorlooptijd renders processing-time analytics heading,verified,"Asserts the level-2 processing-time heading on /doorlooptijd and that the body holds no Internal Server Error, which is both bullets of the scenario; the spec's wording Processing Time Analytics is stale against the heading the page now renders.",no,yes,resolves to a scenario,"await expect(page.getByRole('heading', { name: 'Processing time', level: 2 })).toBeVisible({ timeout: 15000 })",yes,no,partial
openspec/specs/my-work/spec.md,,tests/e2e/spec-coverage/work-navigation.spec.ts,"the work group is named after the work, and holds all five surfaces",verified,"the citation names no requirement, only the file; the test asserts the navigation offers My work, Queue, Assigned to me, All cases and Tasks exactly once each, so losing the My Work entry the spec requires reddens it",no,no,no anchor: cites a whole spec file,"await expect(nav.getByText(label), `the navigation must offer ${label}`).toHaveCount(1, { timeout: 30_000 })",yes,no,partial
openspec/specs/my-work/spec.md,,tests/e2e/spec-coverage/work-navigation.spec.ts,the retired labels are gone,verified,"the citation names no requirement, only the file; the test asserts Work queue, Cases and All issues are absent from the nav, which catches a half-applied rename, but its Werkvoorraad pattern contradicts the sibling test that demands exactly one Werkvoorraad entry, so on a Dutch instance one of the pair must fail",no,no,no anchor: cites a whole spec file,"await expect(nav.getByText(/^\s*(Work queue|Werkvoorraad)\s*$/i), 'the old group label must not survive').toHaveCount(0)",yes,no,partial
openspec/specs/nav-dedup-and-grouping/spec.md,,tests/e2e/spec-coverage/work-navigation.spec.ts,"Contacts is a top-level domain, not a sixth work surface",partial,"the citation names no requirement, and the cited spec never mentions Contacts at all: its requirements are the Work group's four leaves, the Cases and Analytics group memberships and the single substitution entry, every one of which survives this test, which asserts only that one Contacts link exists and is visible without expanding a group",no,no,no anchor: cites a whole spec file,await expect(contacts).toBeVisible({ timeout: 30_000 }),yes,no,partial
openspec/specs/my-work/spec.md,,tests/e2e/spec-coverage/work-navigation.spec.ts,the cases page stays reachable by direct link,smoke,"the citation names no requirement, only the file; the test asserts the page shell rendered and a Cases heading is visible after a deep link, which is a page-load check and touches none of the my-work spec's assigned-case index, card display or lens requirements",no,no,no anchor: cites a whole spec file,"await expect(page.getByRole('heading', { name: /^(Cases|Zaken)$/i }).first(), 'the deep link must land on the CASES page').toBeVisible({ timeout: 30_000 })",yes,no,smoke
openspec/specs/visual-workflow-editor/spec.md,scenario-open-workflow-editor-for-a-case-type,tests/e2e/spec-coverage/workflow-editor-canvas.spec.ts,the Workflow tab renders the canonical canvas with the configured nodes and transitions,verified,"The test asserts the empty state is absent, names all three seeded status nodes, counts exactly three nodes and two transition arrows, so a canvas that lost its transitions reddens.",no,yes,resolves to a scenario,await expect(editor.locator('.workflow-transition')).toHaveCount(2),yes,yes,verified
openspec/specs/visual-workflow-editor/spec.md,scenario-keyboard-node-selection,tests/e2e/spec-coverage/workflow-editor-canvas.spec.ts,a status node on the canvas is keyboard-focusable and exposes a keyboard-operable actions menu,verified,"The test asserts role, tabindex, that Enter and Space select on two different nodes and that selection moves rather than accumulating, then opens the actions menu by keyboard alone.",no,yes,resolves to a scenario,await page.keyboard.press('Space'); await expect(inProgress).toHaveClass(/workflow-node--selected/); await expect(received).not.toHaveClass(...),yes,yes,verified
openspec/specs/visual-workflow-editor/spec.md,scenario-keyboard-add-status-node,tests/e2e/spec-coverage/workflow-editor-canvas.spec.ts,"the palette ""Add status node"" button adds a status from the keyboard",verified,"The test activates the palette button with Enter only and then polls the case type's statusTypes for exactly one new row, so a node the editor merely drew without persisting reddens.",no,yes,resolves to a scenario,await expect.poll(async () => (await statusTypesOf(machine.caseTypeId)).filter((row) => seeded.has(objectId(row)) === false).length).toBe(1),yes,yes,verified
openspec/specs/dashboard/spec.md,scenario-dash-v1-006a-board-columns-reflect-status-types,tests/e2e/spec-coverage/workflow-operations.spec.ts,workflow board renders its heading and a status/empty surface,smoke,"Asserts the board's own h2 and then a locator that matches either a status column or the no-statuses empty state, so a board rendering zero columns passes, and nothing reads a column name, the ordering Ontvangen, In behandeling, Besluitvorming or the per-column case count the scenario requires.",no,yes,resolves to a scenario,"await expect(page.locator('.board-column, .workflow-board__empty').first()).toBeVisible({ timeout: 10000 })",yes,no,partial
openspec/specs/dashboard/spec.md,scenario-dash-v1-006a-board-columns-reflect-status-types,tests/e2e/spec-coverage/workflow-operations.spec.ts,workflow board loads without dossiq console errors,smoke,"Asserts that the board heading is visible and that no dossiq-origin console error appeared; it says nothing about one column per non-final status type, their order or their case counts, so the cited scenario is credited by a load check.",no,yes,resolves to a scenario,"expect(errors, errors.join('\n')).toEqual([])",yes,no,smoke
openspec/specs/case-map-overview/spec.md,scenario-overview-01a-display-all-cases-on-map,tests/e2e/spec-coverage/workflow-operations.spec.ts,case map renders its heading and an interactive map surface,smoke,"Asserts the Cases on map heading, then a surface matched by '.leaflet-container, [class*=""map""]', a fallback almost any wrapper element satisfies, plus no server error and no console errors; nothing about markers or polygons per geometry type, clustering at low zoom or the auto-fit the scenario requires.",no,yes,resolves to a scenario,"await expect(page.locator('.leaflet-container, [class*=""map""]').first()).toBeVisible({ timeout: 10000 })",yes,no,partial
openspec/specs/case-types/spec.md,the-retired-route-falls-through-rather-than-erroring,tests/e2e/spec-coverage/workflow-operations.spec.ts,the retired scheme index is gone and Case types took it over,verified,"Asserts on /subsidieregelingen that the retired index's own create control is absent and that the body shows no server error, which is exactly how the scenario says to test it, and then asserts the Case types index still offers a create control so the absence check cannot pass on a build where the capability vanished.",no,yes,resolves to a scenario,"await expect(page.getByRole('button', { name: 'Add Subsidieregeling' })).toHaveCount(0)",yes,no,not measured
openspec/specs/features-roadmap/spec.md,features-page-renders-controls,tests/e2e/spec-coverage/workflow-operations.spec.ts,features & roadmap renders heading and its action controls,verified,"Asserts the Features heading, the Show roadmap toggle and the Suggest feature link, which is the scenario's third bullet exactly and would redden if the comparison work removed the roadmap tab; it never asserts a shipped feature card, so an empty features_roadmap_features initial state still passes.",no,yes,resolves to a scenario,"await expect(page.getByRole('button', { name: 'Show roadmap' })).toBeVisible()",yes,no,verified
openspec/specs/inspection-checklists/spec.md,the-cases-assignee-submits-a-result,tests/e2e/vth-inspection-result-authz.spec.ts,the stored assignee may submit,partial,"Asserts the stored assignee's submission is not a 403, which catches a guard that refuses the handler, but never checks that an inspectionResult was stored with this case and completedBy, and a 500 would satisfy not.toBe(403) just as well.",yes,yes,resolves to a scenario,"expect(status, `""${INSPECTOR}"" is the stored assignee of case ${caseId} and must not be refused; ...`).not.toBe(403)",yes,yes,not measured
openspec/specs/inspection-checklists/spec.md,a-submitted-result-is-readable-back,tests/e2e/vth-inspection-result-authz.spec.ts,the stored assignee may submit,partial,"The test posts a result but never calls GET /api/vth/cases/{id}/inspection-results, so nothing in it can fail if a submitted result is not readable back.",no,yes,resolves to a scenario,"expect(status, `""${INSPECTOR}"" is the stored assignee ... must not be refused`).not.toBe(403)",yes,yes,not measured
openspec/specs/inspection-checklists/spec.md,another-authenticated-account-is-refused,tests/e2e/vth-inspection-result-authz.spec.ts,a different authenticated account is refused,verified,"Posts as a provisioned account that is neither assignee nor admin and asserts the endpoint answers 403; the scenario's second clause, that no inspectionResult is written, is not asserted.",yes,yes,resolves to a scenario,"expect(status, `""${OUTSIDER}"" is not the assignee of case ${caseId} ... so the endpoint must answer 403`).toBe(403)",yes,yes,not measured
openspec/specs/inspection-checklists/spec.md,omitting-the-inspector-field-does-not-skip-the-check,tests/e2e/vth-inspection-result-authz.spec.ts,omitting the inspector field does not skip the check,verified,"Posts with no inspector field of any kind as the outsider and asserts 403, which is precisely the bypass the old guard allowed.",yes,yes,resolves to a scenario,"expect(status, `""${OUTSIDER}"" sent no inspector field at all. Sending LESS must not buy more ...`).toBe(403)",yes,yes,not measured
openspec/specs/inspection-checklists/spec.md,creating-an-advice-request-is-authorized-the-same-way,tests/e2e/vth-inspection-result-authz.spec.ts,the sibling advice endpoint refuses the same account,verified,Posts to the advice-requests endpoint as the outsider and asserts 403; the scenario's no-adviseur-notification clause is not asserted.,yes,yes,resolves to a scenario,"expect(status, `""${OUTSIDER}"" does not handle case ${caseId}, so creating an advice request ... must answer 403`).toBe(403)",yes,yes,not measured
openspec/specs/status-transition-engine/spec.md,scenario-successful-transition-with-audit-trail,tests/e2e/workflows/case-lifecycle.spec.ts,advancing a case status persists and renders the new status,verified,"Executes the guarded transition and polls the re-read case until status equals the target statusType uuid, which is the first THEN; the audit entry fields and the refreshed updatedAt are asserted nowhere here, so only the persistence clause is guarded.",no,yes,resolves to a scenario,"expect.poll(async () => String((await showObject(api, 'case', caseId)).status ?? ''), ...).toBe(sm.statusInProgress)",yes,yes,verified
openspec/specs/dashboard/spec.md,scenario-dash-v1-006a-board-columns-reflect-status-types,tests/e2e/workflows/case-lifecycle.spec.ts,"the workflow board renders one column per non-final status type, in order, with its case count",verified,"Seeds four status types out of creation order, three non-final, and asserts the board's column names equal the three in status order with the final one absent, then that the header counts read 2, 1 and 0.",no,yes,resolves to a scenario,"await expect(ours.locator('.board-column__count'), 'each column header counts the cases in that status').toHaveText(['2', '1', '0'])",yes,no,not measured
openspec/specs/status-transition-engine/spec.md,scenario-successful-transition-with-audit-trail,tests/e2e/workflows/case-lifecycle.spec.ts,"engine offers transitions, records history, and BLOCKS an invalid transition",verified,"Asserts the stored status after each transition and that both halves of the audit trail exist, a non-empty history response and at least one statusRecord object on the case; it never reads the entry's timestamp, user, fromStatus, toStatus or transitionLabel, nor updatedAt.",no,yes,resolves to a scenario,"expect((await listObjects(api, 'statusRecord', { case: caseId })).length).toBeGreaterThanOrEqual(1)",yes,yes,verified
openspec/specs/case-management/spec.md,cases-index-page-renders-list-shell,tests/e2e/workflows/cases-crud.spec.ts,a seeded case appears as a row with its title and identifier,verified,"Asserts the Add create button, one of the three shell controls the scenario names, so a shell that fails to mount reddens it; the Cards/Table view toggle and the per-row Actions control are never read, and the helper additionally requires a populated table the requirement says the shell must not depend on.",no,yes,resolves to a scenario,"await expect(page.getByRole('button', { name: /^Add (Item|Case|Task)$/ })).toBeVisible({ timeout: 15000 })",yes,no,partial
openspec/specs/case-management/spec.md,scenario-cm-06a-case-info-panel,tests/e2e/workflows/cases-crud.spec.ts,opening the row shows the case detail with its values,verified,"Now scoped to the open info panel rather than the whole page, it asserts the title and the assigned zaaknummer render there, and the scoping was proven by a CI run where the unscoped version stayed green; type, priority, confidentiality, creation date and the Change Status dropdown stay unasserted.",no,yes,resolves to a scenario,"await expect(infoPanel, 'the case info panel carries the zaaknummer').toContainText(assignedIdentifier, { timeout: 15_000 })",yes,no,smoke
