citation_spec_path,anchor,test_file,test_name,verdict,justification,safety_relevant,gate19_credits_it,resolution,decisive_assertion
openspec/changes/page-topology-cleanup/specs/analytics-dashboard-surface/spec.md,,tests/e2e/app-chrome.spec.ts,the deadline-monitoring report loads its KPIs from the dossiq route,partial,"Cited spec is page topology only (dashboard type, one h2, no nesting); the test asserts the KPI request's app id and status, which no requirement there states.",no,no,no anchor: cites a whole spec file,"expect(r.url, 'the request must address the dossiq app id').toContain('/apps/dossiq/')"
openspec/specs/features-roadmap/spec.md,areas-summarise-before-they-expand,tests/e2e/app-chrome.spec.ts,FeaturesRoadmapView compares dossiq and states the comparison limits,partial,"Counts 17 area rows but never reads the per-area capability count or dossiq score, and never asserts the rows stay collapsed until opened.",no,yes,resolves to a scenario,await expect(comparison.locator('.features-roadmap__area')).toHaveCount(17)
openspec/specs/features-roadmap/spec.md,a-reader-can-date-the-claim,tests/e2e/app-chrome.spec.ts,FeaturesRoadmapView compares dossiq and states the comparison limits,verified,"Asserts the reading year inside the comparison panel, so a panel that drops the date reddens; the 'in their own language' half is unchecked.",no,yes,resolves to a scenario,await expect(comparison).toContainText('2026')
openspec/specs/features-roadmap/spec.md,the-panel-advises-the-reader-to-test-for-themselves,tests/e2e/app-chrome.spec.ts,FeaturesRoadmapView compares dossiq and states the comparison limits,verified,Asserts both THEN clauses: the recommendation to run your own evaluation and that the table 'is not proof'.,no,yes,resolves to a scenario,await expect(comparison).toContainText('run your own evaluation')
openspec/specs/features-roadmap/spec.md,the-panel-accounts-for-rows-a-later-round-added,tests/e2e/app-chrome.spec.ts,FeaturesRoadmapView compares dossiq and states the comparison limits,partial,"Asserts the caveat sentence exists but never how many rows were added, when, nor that competitor cells on those rows read Unknown.",no,yes,resolves to a scenario,await expect(comparison).toContainText('capabilities to the list')
openspec/specs/case-management/spec.md,a-handler-copies-a-case,tests/e2e/case-actions-menu.spec.ts,a handler copies a case and lands on the copy,verified,"Reads the copy back from the API and asserts same type, the type's initial status, a different identifier and the source under relatedCases.",no,yes,resolves to a scenario,expect(copy.status).toBe(statusReceived)
openspec/specs/case-management/spec.md,documents-come-along-as-links,tests/e2e/case-actions-menu.spec.ts,"documents come along as links, and the file exists once",verified,"Counts document links per case: exactly one on the source and one on the copy, so a duplicated file in storage reddens.",yes,yes,resolves to a scenario,"expect((await linksOn(copyId)).length, 'the copy has the document, linked once').toBe(1)"
openspec/specs/workflow-definition-engine/spec.md,the-start-list-follows-the-case-type,tests/e2e/case-actions-menu.spec.ts,"Start lists the flows the case type allows, and nothing else",verified,"Asserts the Start list contains the declared flow and has exactly one row, so a flow the type does not list reddens.",yes,yes,resolves to a scenario,await expect(list.locator('li')).toHaveCount(1)
openspec/specs/workflow-definition-engine/spec.md,a-type-without-startable-flows-hides-start,tests/e2e/case-actions-menu.spec.ts,a case type that allows none does not offer Start,verified,"With the menu proven open by Copy case being visible, asserts Start is absent for a type whose startableFlows is empty.",yes,yes,resolves to a scenario,await expect(page.getByTestId('cn-action-start-flow')).toHaveCount(0)
openspec/specs/workflow-definition-engine/spec.md,a-planned-case-shows-on-the-tab,tests/e2e/case-actions-menu.spec.ts,"a planned follow-up shows on the Related cases tab, and no case exists yet",verified,Asserts the planned row with its type and date on the Related tab and that no case of that type has been created.,yes,yes,resolves to a scenario,"expect(existing.length, 'the planned case does not exist yet').toBe(0)"
openspec/changes/contact-moments/specs/kcc-werkplek-zaaksysteem-bridge/spec.md,requirement-the-case-page-lists-its-contact-moments-req-kwz-12,tests/e2e/case-communication.spec.ts,the tab lists this case contacts and not another case one,dangling,"Anchor target openspec/changes/contact-moments/.../spec.md does not exist, so the row/column assertions prove nothing traceable.",no,no,target file does not exist,none
openspec/changes/contact-moments/specs/kcc-werkplek-zaaksysteem-bridge/spec.md,requirement-the-case-page-lists-its-contact-moments-req-kwz-12,tests/e2e/case-communication.spec.ts,the newest contact is the first row,dangling,Same missing change spec; the newest-first ordering assertion is real but the citation resolves to no file.,no,no,target file does not exist,none
openspec/changes/contact-moments/specs/kcc-werkplek-zaaksysteem-bridge/spec.md,requirement-the-case-page-lists-its-contact-moments-req-kwz-12,tests/e2e/case-communication.spec.ts,a case without contacts shows the tab and its empty state,dangling,Same missing change spec; empty-state plus HTTP-status assertions cannot be credited to an unresolvable anchor.,no,no,target file does not exist,none
openspec/changes/contact-moments/specs/kcc-werkplek-zaaksysteem-bridge/spec.md,requirement-you-log-a-contact-from-the-case-req-kwz-13,tests/e2e/case-communication.spec.ts,the Log contact form asks for five fields and none of the KCC ones,dangling,Same missing change spec; the five-field form assertion has no requirement to be measured against.,no,no,target file does not exist,none
openspec/changes/contact-moments/specs/kcc-werkplek-zaaksysteem-bridge/spec.md,requirement-a-contact-moment-names-its-case-req-kwz-11,tests/e2e/case-communication.spec.ts,a logged call carries the case and shows up in the tab,dangling,Same missing change spec; stored case and relatedCases assertions are strong but the anchor resolves to nothing.,no,no,target file does not exist,none
openspec/changes/contact-moments/specs/kcc-werkplek-zaaksysteem-bridge/spec.md,requirement-you-log-a-contact-from-the-case-req-kwz-13,tests/e2e/case-communication.spec.ts,a logged call carries the case and shows up in the tab,dangling,"Same missing change spec; REQ-KWZ-13 anchor unresolvable, so the logged-call flow is untraceable.",no,no,target file does not exist,none
openspec/specs/friendly-case-create-form/spec.md,requirement-req-fcf-001-the-new-case-dialog-is-the-plain-form,tests/e2e/case-create-form.spec.ts,"opens the plain form, not the properties and JSON table",verified,Asserts both schema-inspection tabs absent and Create present; reopening the properties-and-JSON dialog reddens it.,no,no,resolves to a scenario,"await expect(dialog.getByRole('tab', { name: 'Properties' })).toHaveCount(0)"
openspec/specs/friendly-case-create-form/spec.md,requirement-req-fcf-001-the-new-case-dialog-is-the-plain-form,tests/e2e/case-create-form.spec.ts,asks only for the fields a handler fills,verified,"Loops the nine includeFields for presence and the excluded keys for absence, exactly the requirement's field list.",no,no,resolves to a scenario,"await expect(dialog.locator(`[data-cn-field=""${key}""]`), `the create form should ask for ${key}`).toHaveCount(1)"
openspec/specs/friendly-case-create-form/spec.md,requirement-req-fcf-003-a-case-type-brings-its-own-questions,tests/e2e/case-create-form.spec.ts,"adds the chosen case type own questions, and drops them again on a change",verified,Asserts the type's questions are absent before and rendered after choosing; the drop-on-change half the title claims is never exercised.,yes,no,resolves to a scenario,await expect(dialog.getByText(CEILING)).toBeVisible({ timeout: 15000 })
openspec/specs/friendly-case-create-form/spec.md,requirement-req-fcf-003-a-case-type-brings-its-own-questions,tests/e2e/case-create-form.spec.ts,files a case with its case type answers,partial,"Accepts the answer on case.properties OR as a caseProperty row, so the requirement's 'never as properties of the case itself' clause cannot fail.",yes,no,resolves to a scenario,expect(String(ceilingRow.value)).toBe('50000')
openspec/specs/friendly-case-create-form/spec.md,requirement-req-fcf-005-the-form-answers-what-the-case-type-already-knows,tests/e2e/case-create-form.spec.ts,fills the title the chosen case type already answers,verified,"Reads the title field empty first, then equal to the case type's title after the pick: prefill breakage reddens.",no,no,resolves to a scenario,"await expect(titleInput).toHaveValue(CASE_TYPE_TITLE, { timeout: 15000 })"
openspec/specs/friendly-case-create-form/spec.md,requirement-req-fcf-005-the-form-answers-what-the-case-type-already-knows,tests/e2e/case-create-form.spec.ts,leaves a title the handler typed alone,verified,"Types a title, waits for the type's questions as proof prefill ran, then asserts the typed value survived.",no,no,resolves to a scenario,await expect(titleInput).toHaveValue(typed)
openspec/specs/friendly-case-create-form/spec.md,requirement-req-fcf-005-the-form-answers-what-the-case-type-already-knows,tests/e2e/case-create-form.spec.ts,stores the case type starting status without asking for it,verified,"Asserts no status field in the dialog and the stored case holding the case type's initialStatus, both halves of the scenario.",no,no,resolves to a scenario,expect(String(created.status)).toBe(startStatusId)
openspec/specs/friendly-case-create-form/spec.md,requirement-req-fcf-003-a-case-type-brings-its-own-questions,tests/e2e/case-create-form.spec.ts,keeps Create disabled until a required case type question is answered,verified,"Reddens if the type's question stops rendering, but the decisive Create disabled/enabled assertion tests a validation REQ-FCF-003 never states.",yes,no,resolves to a scenario,await expect(dialog.getByText(CEILING)).toBeVisible({ timeout: 15000 })
openspec/specs/friendly-case-create-form/spec.md,requirement-req-fcf-006-the-dialog-reads-as-a-form-not-a-schema,tests/e2e/case-create-form.spec.ts,lays the fields out in two columns,verified,"Measures two distinct left edges and a description wider than 1.5x the title, not just the two-column class.",no,no,resolves to a scenario,expect(new Set(lefts).size).toBe(2)
openspec/specs/friendly-case-create-form/spec.md,requirement-req-fcf-006-the-dialog-reads-as-a-form-not-a-schema,tests/e2e/case-create-form.spec.ts,"labels a case type question in words, not as an identifier",partial,"Asserts sentence-case labelling, which is REQ-FCF-003 text; removing the two-column layout REQ-FCF-006 states would leave this green.",no,no,resolves to a scenario,"await expect(dialog.getByText(IDENTIFIER_LABEL, { exact: true })).toBeVisible()"
openspec/specs/friendly-case-create-form/spec.md,requirement-req-fcf-007-a-field-kept-off-the-create-form-stays-reachable-on-the-case,tests/e2e/case-create-form.spec.ts,keeps parent case off the create form and on the case itself,verified,Both halves: parentCase absent from the dialog and present in the case Data panel.,no,no,resolves to a scenario,"await expect(coreWidget, 'parent case should be editable on the case, though not on the create form').toContainText(/Parent case|Hoofdzaak/, { timeout: 15000 })"
openspec/specs/case-dashboard-view/spec.md,the-progress-tile-is-gone,tests/e2e/case-detail-kpis-and-tabs.spec.ts,"the identity row headlines the case, and the KPI tiles are gone",verified,"Asserts the Completed KPI card count is 0 and that no /milestones/progress request was made, the scenario's two THENs.",no,yes,resolves to a scenario,"expect(milestoneCalls, 'the case page no longer asks for milestone progress').toEqual([])"
openspec/specs/case-dashboard-view/spec.md,,tests/e2e/case-detail-kpis-and-tabs.spec.ts,"the Data panel holds its content directly, with no card inside the card",partial,"Anchorless whole-file citation; case-dashboard-view states nothing about widget border, background or a repeated panel heading, so these chrome assertions map to no requirement.",no,no,no anchor: cites a whole spec file,"expect(chrome.border, 'a widget in a tab panel draws no border of its own: the strip drew it').toEqual(['0px', '0px', '0px', '0px'])"
openspec/specs/case-dashboard-view/spec.md,the-strip-holds-six-tabs-and-no-more,tests/e2e/case-detail-kpis-and-tabs.spec.ts,"the strip holds exactly six tabs, in order, and no more",verified,"Exact tab count, exact label order and the four retired labels absent, matching the scenario clause for clause.",no,yes,resolves to a scenario,expect(labels).toEqual(TAB_LABELS)
openspec/specs/ncvue-w2-leaves-adoption/spec.md,,tests/e2e/case-detail-kpis-and-tabs.spec.ts,"the sidebar Notes tab renders the notes leaf, not an unknown element",partial,"Anchorless citation; the spec's notes requirement is about the @mention notification, which is never exercised, and test.skip passes silently if the tab is absent.",no,no,no anchor: cites a whole spec file,await expect(panel.locator('.cn-sidebar-tab__composer').first()).toBeVisible({ timeout: 15_000 })
openspec/specs/document-zaakdossier/spec.md,scenario-req-zak-004b-empty-dossier-shows-upload-cta-with-drag-and-drop-zone,tests/e2e/case-documents.spec.ts,a case without documents says so and still offers upload,verified,Asserts the empty state text and a visible Upload document button plus a sub-400 dossier query; only the drag-and-drop zone indicator is unasserted.,no,no,resolves to a scenario,"await expect(panel).toContainText(/No documents yet|Nog geen documenten/, { timeout: 20_000 })"
openspec/specs/document-zaakdossier/spec.md,scenario-req-zak-006b-restore-is-disabled-for-definitief-documents,tests/e2e/case-documents.spec.ts,"Versions on a row opens the panel, and restore is refused on a final document",partial,"The disabled check sits in a for-loop over restore.count(), so a panel with zero Restore buttons passes silently; tooltip text and both-versions-listed unasserted.",yes,no,resolves to a scenario,await expect(restore.nth(index)).toBeDisabled()
openspec/specs/case-dashboard-view/spec.md,the-number-reads-under-the-title,tests/e2e/case-header.spec.ts,"the case number, type, status and assignee read under the title",verified,"Reads the identifier subtitle exactly, so a broken binding reddens; the scenario's other half, the page title reading the case title, is never read.",no,yes,resolves to a scenario,"await expect(page.getByTestId('case-header-identifier')).toHaveText(caseIdentifier, { timeout: 20_000 })"
openspec/specs/case-dashboard-view/spec.md,status-and-deadline-sit-in-the-header-row,tests/e2e/case-header.spec.ts,the status badge and the overdue countdown sit in the row,verified,"Badge text equals the status NAME, countdown is visible in the danger variant with a day count, and the retired .cn-countdown-widget is asserted absent: all three THENs.",no,yes,resolves to a scenario,await expect(countdown).toHaveClass(/is-danger/)
openspec/specs/case-dashboard-view/spec.md,a-case-without-a-status-or-a-deadline-still-has-a-header,tests/e2e/case-header.spec.ts,a case with no status and no deadline still has a header,verified,Badge must read Unknown/Onbekend and the countdown must not exist; both THENs asserted on a case seeded with neither status nor deadline.,no,yes,resolves to a scenario,await expect(page.getByTestId('case-header-countdown')).toHaveCount(0)
openspec/specs/case-dashboard-view/spec.md,no-trail-is-rendered,tests/e2e/case-header.spec.ts,renders no breadcrumb trail above the case title,verified,"Asserts both the absent breadcrumb testid and the trail's exact signature node, which is the requirement's own wording.",no,yes,resolves to a scenario,"await expect(page.locator('[aria-current=""page""]').filter({ hasText: caseTitle })).toHaveCount(0)"
openspec/specs/case-dashboard-view/spec.md,the-strip-holds-six-tabs-and-no-more,tests/e2e/case-header.spec.ts,"the work tabs ARE the strip, in order, with nothing after them",verified,"Exact list equality against the six named tabs, so an extra tab, a missing one or a wrong order all redden; Files/Notes/Mail/Decisions are excluded by the equality.",no,yes,resolves to a scenario,expect(labels).toEqual(WORK_TABS)
openspec/specs/case-dashboard-view/spec.md,the-six-tabs-fit-a-laptop-screen,tests/e2e/case-header.spec.ts,"every work tab is reachable at 1024, with the strip above the fold",verified,"At 1024x768 asserts the strip above the fold and every one of the six tab boxes has width, height and sits inside 0..1024, with a length guard against an empty strip.",no,yes,resolves to a scenario,"expect(stripBox!.y, `the tab strip starts at y=${stripBox!.y}, below a 768px fold`).toBeLessThan(768)"
openspec/changes/hours-onto-humaniq-leaf/specs/case-hours-via-humaniq-leaf/spec.md,the-surface-is-absent-when-humaniq-is,tests/e2e/case-hours-leaf.spec.ts,the page renders its own widgets and no hours surface at all,verified,"With the page proven loaded, asserts the leaf widget, its caption, the hours heading and all three booking affordances are absent, which is exactly the scenario.",no,no,resolves to a scenario,await expect(page.getByText(HOURS_TITLE)).toHaveCount(0)
openspec/changes/hours-onto-humaniq-leaf/specs/case-hours-via-humaniq-leaf/spec.md,no-cross-app-register-query-survives,tests/e2e/case-hours-leaf.spec.ts,the page asks humaniq for nothing,partial,"Requirement is a static grep of src/manifest.json for register humaniq; the test only proves the case detail page fires no humaniq request, so a match elsewhere survives.",no,no,resolves to a scenario,"expect(asked, `the case page queried humaniq: ${asked.join(' | ')}...`).toEqual([])"
openspec/changes/hours-onto-humaniq-leaf/specs/case-hours-via-humaniq-leaf/spec.md,hours-render-on-a-case-with-humaniq-installed,tests/e2e/case-hours-leaf.spec.ts,the tile leads with the hours on the case and the caller's own beneath,verified,"Asserts the leaf mounts with its caption, both figures printing real numbers and three affordances; the branch only registers when DOSSIQ_E2E_HUMANIQ=1, which nothing sets.",no,no,resolves to a scenario,"await readFigure(widget.getByTestId(HOOK.total), 'the total')"
openspec/changes/hours-onto-humaniq-leaf/specs/case-hours-via-humaniq-leaf/spec.md,the-leaf-reads-the-right-case,tests/e2e/case-hours-leaf.spec.ts,booking hours through the dialog raises the headline,partial,"Proves a booking raises the total, never the domainObjectType/domainObjectRef filter: an unfiltered leaf showing every case's hours rises by the same delta.",yes,no,resolves to a scenario,"await expect.poll(async () => readFigure(widget.getByTestId(HOOK.total), 'the total'), ...).toBeCloseTo(before + BOOKED_HOURS, 2)"
openspec/changes/hours-onto-humaniq-leaf/specs/case-hours-via-humaniq-leaf/spec.md,hours-render-on-a-case-with-humaniq-installed,tests/e2e/case-hours-leaf.spec.ts,"a running timer survives a reload, and stopping it returns the figures",partial,"The test is about timer persistence across a reload; the cited render scenario is touched only by a widget-visible check, and the bookings that explain the total are never listed.",no,no,resolves to a scenario,await expect(reloaded.getByTestId(HOOK.running)).toBeVisible({ timeout: 20_000 })
openspec/specs/case-management/spec.md,,tests/e2e/case-identity.spec.ts,a case posted to the API is numbered in the year of its start date,verified,"Asserts the stored identifier matches YYYY-NNNN and the year half equals the start date year, which is REQ-CM-25's API scenario verbatim.",yes,no,no anchor: cites a whole spec file,"expect(String(stored.identifier).slice(0, 4), 'the year half is the year of the start date').toBe('2026')"
openspec/specs/case-management/spec.md,,tests/e2e/case-identity.spec.ts,an existing number survives an edit to the case,verified,"Edits the title and re-reads the object, asserting the pre-existing identifier survived; REQ-CM-25's 'an existing number stays' scenario.",yes,no,no anchor: cites a whole spec file,expect(stored.identifier).toBe(LEGACY_IDENTIFIER)
openspec/specs/case-management/spec.md,,tests/e2e/case-identity.spec.ts,"the New case form asks for no number, and the case gets the next one",verified,"Asserts the form offers no identifier field, the filed case takes a higher sequence than any existing one, and the number shows on the case page.",yes,no,no anchor: cites a whole spec file,"expect(sequence, 'the new case must take a number no case of this year already holds').toBeGreaterThan(before)"
openspec/specs/case-management/spec.md,,tests/e2e/case-identity.spec.ts,a tag added in the sidebar is on the case after a reload,verified,"Mints a tag in the sidebar tab, polls the stored object for it and re-reads it after a reload; REQ-CM-26's 'you add a tag on the case'.",no,no,no anchor: cites a whole spec file,"await expect(reopened.locator('[data-testid=""cn-object-sidebar-tab-tags""]')).toContainText(TYPED_TAG, { timeout: 20_000 })"
openspec/specs/case-management/spec.md,,tests/e2e/case-identity.spec.ts,"the Cases index filters on a tag, and offers the filter",verified,"Asserts both halves of REQ-CM-26: tagged cases present, untagged absent, plus the Tags filter control in the sidebar.",no,no,no anchor: cites a whole spec file,"await expect(page.getByText(`${RUN_PREFIX} plain case ${suffix}`), 'an untagged case must not survive the filter').toHaveCount(0)"
openspec/specs/case-management/spec.md,,tests/e2e/case-identity.spec.ts,"the case shows its lead time, legal basis and archive nomination",verified,"Asserts statutoryTerm stored from the case type, the lead time and legal basis on the terms card and the archival appraisal in the metadata panel; REQ-CM-27.",no,no,no anchor: cites a whole spec file,await expect(terms).toContainText(PROCESSING_DEADLINE)
openspec/specs/case-management/spec.md,,tests/e2e/case-identity.spec.ts,"an empty archive action date is shown empty, not hidden",smoke,"test.fixme(true, ...) unconditionally: the body never executes, so no breakage of REQ-CM-27's 'empty fields stay visible' can ever redden it.",no,no,no anchor: cites a whole spec file,none
openspec/specs/status-transition-engine/spec.md,display-available-transitions-on-case-detail,tests/e2e/case-lifecycle-on-the-page.spec.ts,the header row lists only the transitions this user may take,verified,"The fixture seeds a roleGuard the signed-in admin does not satisfy, so the approve button must be absent while send_back is visible; dropping the guard reddens.",yes,yes,resolves to a scenario,await expect(page.getByTestId(`case-transition-${T.approve}`)).toHaveCount(0)
openspec/specs/status-transition-engine/spec.md,no-transitions-available,tests/e2e/case-lifecycle-on-the-page.spec.ts,a closed case offers no transitions and says it is closed,verified,"Asserts the closed marker is visible and both transitions are absent on a case seeded into the final status, which is both THENs.",yes,yes,resolves to a scenario,await expect(page.getByTestId(`case-transition-${T.close}`)).toHaveCount(0)
openspec/specs/status-transition-engine/spec.md,a-handler-advances-a-case,tests/e2e/case-lifecycle-on-the-page.spec.ts,a handler advances the case and the strip re-reads it,verified,"Reads the stored status back, requires transition-history 200 containing the target status, and asserts the strip re-lists the new status; the actor clause is never matched.",no,yes,resolves to a scenario,expect(moved.status).toBe(statusProgress)
openspec/specs/status-transition-engine/spec.md,required-document-guard-evaluation,tests/e2e/case-lifecycle-on-the-page.spec.ts,a failed guard disables the button and names what is missing,verified,"Asserts the guarded button is disabled, the reason names the missing document type, and the stored status has not moved, so a fail-open guard reddens on all three.",yes,yes,resolves to a scenario,await expect(button).toBeDisabled()
openspec/specs/status-transition-engine/spec.md,a-final-transition-records-a-result,tests/e2e/case-lifecycle-on-the-page.spec.ts,closing the case records the result that was picked,verified,Picks Verleend in the dialog and reads back both the final status and the linked result object's type from the register.,no,yes,resolves to a scenario,expect(String(result.resultType ?? result.type ?? '')).toBe(resultGranted)
openspec/specs/status-transition-engine/spec.md,no-result-no-close,tests/e2e/case-lifecycle-on-the-page.spec.ts,the confirm button stays disabled until a result is picked,verified,"Asserts confirm is disabled with no result picked and that the stored status is still statusProgress, which is the refusal the scenario names.",yes,yes,resolves to a scenario,await expect(page.getByTestId('case-transition-confirm')).toBeDisabled()
openspec/specs/status-transition-engine/spec.md,suspend-then-resume,tests/e2e/case-lifecycle-on-the-page.spec.ts,suspend puts the marker and Resume in front of the handler,verified,Drives suspend then resume and asserts the marker appears with a Resume action and is cleared afterwards; the recompute-the-deadline clause is never read back.,no,yes,resolves to a scenario,"await expect(page.getByTestId('case-suspended-marker')).toHaveCount(0, { timeout: 25_000 })"
openspec/specs/status-transition-engine/spec.md,extend-the-term,tests/e2e/case-lifecycle-on-the-page.spec.ts,extending the term moves the end date by the case type period,verified,Polls the stored plannedEndDate for exactly a 14-day shift and asserts extensionCount incremented by one: both THENs on stored data.,no,yes,resolves to a scenario,await expect.poll(async () => { ... }).toBe(14)
openspec/specs/status-transition-engine/spec.md,reopen-a-closed-case,tests/e2e/case-lifecycle-on-the-page.spec.ts,reopening a closed case returns it to the first status,verified,"Asserts Reopen is offered on the closed case, the status returns to the initial status and isFinalStatus flips to false; the reopen SCOPE is never exercised (runs as admin).",yes,yes,resolves to a scenario,expect(reopened.isFinalStatus).toBe(false)
openspec/specs/case-dashboard-view/spec.md,the-current-step-is-marked,tests/e2e/case-lifecycle-on-the-page.spec.ts,the stepper marks the step the case is in,verified,"Asserts three stages with completed/current/upcoming in that order plus exactly one aria-current=step, which is the scenario line by line.",no,yes,resolves to a scenario,await expect(stages.nth(1)).toHaveClass(/cn-timeline-stages__stage--current/)
openspec/specs/case-dashboard-view/spec.md,the-stepper-follows-a-transition,tests/e2e/case-lifecycle-on-the-page.spec.ts,the stepper follows a transition without a reload,verified,Takes the close transition and asserts the stepper marks the final stage current and the previous completed with no page.goto in between.,no,yes,resolves to a scenario,"await expect(stages.nth(2)).toHaveClass(/cn-timeline-stages__stage--current/, { timeout: 25_000 })"
openspec/specs/my-work/spec.md,,tests/e2e/case-list-lenses.spec.ts,"All is the lens you land on, and Mine is one click away",verified,Asserts All is the active landing chip and that Mine drops the other user's case; my-work 'All is the lens you land on' scenario verbatim.,no,no,no anchor: cites a whole spec file,"await expect(chip(page, CHIPS.all)).toHaveAttribute('aria-selected', 'true')"
openspec/specs/my-work/spec.md,,tests/e2e/case-list-lenses.spec.ts,"Unclaimed shows what nobody has picked up, and the Queue agrees",verified,Asserts the Unclaimed chip drops the assigned case on Cases and that the Queue page answers the same set; my-work 'Unclaimed shows what nobody has picked up'.,no,no,no anchor: cites a whole spec file,"await expect(row(page, 'mine-open')).toHaveCount(0)"
openspec/specs/my-work/spec.md,,tests/e2e/case-list-lenses.spec.ts,All shows the other person's case and the closed one,verified,Asserts All lists the other person's open case and the closed one; my-work 'All shows every open and closed case'.,no,no,no anchor: cites a whole spec file,"await expect(row(page, 'mine-closed').first()).toBeVisible({ timeout: 30_000 })"
openspec/specs/my-work/spec.md,,tests/e2e/case-list-lenses.spec.ts,choosing a chip replaces the previous one rather than stacking,verified,"Asserts exactly one chip is active after a second click and that the previous chip's rows are gone, so filters replaced rather than stacked.",no,no,no anchor: cites a whole spec file,"await expect(page.getByRole('tab').and(page.locator('[aria-selected=""true""]'))).toHaveCount(1)"
openspec/specs/case-management/spec.md,,tests/e2e/case-list-lenses.spec.ts,a closed case leaves Mine,verified,"Asserts the closed case is absent under Mine, which is REQ-CM-31's 'a closed case leaves Mine' scenario.",no,no,no anchor: cites a whole spec file,"await expect(row(page, 'mine-closed')).toHaveCount(0)"
openspec/specs/case-management/spec.md,,tests/e2e/case-list-lenses.spec.ts,Closed shows the closed case and not the open one,verified,Asserts Closed lists the final-status case and drops the open one; REQ-CM-31's second scenario.,no,no,no anchor: cites a whole spec file,"await expect(row(page, 'mine-open')).toHaveCount(0)"
openspec/specs/signalering-widgets/spec.md,,tests/e2e/case-list-lenses.spec.ts,the Deadline cell counts the days left,verified,Reads the deadline-countdown cell text and asserts the day count and the absence of the overdue class; signalering 'Days left on each row'.,no,no,no anchor: cites a whole spec file,"await expect(cell).toHaveText(/3 (days left|dagen)/, { timeout: 20_000 })"
openspec/specs/signalering-widgets/spec.md,,tests/e2e/case-list-lenses.spec.ts,"a past deadline reads as overdue, and carries the overdue class",verified,Asserts both clauses of 'Past due reads red': the 2 days overdue text and the styling class that colours the cell.,no,no,no anchor: cites a whole spec file,await expect(cell).toHaveClass(/is-overdue/)
openspec/specs/signalering-widgets/spec.md,,tests/e2e/case-list-lenses.spec.ts,Overdue shows the open overdue case only,verified,Asserts the Overdue chip drops the closed overdue case and the not-yet-due case; signalering 'Overdue shows only open cases past their deadline'.,no,no,no anchor: cites a whole spec file,"await expect(row(page, 'closed-overdue')).toHaveCount(0)"
openspec/specs/case-management/spec.md,,tests/e2e/case-list-lenses.spec.ts,Due this week shows the case due in three days and neither neighbour,verified,Asserts both edges of the half-open window by excluding the 30-day case and the overdue case; REQ-CASE-LTA-001's scenario verbatim.,no,no,no anchor: cites a whole spec file,"await expect(row(page, 'mine-far')).toHaveCount(0)"
openspec/specs/signalering-widgets/spec.md,,tests/e2e/case-list-lenses.spec.ts,the Overdue stat tile links to exactly the Overdue chip filter,verified,"Follows the kpi-overdue tile and asserts the landed URL carries deadline[lt]=@today and isFinalStatus=false, then that the list narrows accordingly.",no,no,no anchor: cites a whole spec file,expect(query.get('deadline[lt]')).toMatch(dateTokenPattern('@today'))
openspec/specs/task-management/spec.md,,tests/e2e/case-list-lenses.spec.ts,the Tasks index lands on All and offers Mine,verified,Asserts All is the default chip on Tasks and that Mine both shows the assigned task and drops the other user's; REQ-TASK-016 scenario.,no,no,no anchor: cites a whole spec file,"await expect(chip(page, CHIPS.all)).toHaveAttribute('aria-selected', 'true')"
openspec/specs/task-management/spec.md,,tests/e2e/case-list-lenses.spec.ts,Unclaimed on Tasks shows the open task nobody holds,verified,"Asserts Unclaimed drops the completed, the mine and the other-held task while settling on the pooled one; REQ-TASK-016's Unclaimed scenario.",no,no,no anchor: cites a whole spec file,"await expect(row(page, 'task-other')).toHaveCount(0)"
openspec/specs/task-management/spec.md,,tests/e2e/case-list-lenses.spec.ts,All on Tasks shows the completed task too,verified,"Asserts the All lens still lists a terminal task, which is REQ-TASK-016's 'All shows every task'.",no,no,no anchor: cites a whole spec file,"await expect(row(page, 'task-done').first()).toBeVisible({ timeout: 30_000 })"
openspec/specs/task-management/spec.md,,tests/e2e/case-list-lenses.spec.ts,Closed on Tasks shows the completed task and not the open one,verified,Asserts Closed settles on the completed task and drops the open one; REQ-TASK-017's 'Closed shows the completed task'.,no,no,no anchor: cites a whole spec file,"await expect(row(page, 'task-mine')).toHaveCount(0)"
openspec/specs/task-management/spec.md,,tests/e2e/case-list-lenses.spec.ts,Overdue on Tasks leaves out the task due later today,verified,"Asserts the Overdue lens excludes the task due later today, the exact instant-versus-date boundary REQ-TASK-017 names.",no,no,no anchor: cites a whole spec file,"await expect(row(page, 'task-due-today')).toHaveCount(0)"
openspec/specs/task-management/spec.md,,tests/e2e/case-list-lenses.spec.ts,Due this week on Tasks holds both edges of the window,verified,Asserts both edges of the Due this week lens on the page; skips only when the engine is probed as not answering dueAfter/dueBefore at all.,no,no,no anchor: cites a whole spec file,"await expect(row(page, 'task-overdue')).toHaveCount(0)"
openspec/specs/task-management/spec.md,,tests/e2e/case-list-lenses.spec.ts,the task row shows the priority REQ-TASK-004 has always asked for,verified,"REQ-TASK-018's scenario is exactly 'the table SHALL carry a Priority column header', which is the single assertion made.",no,no,no anchor: cites a whole spec file,"await expect(page.getByRole('columnheader', { name: /^(Priority|Prioriteit)$/ })).toBeVisible({ timeout: 30_000 })"
openspec/specs/task-management/spec.md,,tests/e2e/case-list-lenses.spec.ts,"the task due windows narrow the collection, edges included",verified,Asserts all four window edges against the engine endpoint; proves the window semantics but not the manifest chip that sends them.,no,no,no anchor: cites a whole spec file,"expect(inWindow, 'a task due in thirty days is not').not.toContain(tasks['task-next-month'])"
openspec/specs/task-management/spec.md,,tests/e2e/case-list-lenses.spec.ts,"overdue is the instant comparison, so a task due later today is not late",verified,"Asserts the overdue projection is an instant comparison, the substantive rule behind REQ-TASK-017's boundary scenario.",no,no,no anchor: cites a whole spec file,"expect(late, 'a task due later today is not overdue').not.toContain(tasks['task-due-today'])"
openspec/specs/case-bulk-status-transition/spec.md,,tests/e2e/case-list-lenses.spec.ts,"Transition moves the selection, with a reason",verified,Asserts the dialog reports 2 of 2 and then re-reads both cases from the API to confirm the engine actually moved them.,yes,no,no anchor: cites a whole spec file,"expect(saved.status, `${key} moved`).not.toBe(statusReceived)"
openspec/specs/case-bulk-status-transition/spec.md,,tests/e2e/case-list-lenses.spec.ts,"no reason, no execute",verified,"Asserts Execute is disabled with the preview loaded and an empty reason, and becomes enabled once a reason is typed; the 'no reason, no execute' scenario.",yes,no,no anchor: cites a whole spec file,"await expect(dialog.locator('[data-testid=""bulk-execute""]')).toBeDisabled()"
openspec/specs/case-bulk-status-transition/spec.md,,tests/e2e/case-list-lenses.spec.ts,"Suspend then Resume, each with its reason",verified,"Polls the case journal for the suspend reason and then the resume reason, not just the dialog counter; the suspend-and-resume scenario.",yes,no,no anchor: cites a whole spec file,expect.poll(...).toContain('Awaiting documents')
openspec/specs/case-bulk-status-transition/spec.md,,tests/e2e/case-list-lenses.spec.ts,"Extend term writes the new end date, and leaves the Deadline column alone",verified,"Asserts plannedEndDate moved to the new date AND that the readOnly deadline did not, which is the requirement's explicit invariant.",yes,no,no anchor: cites a whole spec file,expect(String(after.deadline ?? '')).toBe(String(before.deadline ?? ''))
openspec/specs/case-bulk-status-transition/spec.md,,tests/e2e/case-list-lenses.spec.ts,the Cases list offers all five bulk actions on a selection,verified,"Asserts all five declared bulkActions render on a selection, which is what the requirement enumerates; says nothing about what they do.",no,no,no anchor: cites a whole spec file,"await expect(strip.locator(`[data-testid=""cn-bulk-action-${id}""]`), `the strip offers ${id}`).toBeVisible()"
openspec/specs/case-management/spec.md,,tests/e2e/case-list-lenses.spec.ts,"the deadline query narrows the list, which is what the sidebar filter would drive",partial,REQ-CM-32 requires a sidebar Deadline before control; the test only calls the object API with deadline[lt] and never opens the sidebar it specifies.,no,no,no anchor: cites a whole spec file,"expect(titles.some((t) => t.includes(`${RUN_PREFIX} mine-far`)), 'the case due in 30 days is not').toBe(false)"
openspec/specs/case-management/spec.md,the-tab-lists-the-cases-objects,tests/e2e/case-objects.spec.ts,the tab lists this case objects and not another case one,verified,"Asserts exactly two rows with their type, identification and description and that the other case's object is filtered out; the link column is only implied.",yes,yes,resolves to a scenario,await expect(widget.getByText(OTHER_ID)).toHaveCount(0)
openspec/specs/case-management/spec.md,the-tab-lists-the-cases-objects,tests/e2e/case-objects.spec.ts,the tab lists this case objects and not another case one,verified,"Duplicate of #89 (same scenario cited twice on one test): two rows with their fields, other case's object excluded.",yes,yes,resolves to a scenario,await expect(widget.getByText(OTHER_ID)).toHaveCount(0)
openspec/specs/case-management/spec.md,an-empty-case-shows-the-tab,tests/e2e/case-objects.spec.ts,"a case without objects shows the tab, its empty state and the way out",verified,"Asserts the empty-state text, the tab's presence, the Link object way out AND that the caseObject query actually answered under 400.",no,yes,resolves to a scenario,"expect(statuses.every((s) => s < 400), `caseObject queries: ${statuses.join(',')}`).toBe(true)"
openspec/specs/case-management/spec.md,an-empty-case-shows-the-tab,tests/e2e/case-objects.spec.ts,"a case without objects shows the tab, its empty state and the way out",verified,Duplicate of #91 on the same test: empty-state text plus a non-error caseObject request.,no,yes,resolves to a scenario,"expect(statuses.every((s) => s < 400), `caseObject queries: ${statuses.join(',')}`).toBe(true)"
openspec/specs/case-management/spec.md,a-linked-object-shows-up-in-the-tab,tests/e2e/case-objects.spec.ts,the Link object form asks for the object fields and never for the case,partial,The scenario's THEN is the saved row and the stored `case` key; this test only inspects the form's field set and never saves anything.,no,yes,resolves to a scenario,"await expect(dialog.locator('[data-cn-field=""case""]')).toHaveCount(0)"
openspec/specs/case-management/spec.md,a-linked-object-shows-up-in-the-tab,tests/e2e/case-objects.spec.ts,the Link object form asks for the object fields and never for the case,partial,"Duplicate citation of the same scenario on the form-shape test: no save, no row, no stored `case` assertion.",no,yes,resolves to a scenario,"await expect(dialog.locator('[data-cn-field=""case""]')).toHaveCount(0)"
openspec/specs/case-management/spec.md,a-linked-object-shows-up-in-the-tab,tests/e2e/case-objects.spec.ts,an object linked from the case carries that case and shows up in the tab,verified,"Fills and saves the Link object form, re-reads the created caseObject and asserts its `case`, `objectType` and `description`, then the row in the tab.",yes,yes,resolves to a scenario,expect(String(stored.case)).toBe(formCaseId)
openspec/specs/case-management/spec.md,a-linked-object-shows-up-in-the-tab,tests/e2e/case-objects.spec.ts,an object linked from the case carries that case and shows up in the tab,verified,Duplicate of #95 on the same test: the stored `case` key and the resulting tab row are both asserted.,yes,yes,resolves to a scenario,expect(String(stored.case)).toBe(formCaseId)
openspec/specs/case-management/spec.md,a-link-without-an-object-type-is-refused,tests/e2e/case-objects.spec.ts,a link without an object type cannot be saved and the field is marked,verified,"Asserts the confirm is disabled, the required marker is on objectType, filling it releases the button, and no row was written.",yes,yes,resolves to a scenario,"expect(rows.filter((r) => String(r.objectIdentification ?? '') === refusedId), 'no case object should have been saved without an object type').toHaveLength(0)"
openspec/specs/case-management/spec.md,a-link-without-an-object-type-is-refused,tests/e2e/case-objects.spec.ts,a link without an object type cannot be saved and the field is marked,verified,"Duplicate of #97 on the same test: disabled save, required marker, no persisted row.",yes,yes,resolves to a scenario,"expect(rows.filter((r) => String(r.objectIdentification ?? '') === refusedId), 'no case object should have been saved without an object type').toHaveLength(0)"
openspec/specs/case-management/spec.md,one-building-two-cases,tests/e2e/case-objects.spec.ts,the index finds one building on two cases and leaves the vehicle out,verified,Asserts exactly two rows told apart by their per-case descriptions and that neither the vehicle nor the other object appears.,no,yes,resolves to a scenario,"await expect(rows).toHaveCount(2, { timeout: 30_000 })"
openspec/specs/case-management/spec.md,one-building-two-cases,tests/e2e/case-objects.spec.ts,the index finds one building on two cases and leaves the vehicle out,verified,"Duplicate of #99 on the same test: two rows, one per case, vehicle excluded.",no,yes,resolves to a scenario,"await expect(rows).toHaveCount(2, { timeout: 30_000 })"
openspec/specs/case-management/spec.md,a-row-opens-its-case,tests/e2e/case-objects.spec.ts,"View case on a row opens that row case, not the row",verified,"Asserts the row action lands on the CASE's id, not the case object's, and that the detail page carries the case title.",no,yes,resolves to a scenario,"await expect(page).toHaveURL(new RegExp(`/cases/${objectsCaseId}(?:[?#]|$)`), { timeout: 30_000 })"
openspec/specs/case-management/spec.md,a-row-opens-its-case,tests/e2e/case-objects.spec.ts,"View case on a row opens that row case, not the row",verified,Duplicate of #101 on the same test: the URL carries the parent case id and the detail page renders its title.,no,yes,resolves to a scenario,"await expect(page).toHaveURL(new RegExp(`/cases/${objectsCaseId}(?:[?#]|$)`), { timeout: 30_000 })"
openspec/specs/case-management/spec.md,the-sidebar-groups-by-object-type,tests/e2e/case-objects.spec.ts,the sidebar groups by object type and All objects brings every row back,verified,"Picks the building folder, asserts the list narrows to one row with the building id and no vehicle, then that All objects restores both rows.",no,yes,resolves to a scenario,"await expect(rows).toHaveCount(1, { timeout: 20_000 })"
openspec/specs/case-management/spec.md,the-sidebar-groups-by-object-type,tests/e2e/case-objects.spec.ts,the sidebar groups by object type and All objects brings every row back,verified,Duplicate of #103 on the same test: folder narrowing to one row and the All control restoring two.,no,yes,resolves to a scenario,"await expect(rows).toHaveCount(1, { timeout: 20_000 })"
openspec/specs/roles-decisions/spec.md,parties-visible-on-the-case,tests/e2e/case-parties.spec.ts,"the tab lists this case parties with their delegation, and not another case one",verified,"Asserts two rows, the participant, the delegate and the delegation end year on the right row, and the other case's party filtered out; the role-type cell is not asserted.",no,yes,resolves to a scenario,await expect(handler).toContainText(DELEGATE_PARTICIPANT)
openspec/specs/roles-decisions/spec.md,parties-visible-on-the-case,tests/e2e/case-parties.spec.ts,"the tab lists this case parties with their delegation, and not another case one",verified,"Duplicate short-form citation of the same scenario on the same test; same evidence, three of the four named columns asserted.",no,yes,resolves to a scenario,"await expect(rows).toHaveCount(2, { timeout: 20_000 })"
openspec/specs/roles-decisions/spec.md,parties-visible-on-the-case,tests/e2e/case-parties.spec.ts,the Parties tab sits in the strip and the retired Contacts tab does not,partial,"Asserts only that the People tab is in the strip and the retired Contacts tab is not; never opens the tab, never reads a party row, role type, delegate or end date.",no,yes,resolves to a scenario,"await expect(strip.getByRole('tab', { name: 'People', exact: true })).toBeVisible({ timeout: 15_000 })"
openspec/specs/roles-decisions/spec.md,parties-visible-on-the-case,tests/e2e/case-parties.spec.ts,the Parties tab sits in the strip and the retired Contacts tab does not,partial,Duplicate short-form citation on the same strip-membership test; the scenario's list-shows-both-rows half is untouched.,no,yes,resolves to a scenario,"await expect(strip.getByRole('tab', { name: /^(Contacts|Contacten|Connected contacts)$/ })).toHaveCount(0)"
openspec/specs/roles-decisions/spec.md,a-case-without-parties-says-so,tests/e2e/case-parties.spec.ts,a case without parties shows the empty state and the Add party action,verified,"Asserts the empty-state text, that every role query returned under 400 so an empty state on a 404 cannot pass, and that Add party is reachable.",no,yes,resolves to a scenario,await expect(page.getByTestId('cn-action-add-party')).toBeVisible({ timeout: 15_000 })
openspec/specs/roles-decisions/spec.md,a-case-without-parties-says-so,tests/e2e/case-parties.spec.ts,a case without parties shows the empty state and the Add party action,verified,Duplicate short-form citation on the same test; same empty-state plus Add party evidence.,no,yes,resolves to a scenario,"await expect(widget).toContainText(/No parties on this case yet|Nog geen betrokkenen bij deze zaak/, { timeout: 20_000 })"
openspec/specs/roles-decisions/spec.md,add-a-party-with-the-case-prefilled,tests/e2e/case-parties.spec.ts,the Add party form asks for the party fields and never for the case,partial,"Asserts which fields the Add party form offers and that it never asks for the case; nothing is saved, so neither THEN (new row, saved case reference) is reached.",no,yes,resolves to a scenario,"await expect(dialog.locator('[data-cn-field=""case""]')).toHaveCount(0)"
openspec/specs/roles-decisions/spec.md,add-a-party-with-the-case-prefilled,tests/e2e/case-parties.spec.ts,the Add party form asks for the party fields and never for the case,partial,Duplicate short-form citation on the same form-shape test; the scenario's two THENs both concern the SAVED row and are never exercised.,no,yes,resolves to a scenario,"await expect(dialog.locator(`[data-cn-field=""${key}""]`)).toHaveCount(1)"
openspec/specs/roles-decisions/spec.md,add-a-party-with-the-case-prefilled,tests/e2e/case-parties.spec.ts,a party added from the case carries that case and shows up in the tab,verified,"Saves through the dialog, reads the stored role back for case, participant and roleType, and asserts the new row appears in the Parties tab: both THENs.",no,yes,resolves to a scenario,expect(String(stored.case)).toBe(formCaseId)
openspec/specs/roles-decisions/spec.md,add-a-party-with-the-case-prefilled,tests/e2e/case-parties.spec.ts,a party added from the case carries that case and shows up in the tab,verified,Duplicate short-form citation on the same save test; same stored-object evidence.,no,yes,resolves to a scenario,"await expect(widget.locator('tbody tr').filter({ hasText: TYPED_PARTICIPANT })).toHaveCount(1, { timeout: 20_000 })"
openspec/specs/role-routing-via-or-rbac/spec.md,assign-a-case-to-a-team,tests/e2e/case-parties.spec.ts,the case page offers a Team field beside the assignee,partial,"Only asserts the word Team appears in the case Data panel; the scenario's THENs are the index Team column and the facet count, neither of which this test visits.",no,yes,resolves to a scenario,"await expect(core).toContainText('Team', { timeout: 15_000 })"
openspec/specs/role-routing-via-or-rbac/spec.md,assign-a-case-to-a-team,tests/e2e/case-parties.spec.ts,the case page offers a Team field beside the assignee,partial,Duplicate short-form citation on the same field-presence test; a substring match on a panel is not the index column the scenario names.,no,yes,resolves to a scenario,"await expect(core).toContainText('Team', { timeout: 15_000 })"
openspec/specs/role-routing-via-or-rbac/spec.md,assign-a-case-to-a-team,tests/e2e/case-parties.spec.ts,a case with a team shows it in the Team column and keeps its assignee,verified,"Writes assignedGroup, asserts the assignee survives, then that the index row shows the team NAME not a uuid with a Team columnheader; the facet-count half is the sibling's.",no,yes,resolves to a scenario,"await expect(row).toContainText(teamName, { timeout: 20_000 })"
openspec/specs/role-routing-via-or-rbac/spec.md,assign-a-case-to-a-team,tests/e2e/case-parties.spec.ts,a case with a team shows it in the Team column and keeps its assignee,verified,Duplicate short-form citation on the same index-column test; same evidence.,no,yes,resolves to a scenario,"await expect(page.getByRole('columnheader', { name: 'Team' })).toBeVisible()"
openspec/specs/role-routing-via-or-rbac/spec.md,assign-a-case-to-a-team,tests/e2e/case-parties.spec.ts,the Cases sidebar offers a Team facet,partial,"Asserts only that a Team filter label is attached in a collapsed sidebar; the requirement is the facet listing Team Permits with count one, and no option or count is read.",no,yes,resolves to a scenario,await expect(page.locator('.cn-index-sidebar__filter-label').filter({ hasText: /^Team$/ }).first()).toBeAttached({ timeout: 20_000 })
openspec/specs/role-routing-via-or-rbac/spec.md,assign-a-case-to-a-team,tests/e2e/case-parties.spec.ts,the Cases sidebar offers a Team facet,partial,Duplicate short-form citation on the same facet-label test; an attached label survives a facet that lists nothing.,no,yes,resolves to a scenario,await expect(page.locator('.cn-index-sidebar__filter-label').filter({ hasText: /^Team$/ }).first()).toBeAttached({ timeout: 20_000 })
openspec/specs/role-routing-via-or-rbac/spec.md,mine-shows-only-my-cases,tests/e2e/case-parties.spec.ts,the Mine chip narrows the list to my own cases,verified,"Seeds one case for the user and one for a colleague, asserts both listed on All, then after the Mine chip the colleague's is gone and the user's remains.",no,yes,resolves to a scenario,"await expect(colleague).toHaveCount(0, { timeout: 30_000 })"
openspec/specs/role-routing-via-or-rbac/spec.md,mine-shows-only-my-cases,tests/e2e/case-parties.spec.ts,the Mine chip narrows the list to my own cases,verified,Duplicate short-form citation on the same Mine-chip test; same before-and-after row counts.,no,yes,resolves to a scenario,await expect(mine).toHaveCount(1)
openspec/specs/initiator-selection/spec.md,,tests/e2e/case-requester.spec.ts,"the New case form asks for a requester, and the field is enabled",verified,"Asserts the requester field renders once, is enabled, carries no 'provides Requester' notice and Create works with it empty; the three picker types are unasserted.",no,no,no anchor: cites a whole spec file,await expect(create).toBeEnabled()
openspec/specs/initiator-selection/spec.md,,tests/e2e/case-requester.spec.ts,"the edit form carries the requester field, enabled",verified,"Matches the edit-form scenario exactly: the field is present, enabled and carries no integration tooltip.",no,no,no anchor: cites a whole spec file,"await expect(requester.locator('input, [role=""combobox""]').first()).toBeEnabled({ timeout: 15_000 })"
openspec/specs/initiator-selection/spec.md,,tests/e2e/case-requester.spec.ts,a case saved with only the reference gains its projection,verified,Asserts the projection is filled and persisted from a bare uuid and that the canonical requester reference is untouched.,no,no,no anchor: cites a whole spec file,expect(after.initiatorSourceId).toBe(PLAIN.bsn)
openspec/specs/initiator-selection/spec.md,,tests/e2e/case-requester.spec.ts,a company requester persists as the uuid and the projection,verified,"Asserts the kvkCompany uuid plus all three projection fields, which is the company-selection requirement verbatim.",no,no,no anchor: cites a whole spec file,expect(saved.initiatorSourceId).toBe(COMPANY.kvk)
openspec/specs/initiator-display/spec.md,,tests/e2e/case-requester.spec.ts,"the case page names the person, the number and the address",verified,"Asserts name, type, BSN, the address resolved off the source row and the link target, all four THEN clauses of the card requirement.",no,no,no anchor: cites a whole spec file,"await expect(card.locator('[data-testid=""initiator-address""]'), 'the address is resolved from the brpPerson row').toContainText('Mandelaplein')"
openspec/specs/initiator-display/spec.md,,tests/e2e/case-requester.spec.ts,a company card links to the KvK record,verified,"Asserts the company name, the type Company, the KvK number and that the number links to the organisation record.",no,no,no anchor: cites a whole spec file,"await expect(card.locator('[data-testid=""initiator-source-link""]')).toHaveAttribute('href', new RegExp(`/organisations/${companyId}$`))"
openspec/specs/initiator-display/spec.md,,tests/e2e/case-requester.spec.ts,a case without a requester shows no card,verified,"Asserts no initiator card plus a distinct empty line, with the tab strip proving the page had actually rendered.",no,no,no anchor: cites a whole spec file,"await expect(page.locator('[data-testid=""initiator-section""]')).toHaveCount(0)"
openspec/specs/initiator-display/spec.md,,tests/e2e/case-requester.spec.ts,the requester is a column on the case list,verified,"Asserts the Requester column header and the persona's name in that specific case's row, found by filtering on title.",no,no,no anchor: cites a whole spec file,"await expect(row.first()).toContainText(PLAIN.name, { timeout: 30_000 })"
openspec/specs/initiator-display/spec.md,,tests/e2e/case-requester.spec.ts,the list filters on the requester name,verified,Asserts the filter narrows server-side: the matching case is returned and the other requester's case is not.,no,no,no anchor: cites a whole spec file,"expect(titles.some((t) => t.includes(`${RUN_PREFIX} Bedrijfsaanvrager`)), 'and not the case with a different requester').toBe(false)"
openspec/specs/initiator-display/spec.md,,tests/e2e/case-requester.spec.ts,"a protected BSN is masked, and a reveal is one logged read",verified,"Asserts the masked form, that nothing is read before the click, the full BSN after, and exactly one read carrying _reason=bsn-reveal.",yes,no,no anchor: cites a whole spec file,"expect(reads.length, `reads carrying the reason: ${reads.join(' | ')}`).toBe(1)"
openspec/specs/initiator-display/spec.md,,tests/e2e/case-requester.spec.ts,an unprotected person is not masked,verified,"Asserts the full BSN with no Protected marker and no Reveal button, with the address proving the source row resolved.",no,no,no anchor: cites a whole spec file,"await expect(card.locator('[data-testid=""initiator-protected""]')).toHaveCount(0)"
openspec/specs/task-management/spec.md,the-open-task-shows-its-buttons-on-the-case,tests/e2e/case-task-pane.spec.ts,"the open task shows its lifecycle buttons on the case, with the next one listed under it",verified,Asserts the earliest task is in the pane with Complete and Cancel and the second is listed under it; only two of the three named buttons are checked.,no,yes,resolves to a scenario,"await expect(panel.locator('[data-testid=""case-task-pane-title""]')).toHaveText(readFirstTitle, { timeout: 20_000 })"
openspec/specs/task-management/spec.md,the-open-task-shows-its-buttons-on-the-case,tests/e2e/case-task-pane.spec.ts,"the open task shows its lifecycle buttons on the case, with the next one listed under it",verified,"Duplicate alias of the same scenario; same assertions, so same verdict: first task with its buttons, second under the pane.",no,yes,resolves to a scenario,"await expect(panel.locator('[data-testid=""case-task-pane-title""]')).toHaveText(readFirstTitle, { timeout: 20_000 })"
openspec/specs/task-management/spec.md,completing-the-task-confirms-and-shows-the-next-one,tests/e2e/case-task-pane.spec.ts,"completing the task confirms it by name, stays on the case and shows the next task",verified,"Toast names the completed task, the route is unchanged, the second task takes over with its verbs, and the engine row reads completed/terminal.",no,yes,resolves to a scenario,expect(String(completed?.state)).toBe('completed')
openspec/specs/task-management/spec.md,completing-the-task-confirms-and-shows-the-next-one,tests/e2e/case-task-pane.spec.ts,"completing the task confirms it by name, stays on the case and shows the next task",verified,"Duplicate alias of the same scenario, judged on the same assertions: toast, unchanged route, successor task and the persisted state.",no,yes,resolves to a scenario,expect(String(completed?.state)).toBe('completed')
openspec/specs/task-management/spec.md,the-last-task-leaves-an-empty-pane,tests/e2e/case-task-pane.spec.ts,"the last task leaves the empty text, and View all shows it completed",verified,Asserts the empty-pane text after the last completion and that View all leads to the task listed as completed.,no,yes,resolves to a scenario,await expect(row).toContainText(/completed|afgerond|voltooid/i)
openspec/specs/task-management/spec.md,the-last-task-leaves-an-empty-pane,tests/e2e/case-task-pane.spec.ts,"the last task leaves the empty text, and View all shows it completed",verified,Duplicate alias of the same scenario; the empty pane text and the completed row under View all are both asserted.,no,yes,resolves to a scenario,await expect(row).toContainText(/completed|afgerond|voltooid/i)
openspec/specs/task-management/spec.md,the-task-names-its-case-and-leads-back-to-it,tests/e2e/case-task-pane.spec.ts,TaskDetailView names its case and following the link opens the case,verified,Asserts the case title as link text and that clicking it lands on that case page showing the same title.,no,yes,resolves to a scenario,await expect(link).toHaveText(linkCaseTitle)
openspec/specs/task-management/spec.md,the-task-names-its-case-and-leads-back-to-it,tests/e2e/case-task-pane.spec.ts,TaskDetailView names its case and following the link opens the case,verified,Duplicate alias of the same scenario; the link text and the navigation are both asserted.,no,yes,resolves to a scenario,await expect(link).toHaveText(linkCaseTitle)
openspec/specs/task-management/spec.md,the-task-names-its-case-and-leads-back-to-it,tests/e2e/case-task-pane.spec.ts,"TaskDetailView carries the case identity, and does not repeat it as a raw row",partial,"Right page, but it asserts the case card's identifier, handler, type and deadline; the cited scenario's title link and navigation are never touched.",no,yes,resolves to a scenario,"await expect(card.locator('[data-testid=""task-case-card-handler""]')).toHaveText(LINK_CASE_HANDLER)"
openspec/specs/task-management/spec.md,the-task-names-its-case-and-leads-back-to-it,tests/e2e/case-task-pane.spec.ts,"TaskDetailView carries the case identity, and does not repeat it as a raw row",partial,"Duplicate alias; the same card-content assertions would all survive a broken case-title link, which is what the scenario requires.",no,yes,resolves to a scenario,"await expect(card.locator('[data-testid=""task-case-card-handler""]')).toHaveText(LINK_CASE_HANDLER)"
openspec/specs/task-management/spec.md,the-task-names-its-case-and-leads-back-to-it,tests/e2e/case-task-pane.spec.ts,TaskDetailView carries the task own notes and appointments,partial,Drives the task page but asserts only the Notes and Appointments section headings; the case title link the cited scenario names is never asserted.,no,yes,resolves to a scenario,"await expect(page.getByRole('heading', { name: 'Notes', exact: true })).toBeVisible({ timeout: 20_000 })"
openspec/specs/task-management/spec.md,the-task-names-its-case-and-leads-back-to-it,tests/e2e/case-task-pane.spec.ts,TaskDetailView carries the task own notes and appointments,partial,Duplicate alias; removing the case link entirely would leave both heading assertions green.,no,yes,resolves to a scenario,"await expect(page.getByRole('heading', { name: 'Appointments', exact: true })).toBeVisible({ timeout: 20_000 })"
openspec/specs/case-dashboard-view/spec.md,one-history-tab-in-the-sidebar,tests/e2e/case-timeline.spec.ts,the sidebar offers History and no version history,verified,Asserts both halves: the audit tab button is visible and the version-history tab button does not exist.,no,yes,resolves to a scenario,await expect(sidebar.locator('#tab-button-version-history')).toHaveCount(0)
openspec/specs/case-dashboard-view/spec.md,the-newest-write-reads-first-with-its-actor,tests/e2e/case-timeline.spec.ts,"the newest write reads first, with its actor",verified,Asserts the update row sits above the create row in the audit trail and that the update row names admin; a bottom-up trail (the openregister #3540 defect) reddens it.,yes,yes,resolves to a scenario,"expect(updateAt, `the create sits above the update, so the trail is bottom-up: ${seen}`).toBeLessThan(createAt)"
openspec/specs/case-dashboard-view/spec.md,the-action-filter-narrows-to-updates,tests/e2e/case-timeline.spec.ts,the Action filter narrows the list and never sits on Loading,verified,"Requires the settled list non-empty AND all update rows, narrower than before, spinner hidden, so neither the widget's own reset nor a no-op filter passes.",no,yes,resolves to a scenario,"await expect.poll(async () => { const rendered = await rows.allInnerTexts(); return (rendered.length > 0 && rendered.every((t) => /update/i.test(t))) }, ...).toBe(true)"
openspec/specs/case-types/spec.md,a-coloured-status-shows-on-the-board,tests/e2e/case-type-authoring-extras.spec.ts,a coloured status draws its board column in that colour,verified,"Reads the board column's colour token for the named status, which is exactly the scenario's THEN.",no,yes,resolves to a scenario,"await expect(column.locator('[data-testid=""board-column-colour""]')).toHaveAttribute('data-colour', 'orange')"
openspec/specs/case-types/spec.md,a-hidden-status-keeps-its-cases-out-of-the-list,tests/e2e/case-type-authoring-extras.spec.ts,"a hidden status keeps its cases off the list, and Closed brings them back",verified,"All three hidden-status cases absent while an open case of the same type is listed, then the Closed chip brings one back.",no,yes,resolves to a scenario,"await expect(page.getByText(`${RUN_PREFIX} Afgehandelde zaak ${n}`, { exact: true })).toHaveCount(0)"
openspec/specs/case-types/spec.md,,tests/e2e/case-type-authoring-extras.spec.ts,the case page draws the current status in its status’s colour,verified,"Whole-file citation, but REQ-CT-19 states the status badge on the case renders in the status colour and that is what is asserted.",no,no,no anchor: cites a whole spec file,"await expect(page.getByTestId('case-current-status')).toHaveAttribute('data-colour', 'orange', { timeout: 30_000 })"
openspec/specs/case-types/spec.md,a-child-shows-its-parents-statuses,tests/e2e/case-type-authoring-extras.spec.ts,"a child that declares nothing shows its parent’s four statuses, marked Inherited",verified,"Asserts exactly four status rows, four Inherited badges and the named parent, so a dropped inherited status reddens.",no,yes,resolves to a scenario,"await expect(statuses.locator('.case-type-blueprint__badge[data-origin=""inherited""]')).toHaveCount(4)"
openspec/specs/case-types/spec.md,,tests/e2e/case-type-authoring-extras.spec.ts,a child’s own deadline beats its parent’s,partial,"Reads the seeded deadlines back off the blueprint API; the scenario's THEN, that a filed case gets a 6-week deadline, is never exercised.",no,no,no anchor: cites a whole spec file,expect(blueprint.caseType.processingDeadline).toBe('P6W')
openspec/specs/case-types/spec.md,,tests/e2e/case-type-authoring-extras.spec.ts,"a parent that descends from the type is refused, and the message names the cycle",partial,The cycle is saved successfully here and only blueprint termination is asserted; the spec's refusal on save with a message naming the cycle is never exercised.,yes,no,no anchor: cites a whole spec file,expect(new Set(ids).size).toBe(ids.length)
openspec/specs/property-definition-management/spec.md,,tests/e2e/case-type-authoring-extras.spec.ts,picking a folder narrows the Case types index to that category,verified,"After picking the folder the two in-category types are visible and the out-of-category one is gone, which is the narrowing the spec requires.",no,no,no anchor: cites a whole spec file,"await expect(page.getByText(`${RUN_PREFIX} Onaf concept`, { exact: true })).toHaveCount(0)"
openspec/specs/property-definition-management/spec.md,,tests/e2e/case-type-authoring-extras.spec.ts,"an attribute saved without a case type is listed on every type, marked Shared",verified,Asserts the shared attribute row with its Shared badge on two different case types.,no,no,no anchor: cites a whole spec file,"await expect(row.locator('.case-type-blueprint__badge[data-origin=""shared""]')).toBeVisible()"
openspec/specs/avg-verwerkingenlogging/spec.md,,tests/e2e/case-type-authoring-extras.spec.ts,the personal data block reads back the categories and the basis,verified,"Asserts the saved category, legal basis and activity code are read back; scoped to the whole detail page rather than the Personal data block.",no,no,no anchor: cites a whole spec file,await expect(detail).toContainText('behandelen-bezwaarschrift')
openspec/specs/workflow-import-export/spec.md,,tests/e2e/case-type-authoring-extras.spec.ts,Export starts a download whose name carries the type’s identifier,partial,"The scenario requires the download name to carry the type's identifier; the test checks only the .zip extension, despite its own title claiming otherwise.",no,no,no anchor: cites a whole spec file,expect(file.suggestedFilename()).toMatch(/\.zip$/)
openspec/specs/workflow-import-export/spec.md,,tests/e2e/case-type-authoring-extras.spec.ts,"Duplicate lands you on the copy, with the same statuses",verified,Lands on a different case type page carrying the source's two statuses; the '(kopie)' title the scenario names is not asserted.,no,no,no anchor: cites a whole spec file,await expect(page.getByTestId('case-type-statuses').locator('.case-type-blueprint__row')).toHaveCount(2)
openspec/specs/zaaktype-versioning/spec.md,,tests/e2e/case-type-authoring-extras.spec.ts,a draft with findings lists them and stays a draft,verified,"Findings listed, no change-note field, no Publish confirm, and the stored type still a draft, so a publish that ignored findings reddens.",yes,no,no anchor: cites a whole spec file,expect(stored.isDraft).toBe(true)
openspec/specs/zaaktype-versioning/spec.md,,tests/e2e/case-type-authoring-extras.spec.ts,"a valid draft is published with its change note, and the version says so",verified,"Draft flag cleared, workflow template published with the change note as description, and the note rendered on the Versions list.",no,no,no anchor: cites a whole spec file,expect(String(template.lifecycleStatus)).toBe('published')
openspec/specs/case-types/spec.md,the-create-form-asks-the-twelve-authoring-fields-and-not-the-rest,tests/e2e/case-type-create-form.spec.ts,asks the twelve authoring fields and not the other twenty-nine,verified,"Loops all twelve authoring fields asserting presence and thirteen excluded properties asserting absence, exactly the scenario's two clauses.",no,yes,resolves to a scenario,"await expect(dialog.locator(`[data-cn-field=""${key}""]`), `${key} is not a create-time field`).toHaveCount(0)"
openspec/specs/case-types/spec.md,the-starting-status-is-not-asked-for-at-create-time,tests/e2e/case-type-create-form.spec.ts,asks the twelve authoring fields and not the other twenty-nine,verified,"NOT_ASKED includes 'initialStatus', so the loop asserts the starting status field is absent from the create form.",no,yes,resolves to a scenario,"await expect(dialog.locator(`[data-cn-field=""${key}""]`), `${key} is not a create-time field`).toHaveCount(0)"
openspec/specs/case-types/spec.md,the-form-opens-on-the-title-rather-than-alphabetically,tests/e2e/case-type-create-form.spec.ts,opens on the title rather than alphabetically,verified,"Reads the rendered data-cn-field order and asserts it equals the declared authoring order, plus title first and category later than first.",no,yes,resolves to a scenario,expect(keys).toEqual(AUTHORING_FIELDS)
openspec/specs/case-types/spec.md,the-fields-are-laid-out-in-two-columns,tests/e2e/case-type-create-form.spec.ts,lays the fields out in two columns,verified,"Measures the rendered left edges of the single-line fields and asserts exactly two distinct columns, which is the scenario's measured clause.",no,yes,resolves to a scenario,expect(new Set(lefts).size).toBe(2)
openspec/specs/case-types/spec.md,the-fields-are-laid-out-in-two-columns,tests/e2e/case-type-create-form.spec.ts,gives the three prose fields the full width,verified,"Measures each prose field's rendered width against the title's and asserts the full-width span, the scenario's second clause.",no,yes,resolves to a scenario,"expect(width, `${key} should span both columns`).toBeGreaterThan(widths.title * 1.5)"
openspec/specs/case-types/spec.md,the-fields-are-laid-out-in-two-columns,tests/e2e/case-type-create-form.spec.ts,renders the prose fields as multi-line inputs,partial,"The cited scenario is about two columns and full-width prose; this test asserts textarea-ness only, which survives a total collapse of the column layout.",no,yes,resolves to a scenario,"await expect(dialog.locator(`[data-cn-field=""${key}""] textarea`), `${key} is a paragraph, not a single line`).toHaveCount(1)"
openspec/changes/archive/2026-06-13-case-types-04-property-doc-decision-tabs/tasks.md,TASK-CT-13,tests/e2e/case-type-edit-and-setup.spec.ts,every entry in the row menu has a visible label,dangling,Packet reports the TASK-CT-13 anchor is not found in the archived tasks.md; the citation also points at a change task list rather than a spec.,no,no,anchor not found in target file,expect(labels.filter((l) => l === '')).toEqual([])
openspec/changes/archive/2026-06-13-case-types-04-property-doc-decision-tabs/tasks.md,TASK-CT-13,tests/e2e/case-type-edit-and-setup.spec.ts,the menu offers View and Edit exactly once each,dangling,"Same unresolved TASK-CT-13 anchor in the archived change's tasks.md, so the citation proves nothing regardless of the assertion.",no,no,anchor not found in target file,expect(text.match(/\bView\b/g) || []).toHaveLength(1)
openspec/changes/archive/2026-06-13-case-types-04-property-doc-decision-tabs/tasks.md,TASK-CT-13,tests/e2e/case-type-edit-and-setup.spec.ts,Edit navigates to the case type detail route,dangling,"Unresolved TASK-CT-13 anchor; the assertion is also a bare URL check, so even a resolving target would carry little.",no,no,anchor not found in target file,"await expect(page).toHaveURL(/\/settings\/case-types\/[^/]+$/, { timeout: 20000 })"
openspec/changes/archive/2026-06-13-case-types-04-property-doc-decision-tabs/tasks.md,TASK-CT-13,tests/e2e/case-type-edit-and-setup.spec.ts,Edit does not open a dialog over the index,dangling,Unresolved TASK-CT-13 anchor in the archived tasks.md target.,no,no,anchor not found in target file,await expect(page.getByRole('dialog').filter({ hasText: 'Edit Case Type' })).toHaveCount(0)
openspec/changes/archive/2026-06-13-case-types-04-property-doc-decision-tabs/tasks.md,TASK-CT-13,tests/e2e/case-type-edit-and-setup.spec.ts,the detail page offers an Edit button,dangling,Unresolved TASK-CT-13 anchor in the archived tasks.md target.,no,no,anchor not found in target file,"await expect(page.locator('[data-testid=""cn-detail-page-edit""]')).toBeVisible({ timeout: 20000 })"
openspec/changes/archive/2026-06-13-case-types-04-property-doc-decision-tabs/tasks.md,TASK-CT-13,tests/e2e/case-type-edit-and-setup.spec.ts,the Edit button opens the record form,dangling,Unresolved TASK-CT-13 anchor in the archived tasks.md target.,no,no,anchor not found in target file,await expect(page.getByRole('dialog')).toBeVisible({ timeout: 20000 })
openspec/specs/first-time-setup/spec.md,,tests/e2e/case-type-edit-and-setup.spec.ts,"the server reports every actionable step, and reports the optional ones as outstanding",partial,"Asserts the status payload names three steps with boolean done, but never version, never completed, and never that register-check.done reflects the register config.",no,no,no anchor: cites a whole spec file,expect(body.steps).toHaveProperty('register-check')
openspec/specs/first-time-setup/spec.md,,tests/e2e/case-type-edit-and-setup.spec.ts,a completed wizard does not keep the optional secret step outstanding,partial,"The else branch passes on any instance whose register is unconfigured, and dwangsom-secret is not a step the cited spec declares at all.",no,no,no anchor: cites a whole spec file,"expect(second.steps['dwangsom-secret'].done, 'once the required steps are complete the optional secret step is settled').toBe(true)"
openspec/specs/first-time-setup/spec.md,,tests/e2e/case-type-edit-and-setup.spec.ts,a completed wizard stays closed on a fresh browser profile,partial,"Skips unless the wizard is already completed, then asserts a step the cited spec never declares; the spec's gating requirement is untouched.",no,no,no anchor: cites a whole spec file,"expect(status.steps['dwangsom-secret'].done, 'a completed wizard has settled the optional secret step').toBe(true)"
openspec/specs/first-time-setup/spec.md,,tests/e2e/case-type-edit-and-setup.spec.ts,the wizard opens exactly when an optional step is outstanding,verified,"Asserts the optional step is offered when outstanding and absent when not, and that the shell stays reachable, matching 'Optional seed does not gate'.",no,no,no anchor: cites a whole spec file,"await expect(wizard, `outstanding optional steps: ${outstanding.join(', ')}`).toBeVisible({ timeout: 30000 })"
openspec/specs/first-time-setup/spec.md,,tests/e2e/case-type-edit-and-setup.spec.ts,the wizard offers no step the seed action cannot fulfil,partial,"Asserts the seed step is ABSENT, while REQ-SETUP-PRO-001 of the cited spec mandates it; honouring the cited requirement would turn this test red.",yes,no,no anchor: cites a whole spec file,"expect(Object.keys(before?.steps ?? {}), 'a step the wizard cannot render is one it can never prompt for').not.toContain('seed')"
openspec/specs/first-time-setup/spec.md,,tests/e2e/case-type-edit-and-setup.spec.ts,the tour a user actually gets includes the Case types and Flows stops,partial,Greps the built JS for walkthrough step ids; the cited first-time-setup spec declares setup-wizard steps only and requires no walkthrough tour.,no,no,no anchor: cites a whole spec file,"expect(bundle, `walkthrough step ""${id}"" missing from the built bundle`).toContain(id)"
openspec/specs/first-time-setup/spec.md,,tests/e2e/case-type-edit-and-setup.spec.ts,"the tour opens for a user who has not seen it, and offers all seven steps",partial,"Asserts the walkthrough dialog's step count; the cited spec covers the setup wizard and its status endpoint, not the tour.",no,no,no anchor: cites a whole spec file,await expect(tour).toContainText('/ 7')
openspec/specs/first-time-setup/spec.md,,tests/e2e/case-type-edit-and-setup.spec.ts,neither new stop forces the user to create anything,partial,A substring check over the bundle for tour advance behaviour that the cited setup spec never states.,no,no,no anchor: cites a whole spec file,"expect(window, `${id} must not require creating one`).not.toContain('object-created')"
openspec/specs/first-time-setup/spec.md,,tests/e2e/case-type-edit-and-setup.spec.ts,both new stops can actually anchor to their nav item,partial,Asserts nav anchors exist for the two tour stops; nothing in the cited first-time-setup spec requires those anchors or those stops.,no,no,no anchor: cites a whole spec file,"await expect(page.locator(`[data-cn-route=""${route}""]`), `no [data-cn-route=""${route}""] anchor: ...`).toHaveCount(1)"
openspec/changes/archive/2026-06-13-case-types-04-property-doc-decision-tabs/tasks.md,TASK-CT-13,tests/e2e/case-types-tabs.spec.ts,admin settings surface renders the Case Type Management heading,dangling,Citation points at an archived change's tasks.md anchor TASK-CT-13 that is not present in the target file (anchor not found).,no,no,anchor not found in target file,"await expect(page.getByRole('heading', { name: 'Case Type Management' })).toBeVisible({ timeout: 15000 })"
openspec/changes/archive/2026-06-13-case-types-04-property-doc-decision-tabs/tasks.md,TASK-CT-13,tests/e2e/case-types-tabs.spec.ts,admin settings surface has an add-control for case types,dangling,Same archived tasks.md anchor TASK-CT-13 does not resolve in the target file; verdict is dangling regardless of the assertion.,no,no,anchor not found in target file,await expect(addBtn).toBeVisible({ timeout: 15000 })
openspec/changes/archive/2026-06-13-case-types-02-backend-validation/tasks.md,TASK-CT-08-SMOKE,tests/e2e/case-types-tabs.spec.ts,publish validation endpoint exists at the case-types route,dangling,Anchor TASK-CT-08-SMOKE not found in the archived tasks.md; the assertion is also only a not-500 reachability probe.,no,no,anchor not found in target file,expect(res.status()).toBeLessThan(500)
openspec/specs/status-transition-engine/spec.md,the-tasks-arrive-with-the-status,tests/e2e/checklist-per-status.spec.ts,"the tasks arrive with the status, and show in the Tasks pane",verified,"Asserts the case had no tasks before, that both checklist titles arrive on the transition, that each is state 'available', and that the pane shows them.",no,yes,resolves to a scenario,"expect(after.map((row) => String(row.title)).sort()).toEqual([ITEM.dossier, ITEM.inform].sort())"
openspec/specs/status-transition-engine/spec.md,an-admins-free-form-move-brings-them-too,tests/e2e/checklist-per-status.spec.ts,an admin's free-form move brings them too,verified,"Posts the free-form transition, asserts the case moved and that both checklist tasks were created by that path too.",no,yes,resolves to a scenario,"expect(tasks.map((row) => String(row.title)).sort()).toEqual([ITEM.dossier, ITEM.inform].sort())"
openspec/specs/status-transition-engine/spec.md,back-to-intake-and-forward-again,tests/e2e/checklist-per-status.spec.ts,back to intake and forward again keeps one set of tasks,verified,Re-enters the status and asserts the task count stays at two and the already-completed item is still 'completed'; the de-duplication invariant.,yes,yes,resolves to a scenario,"expect(after, 'a second entry must not double the work').toHaveLength(2)"
openspec/specs/status-transition-engine/spec.md,the-button-says-which-item-is-open,tests/e2e/checklist-per-status.spec.ts,the button says which item is still open,verified,"Asserts the transition is offered but guardsPassed false with failedGuards naming statusChecklist, the button disabled, and the reason naming the open item.",yes,yes,resolves to a scenario,"await expect(reason).toContainText(ITEM.onTime, { timeout: 20_000 })"
openspec/specs/status-transition-engine/spec.md,completing-the-task-frees-the-case,tests/e2e/checklist-per-status.spec.ts,completing the task frees the case,verified,"Asserts guardsPassed flips false to true on completing the task, the button becomes enabled and the move then succeeds with the new status stored.",yes,yes,resolves to a scenario,expect(after.body.transitions.find((row: any) => row.id === T.guardStart).guardsPassed).toBe(true)
openspec/specs/status-transition-engine/spec.md,an-optional-item-does-not-hold-the-case,tests/e2e/checklist-per-status.spec.ts,an optional item does not hold the case,verified,"Asserts an open OPTIONAL item leaves guardsPassed true, the button enabled and no blocking reason rendered.",yes,yes,resolves to a scenario,await expect(page.getByTestId(`case-transition-reason-${T.arrivalStart}`)).toHaveCount(0)
openspec/specs/status-transition-engine/spec.md,the-guard-fails-server-side-too,tests/e2e/checklist-per-status.spec.ts,the guard refuses the move posted straight to the API,verified,Posts the transition straight to the API and asserts a 409 naming statusChecklist and that the case is still in Intake; note the spec scenario carries an @e2e exclude.,yes,yes,resolves to a scenario,"expect(refused.status, JSON.stringify(refused.body)).toBe(409)"
openspec/specs/dashboard/spec.md,scenario-fresh-session-lands-on-the-dashboard,tests/e2e/dashboard-tiles.spec.ts,every KPI tile shows a number on the first load of a session,verified,"Asserts the tile count and that every tile value contains a digit on a hard first load, which is what the scenario states.",no,no,resolves to a scenario,"await expect(tile.locator('.cn-kpi-card__value'), `the KPI tile ""${label}"" should show a number, not a placeholder`).toHaveText(/\d/, { timeout: 15_000 })"
openspec/specs/dashboard/spec.md,kpi-tiles-render-on-a-fresh-load,tests/e2e/dashboard-tiles.spec.ts,every KPI tile shows a number on the first load of a session,dangling,Packet reports anchor not found in target file: dashboard/spec.md has no kpi-tiles-render-on-a-fresh-load anchor.,no,no,anchor not found in target file,none
openspec/specs/dashboard/spec.md,scenario-your-tasks-appear-once-with-days-left,tests/e2e/dashboard-tiles.spec.ts,"My work lists each of your open tasks once, with days left",verified,"Each seeded task appears exactly once, the table holds exactly three rows, and the near-due row reads its distance.",no,no,resolves to a scenario,"await expect(rows(table), 'My work holds the three seeded tasks and nothing else').toHaveCount(3)"
openspec/specs/dashboard/spec.md,one-work-table-with-days-left-and-row-actions,tests/e2e/dashboard-tiles.spec.ts,"My work lists each of your open tasks once, with days left",dangling,Packet reports anchor not found: dashboard/spec.md has no one-work-table-with-days-left-and-row-actions anchor.,no,no,anchor not found in target file,none
openspec/specs/dashboard/spec.md,scenario-you-complete-a-task-from-the-row,tests/e2e/dashboard-tiles.spec.ts,"a My work row opens the task, which is where Pick up and Complete are",smoke,"The cited scenario is Complete from the row (itself @e2e excluded); the test only asserts the row click lands on a /tasks URL, nothing about completing.",no,no,resolves to a scenario,"await expect(page).toHaveURL(/\/tasks\/[^/]+$/, { timeout: 15_000 })"
openspec/specs/dashboard/spec.md,one-work-table-with-days-left-and-row-actions,tests/e2e/dashboard-tiles.spec.ts,"a My work row opens the task, which is where Pick up and Complete are",dangling,Packet reports anchor not found: dashboard/spec.md has no one-work-table-with-days-left-and-row-actions anchor.,no,no,anchor not found in target file,none
openspec/specs/signalering-widgets/spec.md,scenario-overdue-and-near-deadline-cases-share-one-table,tests/e2e/dashboard-tiles.spec.ts,"Deadlines holds the overdue and the nearly due, overdue first and in red",verified,"Overdue row present once, reads days overdue, carries the danger class, and every danger row precedes the safe rows.",no,no,resolves to a scenario,await expect(overdueRow).toHaveClass(/cn-row--danger/)
openspec/specs/signalering-widgets/spec.md,one-deadlines-table-replaces-the-overdue-and-deadline-alert-tiles,tests/e2e/dashboard-tiles.spec.ts,"Deadlines holds the overdue and the nearly due, overdue first and in red",dangling,Packet reports anchor not found: signalering-widgets/spec.md has no one-deadlines-table-replaces-... anchor.,no,no,anchor not found in target file,none
openspec/specs/signalering-widgets/spec.md,scenario-closed-cases-stay-out,tests/e2e/dashboard-tiles.spec.ts,"a closed case stays off Deadlines, however late it was",verified,"The closed past-deadline case is asserted absent from Deadlines, and the four retired tiles are asserted gone too.",no,no,resolves to a scenario,await expect(rows(table).filter({ hasText: CLOSED_CASE })).toHaveCount(0)
openspec/specs/signalering-widgets/spec.md,one-deadlines-table-replaces-the-overdue-and-deadline-alert-tiles,tests/e2e/dashboard-tiles.spec.ts,"a closed case stays off Deadlines, however late it was",dangling,Packet reports anchor not found: signalering-widgets/spec.md has no one-deadlines-table-replaces-... anchor.,no,no,anchor not found in target file,none
openspec/specs/dashboard/spec.md,scenario-view-all-from-the-deadlines-table,tests/e2e/dashboard-tiles.spec.ts,View all on Deadlines opens the Cases list already filtered,verified,"Clicks View all, pins both filter keys on the resulting URL, and proves the list itself excludes the closed and out-of-window cases.",no,no,resolves to a scenario,expect(query.get('deadline[lte]')).toMatch(dateTokenPattern('@today+3d'))
openspec/specs/dashboard/spec.md,view-all-keeps-the-tiles-filter,tests/e2e/dashboard-tiles.spec.ts,View all on Deadlines opens the Cases list already filtered,dangling,Packet reports anchor not found: dashboard/spec.md has no view-all-keeps-the-tiles-filter anchor.,no,no,anchor not found in target file,none
openspec/specs/signalering-widgets/spec.md,,tests/e2e/dashboard-tiles.spec.ts,View all on Deadlines opens the Cases list already filtered,verified,"Anchorless whole-file citation, but signalering-widgets does carry a View all link navigates to filtered case list scenario, which this asserts end to end.",no,no,no anchor: cites a whole spec file,expect(query.get('isFinalStatus')).toBe('false')
openspec/specs/dashboard/spec.md,scenario-dash-004c-overdue-panel-with-view-all-link,tests/e2e/dashboard-tiles.spec.ts,View all on Deadlines opens the Cases list already filtered,verified,Covers the View all link half of DASH-004c; the panel MUST show all overdue cases half is not only untested but contradicted by the ROW_LIMIT truncation assertion.,no,no,resolves to a scenario,expect(query.get('isFinalStatus')).toBe('false')
openspec/specs/dashboard/spec.md,scenario-draft-case-types-are-absent,tests/e2e/dashboard-tiles.spec.ts,New case offers the published case type and not the draft,verified,Draft type asserted absent and the published one present in the same narrowed picker.,yes,no,resolves to a scenario,"await expect(options.filter({ hasText: DRAFT_TYPE }), 'a draft case type must never reach the picker').toHaveCount(0)"
openspec/specs/dashboard/spec.md,the-case-type-list-on-new-case-is-sorted-and-filtered,tests/e2e/dashboard-tiles.spec.ts,New case offers the published case type and not the draft,dangling,Packet reports anchor not found: dashboard/spec.md has no the-case-type-list-on-new-case-is-sorted-and-filtered anchor.,no,no,anchor not found in target file,none
openspec/specs/dashboard/spec.md,kpi-tiles-render-on-a-fresh-load,tests/e2e/pages.spec.ts,"the KPI tiles render numbers on a fresh load, not the widget fallback",dangling,Packet reports anchor not found: dashboard/spec.md has no kpi-tiles-render-on-a-fresh-load anchor.,no,no,anchor not found in target file,none
openspec/specs/case-management/spec.md,cases-index-page-renders-list-shell,tests/e2e/pages.spec.ts,renders list view with correct controls,verified,"Asserts the Cards/Table toggle, the Add control and the Actions control, which is the scenario's full THEN list.",no,yes,resolves to a scenario,"await expect(page.getByRole('button', { name: /^Add (Item|Case|Task)$/ })).toBeVisible()"
openspec/specs/task-management/spec.md,view-the-global-task-list,tests/e2e/pages.spec.ts,"renders list view with search and filters, and offers no Add",partial,"Asserts view-switcher chrome, the absent Add and the search field; never asserts a single task row or any of the six per-row fields the scenario names.",no,yes,resolves to a scenario,"await expect(page.getByRole('button', { name: 'Table' })).toBeVisible({ timeout: 15000 })"
openspec/specs/task-management/spec.md,view-the-global-task-list,tests/e2e/pages.spec.ts,"the Subject column shows the case title, not its uuid",verified,"Reads the Subject cell of the seeded row and requires the parent case TITLE, the scenario's parent case reference clause.",no,yes,resolves to a scenario,"await expect(seededRow.locator(`td:nth-child(${index + 1})`)).toHaveText(taskCaseTitle, { timeout: 20_000 })"
openspec/specs/my-work/spec.md,scenario-card-and-table-view,tests/e2e/pages.spec.ts,renders as a card index scoped to the current user,partial,Asserts sort buttons and a Cards control; never asserts card view is the default nor any of the five table columns the scenario enumerates.,no,no,resolves to a scenario,"await expect(page.getByRole('button', { name: /Cards/ }).first()).toBeVisible()"
openspec/specs/doorlooptijd-dashboard/spec.md,doorlooptijd-page-renders-heading,tests/e2e/pages.spec.ts,renders processing time analytics,verified,Asserts the page heading and SLA adherence content; note the spec still says Processing Time Analytics while the test pins the renamed heading.,no,yes,resolves to a scenario,"await expect(page.getByRole('heading', { name: 'Processing time', level: 2 })).toBeVisible({ timeout: 15000 })"
openspec/specs/admin-settings/spec.md,in-app-settings-page-renders-configuration-sections,tests/e2e/pages.spec.ts,renders the configuration section and its save control,partial,"Asserts one Save button plus a not-Internal-Server-Error body; none of the three section headings the scenario requires is asserted, and the comment admits one no longer exists.",no,yes,resolves to a scenario,"await expect(page.getByRole('button', { name: 'Save', exact: true })).toBeVisible({ timeout: 15000 })"
openspec/specs/admin-settings/spec.md,admin-settings-page-is-accessible,tests/e2e/spec-coverage/admin-settings.spec.ts,admin settings page is accessible to admin users,verified,Asserts the admin page renders the Case Type Management section; the nav entry and the ZGW mapping section half are not covered.,no,yes,resolves to a scenario,"await expect(page.getByRole('heading', { name: 'Case Type Management' })).toBeVisible({ timeout: 15000 })"
openspec/specs/admin-settings/spec.md,regular-users-cannot-access-admin-settings,tests/e2e/spec-coverage/admin-settings.spec.ts,regular users cannot access admin settings,partial,"Probes ANONYMOUS (storageState undefined), not the regular non-admin user the scenario names; a non-admin granted access stays green, and 403 is never asserted.",yes,yes,resolves to a scenario,expect(res.status()).not.toBe(200)
openspec/specs/admin-settings/spec.md,empty-case-type-list,tests/e2e/spec-coverage/admin-settings.spec.ts,case type list renders its management surface and add control,partial,Covers the Add control clause but deliberately declines the empty-state message and guidance the scenario is actually about.,no,yes,resolves to a scenario,"await expect(page.getByRole('button', { name: /Add (Item|Case Type)/ }).first()).toBeVisible({ timeout: 10000 })"
openspec/specs/admin-settings/spec.md,add-a-new-case-type,tests/e2e/spec-coverage/admin-settings.spec.ts,clicking add case type opens creation form,smoke,"Unconditional test.fixme: the body never runs, so no breakage of the create form, the isDraft default or the required fields can redden it.",yes,no,resolves to a scenario,"test.fixme(true, 'FIXME(#719): the creation form never surfaces its Save control — this overruns even the tripled test.slow() budget of 180s.')"
openspec/changes/page-topology-cleanup/specs/avg-processing-surface/spec.md,scenario-procest-hosts-no-processing-activities-page,tests/e2e/spec-coverage/avg-verwerkingenlogging.spec.ts,procest no longer hosts a processing-activities page,verified,Asserts the retired page's heading is gone under the real app id; the nav entry and the integrations gating clauses are not asserted.,no,no,resolves to a scenario,"await expect(page.getByRole('heading', { name: 'Processing activities (AVG)' })).toHaveCount(0)"
openspec/changes/page-topology-cleanup/specs/avg-processing-surface/spec.md,scenario-the-capability-is-reachable-in-openregister,tests/e2e/spec-coverage/avg-verwerkingenlogging.spec.ts,the processing-activity catalogue is served by OpenRegister,partial,"Asserts one OpenRegister endpoint answers 200 with an array; the review status, unclassified counter and inzageverzoek export the scenario names go unchecked.",no,no,resolves to a scenario,expect(res.status()).toBe(200)
openspec/changes/page-topology-cleanup/specs/avg-processing-surface/spec.md,scenario-the-capability-is-reachable-in-openregister,tests/e2e/spec-coverage/avg-verwerkingenlogging.spec.ts,the per-subject access export is served by OpenRegister,partial,Proves the route exists and validates a missing subject; never proves an inzageverzoek export is actually produced.,no,no,resolves to a scenario,expect(res.status()).not.toBe(404)
openspec/specs/initiator-selection/spec.md,agent-picks-an-initiator-type,tests/e2e/spec-coverage/brp-kvk-initiator.spec.ts,start-case flow offers Person / Company / Contact and stays skippable,verified,Asserts all three initiator types are offered and that the step stays skippable with the confirm disabled.,no,yes,resolves to a scenario,"await expect(dialog.getByRole('button', { name: 'Skip' })).toBeEnabled()"
openspec/specs/initiator-selection/spec.md,person-search-hits-the-brp-register-set,tests/e2e/spec-coverage/brp-kvk-initiator.spec.ts,person search lists a seeded personen-mock persona with BSN,verified,"Searches the seeded persona and asserts the result row carries name, BSN and birthdate, the scenario's three fields.",no,yes,resolves to a scenario,await expect(result).toContainText(`BSN ${PERSON.bsn}`)
openspec/specs/initiator-selection/spec.md,company-search-hits-the-kvk-register-set,tests/e2e/spec-coverage/brp-kvk-initiator.spec.ts,company search by pinned KvK number lists the fixture company,verified,Searches by the pinned KvK number and asserts the row carries handelsnaam and kvkNummer.,no,yes,resolves to a scenario,await expect(result).toContainText(`KVK ${COMPANY.kvk}`)
openspec/specs/initiator-selection/spec.md,contacts-source-degrades-gracefully,tests/e2e/spec-coverage/brp-kvk-initiator.spec.ts,"contact tab shows an explicit empty state, never an error toast",verified,"Waits for the contactsmenu response before judging, then asserts the explicit empty state and zero error toasts by role and class.",no,yes,resolves to a scenario,await expect(dialog.getByText('No contacts found')).toBeVisible({ timeout: 15_000 })
openspec/specs/initiator-selection/spec.md,selection-persists-on-the-case,tests/e2e/spec-coverage/brp-kvk-initiator.spec.ts,picked persona persists as projection and shows on case detail with source link,verified,"Resolves the stored requester uuid back to the brpPerson row and asserts initiatorType, initiatorSourceId and initiatorDisplayName individually.",yes,yes,resolves to a scenario,expect(person.citizenServiceNumber).toBe(PERSON.bsn)
openspec/specs/initiator-display/spec.md,initiator-visible-on-the-case,tests/e2e/spec-coverage/brp-kvk-initiator.spec.ts,picked persona persists as projection and shows on case detail with source link,verified,"Asserts the card's name, type and the BSN link resolving to the source record; the address the scenario also names is not asserted.",no,yes,resolves to a scenario,"await expect(link).toHaveAttribute('href', new RegExp(`/contacts/${String(saved.requester)}$`))"
openspec/specs/initiator-display/spec.md,no-initiator-no-clutter,tests/e2e/spec-coverage/brp-kvk-initiator.spec.ts,a case created without initiator renders no initiator block,verified,"Waits for the tab strip so absence is a decision, then asserts no initiator card plus an empty stored projection.",no,yes,resolves to a scenario,await expect(page.getByTestId('initiator-section')).toHaveCount(0)
openspec/specs/case-email-integration/spec.md,no-per-user-smtp-send-configuration-is-exposed,tests/e2e/spec-coverage/case-email-integration.spec.ts,shared-mailbox settings render without per-user SMTP send fields,verified,"Asserts zero SMTP-send credential inputs on the rendered settings section, which is the requirement's THEN stated directly.",yes,yes,resolves to a scenario,"await expect(page.locator('input[id*=""smtp"" i], input[name*=""smtp"" i]')).toHaveCount(0)"
openspec/specs/case-email-integration/spec.md,composer-is-the-leaf-nc-mail-not-a-dossiq-component,tests/e2e/spec-coverage/case-email-integration.spec.ts,"settings expose a Test connection control, not an outbound composer",smoke,"test.fixme(true) so the body never runs, and it asserts admin-settings buttons rather than the case compose flow opening an NC Mail draft.",no,no,resolves to a scenario,await expect(testConn).toBeVisible({ timeout: 10000 })
openspec/specs/deelzaak-support/spec.md,case-list-shows-sub-case-count,tests/e2e/spec-coverage/deelzaak-support.spec.ts,"the case list renders and may show an ""N deelzaken"" badge in a single batch",smoke,"test.fixme(true, 'FIXME(#719): data-dependent...') unconditionally: the body never runs, so the 'N deelzaken' badge requirement can never redden it.",no,no,resolves to a scenario,none
openspec/specs/deelzaak-support/spec.md,case-without-sub-cases-has-no-badge,tests/e2e/spec-coverage/deelzaak-support.spec.ts,"the case list renders and may show an ""N deelzaken"" badge in a single batch",smoke,Same unconditionally fixme'd test; the no-badge branch is additionally written as an if/else that annotates instead of asserting.,no,no,resolves to a scenario,none
openspec/specs/deelzaak-support/spec.md,sub-case-counts-batch-loaded-per-page,tests/e2e/spec-coverage/deelzaak-support.spec.ts,"the case list renders and may show an ""N deelzaken"" badge in a single batch",smoke,"Same unconditionally fixme'd test; the batch-query assertion is further guarded by if (countCalls.length > 0), so zero calls would pass.",no,no,resolves to a scenario,none
openspec/specs/deelzaak-support/spec.md,delete-parent-case-with-sub-cases-shows-warning,tests/e2e/spec-coverage/deelzaak-support.spec.ts,the sub-cases page delete control warns about orphans for a parent with sub-cases,partial,"The orphan-warning assertion sits inside if ((await warning.count()) > 0) with an annotation in the else, so a missing warning passes; nothing checks parentCase is nulled.",yes,yes,resolves to a scenario,await expect(page.locator('body')).not.toContainText('Internal Server Error')
openspec/specs/deelzaak-support/spec.md,delete-case-without-sub-cases-proceeds-normally,tests/e2e/spec-coverage/deelzaak-support.spec.ts,the sub-cases page delete control warns about orphans for a parent with sub-cases,smoke,Dialogs are auto-dismissed and nothing asserts a standard confirmation without a sub-case warning; the only unconditional assertion is the no-500 check.,yes,yes,resolves to a scenario,await expect(page.locator('body')).not.toContainText('Internal Server Error')
openspec/specs/deelzaak-support/spec.md,parent-case-shows-sub-cases-list,tests/e2e/spec-coverage/deelzaak-support.spec.ts,the Sub-cases tab renders either a list or an empty state without error,partial,"An OR over table-or-empty-state means the empty branch satisfies it; never asserts three rows or the title, status, assignee and deadline columns the scenario names.",no,yes,resolves to a scenario,expect(hasTable || hasEmpty).toBeTruthy()
openspec/specs/deelzaak-support/spec.md,parent-case-with-no-sub-cases-shows-empty-state,tests/e2e/spec-coverage/deelzaak-support.spec.ts,the Sub-cases tab renders either a list or an empty state without error,partial,"The same OR lets the table branch pass, so the 'No sub-cases yet' text is never required, and the Create Sub-case button the scenario demands is not asserted here.",no,yes,resolves to a scenario,expect(hasTable || hasEmpty).toBeTruthy()
openspec/specs/deelzaak-support/spec.md,case-without-sub-case-type-support-hides-section,tests/e2e/spec-coverage/deelzaak-support.spec.ts,the Sub-cases tab renders either a list or an empty state without error,smoke,"The scenario requires the section MUST NOT render; the test asserts a section DID render, so it can never observe the requirement (the spec itself notes it is unimplemented).",no,yes,resolves to a scenario,expect(hasTable || hasEmpty).toBeTruthy()
openspec/specs/deelzaak-support/spec.md,create-sub-case-from-parent-case-detail,tests/e2e/spec-coverage/deelzaak-support.spec.ts,"the Create sub-case control opens a filtered dialog when allowed, and is hidden otherwise",partial,"Accepts 'No allowed sub-case types' as a pass, never reads the dropdown's options against the parent's subCaseTypes, and never submits to check parentCase.",yes,yes,resolves to a scenario,await expect(page.getByText(/Sub-case type|Parent case type|No allowed sub-case types/i).first()).toBeVisible({ timeout: 8000 })
openspec/specs/deelzaak-support/spec.md,sub-case-creation-blocked-when-parent-has-no-sub-case-types,tests/e2e/spec-coverage/deelzaak-support.spec.ts,"the Create sub-case control opens a filtered dialog when allowed, and is hidden otherwise",smoke,Button-absent is handled as a valid state with an annotation and an early return; a wrongly visible Create Sub-case button would make the test take the happy path and still pass.,yes,yes,resolves to a scenario,await expect(page.locator('body')).not.toContainText('Internal Server Error')
openspec/specs/deelzaak-support/spec.md,sub-case-creation-blocked-when-parent-case-is-closed,tests/e2e/spec-coverage/deelzaak-support.spec.ts,"the Create sub-case control opens a filtered dialog when allowed, and is hidden otherwise",smoke,"Nothing in the test opens a closed case or asserts the button's absence, so the 'blocked when parent is closed' guard cannot be observed.",yes,yes,resolves to a scenario,await expect(page.locator('body')).not.toContainText('Internal Server Error')
openspec/specs/deelzaak-support/spec.md,sub-case-of-sub-case-is-prohibited,tests/e2e/spec-coverage/deelzaak-support.spec.ts,"the Create sub-case control opens a filtered dialog when allowed, and is hidden otherwise",smoke,"Nothing establishes that the opened case is itself a sub-case nor asserts the button is hidden, so the sub-case-of-sub-case prohibition is untested.",yes,yes,resolves to a scenario,await expect(page.locator('body')).not.toContainText('Internal Server Error')
openspec/specs/deelzaak-support/spec.md,sub-case-shows-parent-breadcrumb,tests/e2e/spec-coverage/deelzaak-support.spec.ts,opening a sub-case shows the parent breadcrumb and the list shows a completion roll-up,partial,"The breadcrumb assertion is inside if ((await breadcrumb.count()) > 0) with an annotation otherwise, so a missing breadcrumb passes; the parent link target is never checked.",no,yes,resolves to a scenario,await expect(breadcrumb).toBeVisible({ timeout: 5000 })
openspec/specs/deelzaak-support/spec.md,top-level-case-has-no-breadcrumb,tests/e2e/spec-coverage/deelzaak-support.spec.ts,opening a sub-case shows the parent breadcrumb and the list shows a completion roll-up,smoke,"The test never opens a case with parentCase null and never asserts the absence of a breadcrumb, so the top-level case scenario is not exercised at all.",no,yes,resolves to a scenario,await expect(page.locator('body')).not.toContainText('Internal Server Error')
openspec/specs/deelzaak-support/spec.md,roll-up-shows-completion-progress,tests/e2e/spec-coverage/deelzaak-support.spec.ts,opening a sub-case shows the parent breadcrumb and the list shows a completion roll-up,partial,"The roll-up assertion is guarded by if ((await rollup.count()) > 0) and matches any digits, so neither the presence nor the 3/5 arithmetic the scenario names is enforced.",no,yes,resolves to a scenario,await expect(rollup).toBeVisible()
openspec/specs/deelzaak-support/spec.md,roll-up-with-no-completed-sub-cases,tests/e2e/spec-coverage/deelzaak-support.spec.ts,opening a sub-case shows the parent breadcrumb and the list shows a completion roll-up,partial,Same guarded any-digits regex: a header reading (5/2 completed) or no header at all would both leave this test green.,no,yes,resolves to a scenario,await expect(rollup).toBeVisible()
openspec/specs/document-zaakdossier/spec.md,req-zak-004a-dossier-groups-documents-by-type-with-count-badge,tests/e2e/spec-coverage/document-zaakdossier.spec.ts,cases index renders so a case dossier tab can be opened,smoke,"Body only navigates to /cases and checks for no 500; never opens a DossierTab, never reads the four type groups or the Dossier (8) count badge.",no,yes,resolves to a scenario,"await expect(page.locator('body')).not.toContainText('Internal Server Error', { timeout: 10000 })"
openspec/specs/document-zaakdossier/spec.md,req-zak-004b-empty-dossier-shows-upload-cta-with-drag-and-drop-zone,tests/e2e/spec-coverage/document-zaakdossier.spec.ts,cases index renders so a case dossier tab can be opened,smoke,"Same cases-index page load; no empty dossier, no upload CTA and no drop zone is ever looked at.",no,yes,resolves to a scenario,"await expect(page.locator('body')).not.toContainText('Internal Server Error', { timeout: 10000 })"
openspec/specs/document-zaakdossier/spec.md,req-zak-004c-sort-and-filter-controls-work-per-column,tests/e2e/spec-coverage/document-zaakdossier.spec.ts,dossier upload + sort flow is reachable from the dossier tab — blocked by #764 (no seeded case fixture),smoke,"Body is test.fixme(true) so it never executes, and its only assertion is a no-500 check on the cases index; no filter, sort or URL state is touched.",no,no,resolves to a scenario,expect(bodyText).not.toContain('Internal Server Error')
openspec/specs/document-zaakdossier/spec.md,req-zak-005a-drag-drop-triggers-metadata-dialog-before-upload,tests/e2e/spec-coverage/document-zaakdossier.spec.ts,dossier upload + sort flow is reachable from the dossier tab — blocked by #764 (no seeded case fixture),smoke,test.fixme(true) plus a no-500 check; the requirement that the metadata dialog must not close or upload until required fields are filled is never exercised.,yes,no,resolves to a scenario,expect(bodyText).not.toContain('Internal Server Error')
openspec/specs/document-zaakdossier/spec.md,req-zak-005b-per-file-upload-progress-with-shared-metadata,tests/e2e/spec-coverage/document-zaakdossier.spec.ts,dossier upload + sort flow is reachable from the dossier tab — blocked by #764 (no seeded case fixture),smoke,"test.fixme(true) plus a no-500 check; per-file progress, object creation and failure isolation are all unasserted.",no,no,resolves to a scenario,expect(bodyText).not.toContain('Internal Server Error')
openspec/specs/document-zaakdossier/spec.md,req-zak-005c-file-validation-blocks-executable-uploads,tests/e2e/spec-coverage/document-zaakdossier.spec.ts,dossier upload + sort flow is reachable from the dossier tab — blocked by #764 (no seeded case fixture),smoke,"test.fixme(true) plus a no-500 check, yet it is cited as coverage for blocking executable uploads by extension AND magic bytes before storage.",yes,no,resolves to a scenario,expect(bodyText).not.toContain('Internal Server Error')
openspec/specs/document-zaakdossier/spec.md,req-zak-006a-concept-document-version-history-shows-restore,tests/e2e/spec-coverage/document-zaakdossier.spec.ts,version history panel is reachable from a dossier row — blocked by #764 (no seeded versioned fixture),smoke,"test.fixme(true) plus a no-500 check on the cases index; no version panel, version rows, download links or active restore buttons.",no,no,resolves to a scenario,"await expect(page.locator('body')).not.toContainText('Internal Server Error', { timeout: 10000 })"
openspec/specs/document-zaakdossier/spec.md,req-zak-006b-restore-is-disabled-for-definitief-documents,tests/e2e/spec-coverage/document-zaakdossier.spec.ts,version history panel is reachable from a dossier row — blocked by #764 (no seeded versioned fixture),smoke,test.fixme(true) plus a no-500 check; the restore-disabled-on-definitief guard is untouched here (case-documents.spec.ts covers it partially).,yes,no,resolves to a scenario,"await expect(page.locator('body')).not.toContainText('Internal Server Error', { timeout: 10000 })"
openspec/specs/document-zaakdossier/spec.md,req-zak-008a-zip-export-includes-manifestcsv-and-type-sub-folders,tests/e2e/spec-coverage/document-zaakdossier.spec.ts,bulk actions bar appears when dossier documents are selected — blocked by #764 (no multi-document fixture),smoke,"test.fixme(true) plus a no-500 check; no selection, no ZIP request, no manifest.csv or per-type sub-folders.",no,no,resolves to a scenario,"await expect(page.locator('body')).not.toContainText('Internal Server Error', { timeout: 10000 })"
openspec/specs/document-zaakdossier/spec.md,req-zak-008c-bulk-status-transition-returns-per-document-result,tests/e2e/spec-coverage/document-zaakdossier.spec.ts,bulk actions bar appears when dossier documents are selected — blocked by #764 (no multi-document fixture),smoke,test.fixme(true) plus a no-500 check; the per-ID success/failure list from bulkTransitionStatus and its UI reporting are entirely unasserted.,yes,no,resolves to a scenario,"await expect(page.locator('body')).not.toContainText('Internal Server Error', { timeout: 10000 })"
openspec/specs/doorlooptijd-dashboard/spec.md,doorlooptijd-page-renders-heading,tests/e2e/spec-coverage/doorlooptijd-dashboard.spec.ts,renders the processing time page heading on navigation,verified,"The scenario's THEN is exactly a 'Processing Time Analytics' level-2 heading plus no Internal Server Error, and both are asserted unconditionally.",no,yes,resolves to a scenario,"await expect(page.getByRole('heading', { name: HEADING, level: 2 })).toBeVisible({ timeout: 15000 })"
openspec/specs/doorlooptijd-dashboard/spec.md,no-cases-exist,tests/e2e/spec-coverage/doorlooptijd-dashboard.spec.ts,shows empty state when no case data is available,verified,"Intercepts the case collection with an empty payload, asserts the empty-state text AND that the intercepted read actually happened, plus no error toasts.",no,yes,resolves to a scenario,"expect(emptyAnswers, `The empty state must come from the empty case list served for ${casePath}, not from a read that never happened.`).toBeGreaterThan(0)"
openspec/specs/gis-integration/spec.md,cases-on-map-view-renders-the-map-dashboard,tests/e2e/spec-coverage/gis-integration.spec.ts,cases-on-map view renders the map dashboard chrome without a 5xx,smoke,"Filter sidebar and map assertions sit inside if (headingCount > 0); unguarded the test only asserts status < 500 and no Internal Server Error, and never the count summary.",no,yes,resolves to a scenario,expect(status).toBeLessThan(500)
openspec/specs/handler-vervanging-waarneming/spec.md,handler-registers-their-own-substitution,tests/e2e/spec-coverage/handler-vervanging-waarneming.spec.ts,substitution renders under personal settings with a register action,partial,"Asserts the register button exists (and skips if the heading never appears); no substitution is created, so the object fields and the notification go unchecked.",no,yes,resolves to a scenario,"await expect(page.getByRole('button', { name: /Register substitution|Waarneming registreren/i }).first()).toBeVisible()"
openspec/specs/handler-vervanging-waarneming/spec.md,self-substitution-is-rejected,tests/e2e/spec-coverage/handler-vervanging-waarneming.spec.ts,opening the substitution form shows the substitute field,partial,"Opens the form and asserts its fields; a self-substitution is never submitted, so the validation rejection the scenario requires is never exercised.",yes,yes,resolves to a scenario,await expect(page.getByText(/Substitute \(user id\)/).first()).toBeVisible({ timeout: 8000 })
openspec/specs/handler-vervanging-waarneming/spec.md,waarnemer-sees-substituted-work-in-my-work,tests/e2e/spec-coverage/handler-vervanging-waarneming.spec.ts,My Work renders without error and supports the substituted filter when present,partial,"The substituted-work toggle is only touched inside if (await becomesVisible(toggle)), so on any instance without an active substitution this is a load check plus a no-500.",no,yes,resolves to a scenario,"await expect(page.getByRole('button', { name: 'Urgency' })).toBeVisible({ timeout: 15000 })"
openspec/specs/handler-vervanging-waarneming/spec.md,scope-limited-substitution-only-routes-matching-items,tests/e2e/spec-coverage/handler-vervanging-waarneming.spec.ts,My Work renders without error and supports the substituted filter when present,smoke,"My Work loads and does not 500; nothing about scope-limited routing, and the 'MUST NOT see other case types' half is never probed.",yes,yes,resolves to a scenario,await expect(page.locator('body')).not.toContainText('Internal Server Error')
openspec/specs/handler-vervanging-waarneming/spec.md,preview-before-execution,tests/e2e/spec-coverage/handler-vervanging-waarneming.spec.ts,coordinator admin exposes a bulk-reassign action with a mandatory preview,partial,"Asserts the Preview button exists; the preview is never run, so neither the listing of affected work nor 'no data is mutated' is checked.",yes,yes,resolves to a scenario,"await expect(page.getByRole('button', { name: /Preview affected work/ }).first()).toBeVisible({ timeout: 8000 })"
openspec/specs/handler-vervanging-waarneming/spec.md,bulk-reassignment-is-coordinator-only,tests/e2e/spec-coverage/handler-vervanging-waarneming.spec.ts,coordinator admin exposes a bulk-reassign action with a mandatory preview,partial,Runs as an authorised user and asserts the bulk-reassign button is present; the denial for a user without the coordinator role is never probed.,yes,yes,resolves to a scenario,await expect(reassign).toBeVisible()
openspec/specs/handler-vervanging-waarneming/spec.md,coordinator-registers-a-substitution-on-behalf-of-an-absent-handler,tests/e2e/spec-coverage/handler-vervanging-waarneming.spec.ts,coordinator admin exposes a bulk-reassign action with a mandatory preview,partial,"Asserts the bulk-reassign affordance on the admin view; no substitution is registered on behalf of anyone, so createdBy and the notifications go unchecked.",no,yes,resolves to a scenario,"await expect(page.getByRole('button', { name: /Bulk reassign/ }).first()).toBeVisible()"
openspec/specs/handler-vervanging-waarneming/spec.md,all-actions-under-a-substitution-are-queryable,tests/e2e/spec-coverage/handler-vervanging-waarneming.spec.ts,coordinator admin lists substitutions with an actions affordance,smoke,"Only a no-500 check on the coordinator admin page, behind a skip guard; the chronological capacity-stamped action list is never opened.",yes,yes,resolves to a scenario,await expect(page.locator('body')).not.toContainText('Internal Server Error')
openspec/specs/handler-vervanging-waarneming/spec.md,timeline-shows-the-substituted-capacity,tests/e2e/spec-coverage/handler-vervanging-waarneming.spec.ts,coordinator admin lists substitutions with an actions affordance,smoke,Asserts no 500 on the admin list; the case timeline entry 'namens Jan' and the actedOnBehalfOf audit metadata are never read.,yes,yes,resolves to a scenario,await expect(page.locator('body')).not.toContainText('Internal Server Error')
openspec/specs/avg-processing-surface/spec.md,scenario-procest-hosts-no-processing-activities-page,tests/e2e/spec-coverage/integrations-and-flows.spec.ts,no sidebar link points into another app,dangling,"openspec/specs/avg-processing-surface/spec.md does not exist, so the citation resolves to nothing.",no,no,target file does not exist,"expect(foreign, `Sidebar links into other apps must move to section: ""integrations"". Found: ${JSON.stringify(foreign)}`).toEqual([])"
openspec/specs/ai-oversight-surface/spec.md,scenario-procest-hosts-no-ai-oversight-pages,tests/e2e/spec-coverage/integrations-and-flows.spec.ts,no sidebar link points into another app,dangling,openspec/specs/ai-oversight-surface/spec.md does not exist; the citation resolves to nothing.,no,no,target file does not exist,"expect(foreign, ...).toEqual([])"
openspec/specs/avg-processing-surface/spec.md,scenario-procest-hosts-no-processing-activities-page,tests/e2e/spec-coverage/integrations-and-flows.spec.ts,the AVG and AI-oversight entries are gone from the navigation,dangling,openspec/specs/avg-processing-surface/spec.md does not exist; dangling regardless of the assertion quality.,no,no,target file does not exist,expect(labels).not.toContain('Processing activities (AVG)')
openspec/specs/admin-settings-surface/spec.md,scenario-no-duplicate-configuration-entries,tests/e2e/spec-coverage/integrations-and-flows.spec.ts,exactly one entry links to the administration surface,dangling,"openspec/specs/admin-settings-surface/spec.md does not exist, so the cited scenario cannot be resolved.",no,no,target file does not exist,expect(admin.length).toBeLessThanOrEqual(1)
openspec/specs/automatic-actions-surface/spec.md,scenario-flows-are-authored-in-the-app,tests/e2e/spec-coverage/integrations-and-flows.spec.ts,the settings menu has a Flows entry pointing at an in-app route,dangling,openspec/specs/automatic-actions-surface/spec.md does not exist; the citation is unresolved.,no,no,target file does not exist,expect(flows.length).toBe(1)
openspec/specs/automatic-actions-surface/spec.md,scenario-flows-are-authored-in-the-app,tests/e2e/spec-coverage/integrations-and-flows.spec.ts,/flows renders this app's own flow surface,dangling,openspec/specs/automatic-actions-surface/spec.md does not exist; the citation is unresolved.,no,no,target file does not exist,"await expect(page.getByRole('button', { name: 'New flow' })).toBeVisible({ timeout: 15000 })"
openspec/specs/automatic-actions-surface/spec.md,scenario-flows-are-authored-in-the-app,tests/e2e/spec-coverage/integrations-and-flows.spec.ts,/flows/new renders the flow canvas,dangling,openspec/specs/automatic-actions-surface/spec.md does not exist; the citation is unresolved.,no,no,target file does not exist,"await expect(page.getByRole('button', { name: 'Save' }).first()).toBeVisible({ timeout: 15000 })"
openspec/specs/case-types/spec.md,,tests/e2e/spec-coverage/integrations-and-flows.spec.ts,the settings menu has a Case types entry,verified,"No anchor, judged against case-types/spec.md whole: REQ-CT-23's scenario requires the navigation to carry a Case types entry, and the count is asserted as exactly 1.",no,no,no anchor: cites a whole spec file,"expect(entries.length, 'Case types must be reachable from the settings foldout').toBe(1)"
openspec/specs/case-types/spec.md,,tests/e2e/spec-coverage/integrations-and-flows.spec.ts,the case types index renders its own create control,partial,"No anchor; against the whole case-types spec this asserts only that some Add/New/Create button renders on the index, not any authoring requirement it states.",no,no,no anchor: cites a whole spec file,"await expect(page.getByRole('button', { name: /Add|New|Create/i }).first()).toBeVisible({ timeout: 20000 })"
openspec/specs/dashboard/spec.md,scenario-dash-v1-006f-keyboard-only-status-transition-new,tests/e2e/spec-coverage/kanban-board-keyboard-status-transition.spec.ts,"a case card exposes a keyboard-operable ""Move to…"" menu",partial,"Opens the Move to menu with Enter and asserts the target column is offered, then Escapes: no status write, no card move, and the card's Enter/Space open path is unchecked.",no,no,resolves to a scenario,"await expect(page.getByRole('menuitem', { name: new RegExp(`${RUN_PREFIX} In behandeling`) })).toBeVisible({ timeout: 5000 })"
openspec/specs/dashboard/spec.md,scenario-dash-v1-006g-drag-path-unchanged-new,tests/e2e/spec-coverage/kanban-board-keyboard-status-transition.spec.ts,case cards remain draggable for mouse/touch users,partial,A draggable attribute is not the drag behaviour the scenario says must not regress; a broken dragstart/drop handler or column target passes it untouched.,no,no,resolves to a scenario,"await expect(card).toHaveAttribute('draggable', 'true')"
openspec/specs/kcc-werkplek-zaaksysteem-bridge/spec.md,kcc-integration-settings-render-and-persist,tests/e2e/spec-coverage/kcc-werkplek-zaaksysteem-bridge.spec.ts,KCC integration settings render the identification + sentiment controls,partial,"Asserts two of the four controls are visible; the scenario's 'and save through /api/settings' half is never exercised, so a broken save stays green.",no,yes,resolves to a scenario,await expect(page.locator('#kcc_identification_score_threshold')).toBeVisible({ timeout: 10000 })
openspec/specs/kcc-werkplek-zaaksysteem-bridge/spec.md,kcc-integration-settings-render-and-persist,tests/e2e/spec-coverage/kcc-werkplek-zaaksysteem-bridge.spec.ts,KCC integration settings expose belplan overflow + voorblad-limit controls,partial,"Asserts the other two controls are visible; no value is changed or persisted, so the save half of the same scenario stays unproven.",no,yes,resolves to a scenario,await expect(page.locator('#kcc_max_zaken_voorblad')).toBeVisible({ timeout: 10000 })
openspec/specs/my-work/spec.md,scenario-card-and-table-view,tests/e2e/spec-coverage/my-work.spec.ts,shows the current user's assigned cases as a card list,partial,"Asserts the Cards toggle and two sort buttons are visible, never that card view is the default nor the five columns the table view must show.",no,no,resolves to a scenario,"await expect(page.getByRole('button', { name: /Cards/ }).first()).toBeVisible({ timeout: 10000 })"
openspec/specs/my-work/spec.md,scenario-card-and-table-view,tests/e2e/spec-coverage/my-work.spec.ts,view mode can be switched between cards and table,smoke,"Clicks the Table toggle and then checks only for 'Internal Server Error'; no column, row or view state is asserted.",no,no,resolves to a scenario,await expect(page.locator('body')).not.toContainText('Internal Server Error')
openspec/specs/pdok-consumer/spec.md,scenario-suggest-call-reaches-openconnector-instead-of-api-pdok-nl,tests/e2e/spec-coverage/pdok-via-openconnector.spec.ts,"suggest reaches the openconnector endpoint, never api.pdok.nl",dangling,Anchor scenario-suggest-call-reaches-openconnector-instead-of-api-pdok-nl is not found in openspec/specs/pdok-consumer/spec.md.,yes,no,anchor not found in target file,expect(seen.some((u) => u.includes('api.pdok.nl'))).toBe(false)
openspec/specs/pdok-consumer/spec.md,scenario-503-response-resolves-with-null-and-surfaces-message_key,tests/e2e/spec-coverage/pdok-via-openconnector.spec.ts,503 from openconnector degrades gracefully without throwing,partial,"The test route.fulfills the 503 body itself and then asserts that same body back from a raw fetch; it never calls the shim, so 'resolves with null' is untested.",no,no,resolves to a scenario,expect(outcome.messageKey).toBe('pdok.unavailable')
openspec/specs/pdok-consumer/spec.md,scenario-openconnector-absent-surfaces-warning-without-blocking-form,tests/e2e/spec-coverage/pdok-via-openconnector.spec.ts,404 (openconnector absent) does not block the page,smoke,Asserts the mocked 404 echoes its own status and marker header; the scenario's inline warning on the address field and form submittability are never touched.,no,no,resolves to a scenario,await expect(page).not.toHaveURL(/login/)
openspec/specs/pdok-consumer/spec.md,scenario-all-six-functions-are-exported-with-unchanged-signatures,tests/e2e/spec-coverage/pdok-via-openconnector.spec.ts,seeded OR addresses are retrievable without PDOK/openconnector being available,smoke,"Asserts two seeded OpenRegister address rows read back; nothing inspects the six shim exports or their signatures, and it skips outright when the register is absent.",no,no,resolves to a scenario,expect(seeded.length).toBe(2)
openspec/specs/add-work-queue/spec.md,the-queue-holds-unassigned-open-cases,tests/e2e/spec-coverage/queue.spec.ts,the queue page renders for a deep link,smoke,"Page-shell and heading only; asserts nothing about rows being unassigned, open, or fewer than on /cases.",no,yes,resolves to a scenario,"await expect(page.getByRole('heading', { name: /^(Queue|Werkvoorraad)$/i }).first(), 'the deep link must land on the QUEUE page, not the shell default').toBeVisible({ timeout: 30_000 })"
openspec/specs/add-work-queue/spec.md,the-queue-holds-unassigned-open-cases,tests/e2e/spec-coverage/queue.spec.ts,an assigned case is on the case index and NOT in the queue,verified,"Seeds an assigned case and asserts it is on /cases exactly once and on /queue zero times, which is the filter the requirement states.",no,yes,resolves to a scenario,"expect(await rowsMatching('/index.php/apps/dossiq/queue'), `the queue must NOT hold ""${title}""`).toBe(0)"
openspec/specs/add-work-queue/spec.md,an-empty-queue-says-so,tests/e2e/spec-coverage/queue.spec.ts,"an empty result renders the empty state, not a bare table",partial,"The locator accepts the empty marker OR a table row, so a queue that ignored the impossible caseType filter and rendered rows passes.",no,yes,resolves to a scenario,"await expect(page.locator('.cn-index-page__empty, table tbody tr').first(), 'an empty queue must say so').toBeVisible({ timeout: 30_000 })"
openspec/specs/add-work-queue/spec.md,the-queue-narrows-by-case-type,tests/e2e/spec-coverage/queue.spec.ts,the case-type sidebar narrows the queue,partial,"Guarded by if (await firstType.count() > 0) so it passes silently with no sidebar entries, and asserts only a non-widening count, never that the rows are of that case type.",no,yes,resolves to a scenario,"expect(after, 'narrowing to one case type cannot widen the result set').toBeLessThanOrEqual(before)"
openspec/specs/related-case-linking/spec.md,section-lists-relations-with-navigation,tests/e2e/spec-coverage/related-case-linking.spec.ts,the Related cases panel lists a relation,partial,"Proves the case-related section mounted and resolved past its spinner; never asserts a relation row, the target's title or status, and skips outright if no case or tab.",no,yes,resolves to a scenario,"await expect(panel).not.toContainText(/Loading/i, { timeout: 30000 })"
openspec/changes/page-topology-cleanup/proposal.md,,tests/e2e/spec-coverage/retired-surfaces.spec.ts,the retired route no longer renders an automatic-actions view,verified,"No anchor, judged against page-topology-cleanup as a whole: asserts the retired index's own create control is gone, which is what the change claims.",no,no,no anchor: cites a whole spec file,"await expect(page.getByRole('button', { name: 'Add Automatic Action' })).toHaveCount(0)"
openspec/changes/page-topology-cleanup/proposal.md,,tests/e2e/spec-coverage/retired-surfaces.spec.ts,the agenda compiler route no longer renders its view,verified,"No anchor, judged against the same change: the compiler heading is absent AND the router falls through to the app root, so a surviving view reddens it.",no,no,no anchor: cites a whole spec file,await expect(page).toHaveURL(/\/apps\/dossiq\/?$/)
openspec/specs/semantic-case-intake/spec.md,behandelaar-sees-the-handoff-case-with-origin,tests/e2e/spec-coverage/semantic-case-intake.spec.ts,case detail shows the handoff provenance with a source link,verified,Asserts the provenance block is visible on case detail with its 'Received via handoff' text and a source link; origin value and handoff timestamp are unasserted.,no,yes,resolves to a scenario,"await expect(provenance.getByRole('link', { name: 'Open source object' })).toHaveAttribute('href', /openregister/)"
openspec/specs/mobiel-inspectie-offline/spec.md,scenario-download-daily-schedule-with-cases-and-checklists,tests/e2e/spec-coverage/service-worker-scope.spec.ts,the worker script is served with a connect-src it can actually use,partial,"Asserts the service worker script's CSP header; none of the scenario's downloads, progress indicator, ready_offline flag or IndexedDB storage is exercised.",no,no,resolves to a scenario,expect(csp).toContain('https://service.pdok.nl')
openspec/specs/mobiel-inspectie-offline/spec.md,scenario-download-daily-schedule-with-cases-and-checklists,tests/e2e/spec-coverage/service-worker-scope.spec.ts,a request the worker CLAIMS still reaches the server,partial,"Proves the worker's fetch reaches the server; the day-sync download, progress indicator and offline marking the cited scenario requires are never driven.",no,no,resolves to a scenario,expect(outcome.type).toBe('basic')
openspec/specs/dossiq-store-surface/spec.md,,tests/e2e/spec-coverage/store-surface.spec.ts,the store entry sits in the footer between Documentation and Reports,verified,"No anchor; REQ-DSS-006 requires the Store entry in the footer between Documentation and Reports, and the test asserts that exact ordering, not mere presence.",no,no,no anchor: cites a whole spec file,"expect(store, 'Store must follow Documentation').toBeGreaterThan(documentation)"
openspec/specs/dossiq-store-surface/spec.md,,tests/e2e/spec-coverage/store-surface.spec.ts,an unconfigured instance renders the built-in templates and calls no registry,verified,"No anchor; REQ-DSS-002 requires not_configured, built-in templates and no outbound call, and all three are asserted including a zero-external-request check.",yes,no,no anchor: cites a whole spec file,"expect(external, 'an unconfigured store must make NO outbound request').toEqual([])"
openspec/specs/dossiq-store-surface/spec.md,,tests/e2e/spec-coverage/store-surface.spec.ts,the store page is reachable by direct link,partial,"No anchor; no requirement in dossiq-store-surface covers deep-link routing, so this asserts the surface mounts rather than anything the spec states.",no,no,no anchor: cites a whole spec file,"await expect(page.locator('[data-testid=""store-page""]'), 'the store page must render for a deep link').toBeVisible({ timeout: 60_000 })"
openspec/specs/case-types/spec.md,a-migrated-scheme-carries-its-fields-not-just-its-name,tests/e2e/spec-coverage/subsidieregeling-is-a-casetype.spec.ts,"both schemes exist as case types, with their fields carried",verified,"Requires at least one migrated caseType and asserts validFrom, validUntil and purpose non-empty rather than merely present.",yes,yes,resolves to a scenario,"expect(ct.validFrom, `${name}: termStart should have become validFrom`).toBeTruthy()"
openspec/specs/case-types/spec.md,the-decision-term-becomes-a-duration-not-an-integer,tests/e2e/spec-coverage/subsidieregeling-is-a-casetype.spec.ts,"requestTermWeeks became an ISO-8601 duration, not a bare integer",verified,"Pins the ISO-8601 duration format on every migrated case type, so a bare integer reddens it.",yes,yes,resolves to a scenario,"expect(String(ct.processingDeadline), `${name}: processingDeadline must be an ISO-8601 duration such as P13W`).toMatch(/^P\d+[WDMY]$/)"
openspec/specs/case-types/spec.md,an-enum-property-keeps-its-allowed-values,tests/e2e/spec-coverage/subsidieregeling-is-a-casetype.spec.ts,the enum property kept its allowed values instead of flattening,verified,"Asserts propertyType is enum AND the four allowed values survive, which is both halves of the scenario.",yes,yes,resolves to a scenario,"expect(d.enumValues, 'an enum with no enumValues is indistinguishable from a string').toEqual(expect.arrayContaining(['none', 'annually', 'halfjaarlijks', 'on_milestone']))"
openspec/specs/case-types/spec.md,the-grant-specific-properties-survive-as-property-definitions,tests/e2e/spec-coverage/subsidieregeling-is-a-casetype.spec.ts,the grant-specific properties came across as property definitions,verified,Asserts all three named properties exist as propertyDefinitions; it checks the global set rather than the ones on the migrated case type.,yes,yes,resolves to a scenario,"expect(names.has(p), `${p} should have become a propertyDefinition`).toBe(true)"
openspec/specs/case-types/spec.md,the-menu-offers-case-types-and-not-subsidy-schemes,tests/e2e/spec-coverage/subsidieregeling-is-a-casetype.spec.ts,the Subsidy schemes menu entry is gone,verified,Asserts both halves the scenario demands: the retired label absent and the Case types entry present.,no,yes,resolves to a scenario,expect(labels).not.toContain('Subsidy schemes')
openspec/specs/case-types/spec.md,the-retired-route-falls-through-rather-than-erroring,tests/e2e/spec-coverage/subsidieregeling-is-a-casetype.spec.ts,the retired route no longer renders a scheme index,verified,"Tests the retired route on the page's own create control, as the scenario prescribes, plus the no-server-error clause.",no,yes,resolves to a scenario,"await expect(page.getByRole('button', { name: /Add Subsidieregeling|Add Grant/i })).toHaveCount(0)"
openspec/specs/task-management/spec.md,view-the-global-task-list,tests/e2e/spec-coverage/task-management.spec.ts,"global task list page renders its rows and columns, and offers no add button",partial,"Proves a seeded row renders and that Subject exists as a column header, but asserts none of the six per-row fields (status, assignee, due date, priority) the scenario enumerates.",no,yes,resolves to a scenario,await expect(page.locator('tbody tr').filter({ hasText: RUN_PREFIX }).first()).toBeVisible({ timeout: 30_000 })
openspec/specs/dashboard/spec.md,dashboard-page-renders-heading-and-widget-grid,tests/e2e/spec-coverage/ui-pages.spec.ts,dashboard renders the manifest widget grid shell,partial,"The level-2 Dashboard heading is deliberately not asserted (the comment says the build renders none), leaving an attached-container check plus a no-500 assertion.",no,yes,resolves to a scenario,"await expect(page.locator('.app-content .cn-dashboard-grid, .app-content .cn-widget-grid').first()).toBeAttached({ timeout: 15000 })"
openspec/specs/case-management/spec.md,cases-index-page-renders-list-shell,tests/e2e/spec-coverage/ui-pages.spec.ts,cases index renders list shell,verified,"Asserts the Cards/Table toggle, an Add button, an Actions control and no Internal Server Error: all four of the scenario's THENs.",no,yes,resolves to a scenario,"await expect(page.getByRole('button', { name: 'Cards' })).toBeVisible({ timeout: 15000 })"
openspec/specs/doorlooptijd-dashboard/spec.md,doorlooptijd-page-renders-heading,tests/e2e/spec-coverage/ui-pages.spec.ts,doorlooptijd renders processing-time analytics heading,partial,"The scenario requires a Processing Time Analytics heading; the test asserts a different string, so the requirement as written is not what this test would redden on.",no,yes,resolves to a scenario,"name: 'Processing time',"
openspec/specs/my-work/spec.md,,tests/e2e/spec-coverage/work-navigation.spec.ts,"the work group is named after the work, and holds all five surfaces",partial,"Asserts nav labels, but the cited my-work spec covers the personal case index, cards, empty state and lenses, not nav group composition (that is nav-dedup REQ-PNDG-003).",no,no,no anchor: cites a whole spec file,"await expect(nav.getByText(label), `the navigation must offer ${label}`).toHaveCount(1, { timeout: 30_000 })"
openspec/specs/my-work/spec.md,,tests/e2e/spec-coverage/work-navigation.spec.ts,the retired labels are gone,partial,"Real label-dedup assertions, but they belong to nav-dedup REQ-PNDG-001; nothing in the cited my-work spec would break and redden this.",no,no,no anchor: cites a whole spec file,"await expect(nav.getByText(/^\s*(Cases|Zaken)\s*$/i), '""Cases"" must not survive alongside ""All cases""').toHaveCount(0)"
openspec/specs/nav-dedup-and-grouping/spec.md,,tests/e2e/spec-coverage/work-navigation.spec.ts,"Contacts is a top-level domain, not a sixth work surface",partial,"Asserts Contacts sits outside the work group; nav-dedup's own scenarios are about duplicate labels and the Work/Cases/Analytics groups, none of which this touches.",no,no,no anchor: cites a whole spec file,"await expect(contacts, 'Contacts must be in the navigation').toHaveCount(1)"
openspec/specs/my-work/spec.md,,tests/e2e/spec-coverage/work-navigation.spec.ts,the cases page stays reachable by direct link,smoke,Deep link renders a page shell and a Cases heading; nothing the my-work spec requires is asserted.,no,no,no anchor: cites a whole spec file,"await expect(page.getByRole('heading', { name: /^(Cases|Zaken)$/i }).first(), 'the deep link must land on the CASES page').toBeVisible({ timeout: 30_000 })"
openspec/specs/visual-workflow-editor/spec.md,scenario-open-workflow-editor-for-a-case-type,tests/e2e/spec-coverage/workflow-editor-canvas.spec.ts,the Workflow tab renders the canonical canvas with the configured nodes and transitions,verified,"Asserts no empty state, the three seeded statuses render as named nodes with an exact node count, and both template transitions are drawn.",no,no,resolves to a scenario,await expect(editor.locator('.workflow-transition')).toHaveCount(2)
openspec/specs/visual-workflow-editor/spec.md,scenario-keyboard-node-selection,tests/e2e/spec-coverage/workflow-editor-canvas.spec.ts,a status node on the canvas is keyboard-focusable and exposes a keyboard-operable actions menu,verified,"Asserts role=button and tabindex=0, then Enter selects one node and Space moves the selection to another and deselects the first: the scenario's claim.",no,no,resolves to a scenario,await expect(inProgress).toHaveClass(/workflow-node--selected/)
openspec/specs/visual-workflow-editor/spec.md,scenario-keyboard-add-status-node,tests/e2e/spec-coverage/workflow-editor-canvas.spec.ts,"the palette ""Add status node"" button adds a status from the keyboard",verified,"Keyboard-only activation adds a fourth node AND a fourth statusType is read back off the case type, so a node the editor merely drew would fail.",no,no,resolves to a scenario,"await expect.poll(async () => (await statusTypesOf(machine.caseTypeId)).filter((row) => seeded.has(objectId(row)) === false).length, ...).toBe(1)"
openspec/specs/dashboard/spec.md,scenario-dash-v1-006a-board-columns-reflect-status-types,tests/e2e/spec-coverage/workflow-operations.spec.ts,workflow board renders its heading and a status/empty surface,partial,"The locator accepts the no-statuses empty state, so the board can render zero columns and pass; the three columns, their order and their counts are never asserted.",no,no,resolves to a scenario,"await expect(page.locator('.board-column, .workflow-board__empty').first()).toBeVisible({ timeout: 10000 })"
openspec/specs/dashboard/spec.md,scenario-dash-v1-006a-board-columns-reflect-status-types,tests/e2e/spec-coverage/workflow-operations.spec.ts,workflow board loads without dossiq console errors,smoke,"Asserts only that the board header rendered and no dossiq console error fired; says nothing about columns, order or per-column counts.",no,no,resolves to a scenario,"expect(errors, errors.join('\n')).toEqual([])"
openspec/specs/case-map-overview/spec.md,scenario-overview-01a-display-all-cases-on-map,tests/e2e/spec-coverage/workflow-operations.spec.ts,case map renders its heading and an interactive map surface,partial,"Heading plus a locator matching any element whose class contains 'map'; markers, polygons, clustering and auto-fit are all unasserted.",no,no,resolves to a scenario,"await expect(page.locator('.leaflet-container, [class*=""map""]').first()).toBeVisible({ timeout: 10000 })"
openspec/changes/subsidieregeling-is-a-casetype/proposal.md,,tests/e2e/spec-coverage/workflow-operations.spec.ts,the retired scheme index is gone and Case types took it over,dangling,Packet reports target file does not exist: openspec/changes/subsidieregeling-is-a-casetype/proposal.md was archived away.,no,no,target file does not exist,none
openspec/specs/features-roadmap/spec.md,features-page-renders-controls,tests/e2e/spec-coverage/workflow-operations.spec.ts,features & roadmap renders heading and its action controls,verified,Asserts the roadmap toggle and the suggest-a-feature link the scenario names; the shipped feature cards clause is not covered.,no,yes,resolves to a scenario,"await expect(page.getByRole('button', { name: 'Show roadmap' })).toBeVisible()"
openspec/specs/status-transition-engine/spec.md,scenario-successful-transition-with-audit-trail,tests/e2e/workflows/case-lifecycle.spec.ts,advancing a case status persists and renders the new status,verified,"Re-reads the case and asserts the target status persisted, plus the board rendering; the audit entry and updatedAt clauses of the same scenario are not asserted here.",yes,no,resolves to a scenario,"await expect.poll(async () => String((await showObject(api, 'case', caseId)).status ?? ''), {...}).toBe(sm.statusInProgress)"
openspec/specs/dashboard/spec.md,scenario-dash-v1-006a-board-columns-reflect-status-types,tests/e2e/workflows/case-lifecycle.spec.ts,the workflow board renders a column per status type with real case rows,partial,"Asserts two status names and two seeded cards are on the board; never the three-column count, never the order, never the per-column case count.",no,no,resolves to a scenario,"await expect(page.getByText(`${RUN_PREFIX} Ontvangen`, { exact: false }).first()).toBeVisible()"
openspec/specs/status-transition-engine/spec.md,scenario-successful-transition-with-audit-trail,tests/e2e/workflows/case-lifecycle.spec.ts,"engine offers transitions, records history, and BLOCKS an invalid transition",verified,"Asserts persistence, a statusRecord audit row, the 409 with the named failed guard, the unchanged status, and no transitions from the final status.",yes,no,resolves to a scenario,"expect(ex.status, 'guard blocks the close transition while description is empty').toBe(409)"
openspec/specs/case-management/spec.md,cases-index-page-renders-list-shell,tests/e2e/workflows/cases-crud.spec.ts,a seeded case appears as a row with its title and identifier,partial,"The cited scenario is the list SHELL (view-mode toggle, Add button, Actions control); the test asserts a seeded row's title and identifier and none of those three controls.",no,yes,resolves to a scenario,await expect(row).toContainText(assignedIdentifier)
openspec/specs/case-management/spec.md,scenario-cm-06a-case-info-panel,tests/e2e/workflows/cases-crud.spec.ts,opening the row shows the case detail with its values,smoke,"test.fixme(true, 'FIXME(#719): the case DETAIL page never displays the zaaknummer...') unconditionally, so the CM-06a info panel scenario can never redden it.",no,no,resolves to a scenario,none
openspec/specs/case-management/spec.md,create-a-case,tests/e2e/workflows/cases-crud.spec.ts,creating a case via the UI form persists and lists it,dangling,Anchor #create-a-case is not found in openspec/specs/case-management/spec.md; the test is also fixme'd whenever the custom dialog does not appear.,no,no,anchor not found in target file,await expect(row).toContainText(newTitle)
openspec/specs/bezwaar-beroep-workflow/spec.md,scenario-bezwaar-index-shows-only-bezwaar-cases-with-correct-columns,tests/e2e/workflows/complaints-bezwaar.spec.ts,a seeded bezwaar appears in the list with its workflow status,smoke,"Unconditional test.fixme against a retired index: the body never runs, so no change to the bezwaar list can redden it.",no,no,resolves to a scenario,"test.fixme(true, RETIRED_INDEX)"
